index,entry,original page,page in this PDF,method
part0065,七贤60 163—70 295,60,50,term
part0065,七贤60 163—70 295,163—70,151—158,range
part0065,七贤60 163—70 295,295,269,term
part0065,大希腊176—7 215 254,176—7,163—165,range
part0065,大希腊176—7 215 254,215,197,term
part0065,大希腊176—7 215 254,254,233,term
part0065,大留士·希斯大斯比（Darius Histaspis）296,296,270,term1
part0065,小亚细亚55 162 176—7 205 206 254 317 342 346,55,45,term
part0065,小亚细亚55 162 176—7 205 206 254 317 342 346,162,150,term
part0065,小亚细亚55 162 176—7 205 206 254 317 342 346,176—7,163—165,range
part0065,小亚细亚55 162 176—7 205 206 254 317 342 346,205,189,term
part0065,小亚细亚55 162 176—7 205 206 254 317 342 346,206,190,term
part0065,小亚细亚55 162 176—7 205 206 254 317 342 346,254,232,term
part0065,小亚细亚55 162 176—7 205 206 254 317 342 346,317,289,term
part0065,小亚细亚55 162 176—7 205 206 254 317 342 346,342,312,term
part0065,小亚细亚55 162 176—7 205 206 254 317 342 346,346,317,term
part0065,马拉松（Marathon）254 342,254,233,term
part0065,马拉松（Marathon）254 342,342,313,term
part0065,马尔可（Malchus）205 208 209 218,205,189,interp
part0065,马尔可（Malchus）205 208 209 218,208,192,term1
part0065,马尔可（Malchus）205 208 209 218,209,192,term1
part0065,马尔可（Malchus）205 208 209 218,218,200,term
part0065,马尔堡（Marburg）109,109,97,term1
part0065,马海内克（Marheinecke）16,16,8,interp
part0065,马德堡（Magdeburg）84,84,74,interp
part0065,卫斯巴先（Vespasian）84,84,74,interp
part0065,中国10 87 97 116—30,10,2,term
part0065,中国10 87 97 116—30,87,77,term
part0065,中国10 87 97 116—30,97,86,term
part0065,中国10 87 97 116—30,116—30,107—119,range
part0065,孔子117—22 124—6 130,117—22,108—113,range
part0065,孔子117—22 124—6 130,124—6,114—116,range
part0065,孔子117—22 124—6 130,130,119,term
part0065,尤比德（Jupiter）206 232,206,189,term
part0065,尤比德（Jupiter）206 232,232,213,term1
part0065,尤巴（Juba）127—9,127—9,116—118,range
part0065,巴比伦（Babylon）84,84,74,interp
part0065,巴门尼德（Parmenides）177 197 253—5 260 261—70,177,165,term
part0065,巴门尼德（Parmenides）177 197 253—5 260 261—70,197,182,term
part0065,巴门尼德（Parmenides）177 197 253—5 260 261—70,253—5,231—234,range
part0065,巴门尼德（Parmenides）177 197 253—5 260 261—70,260,238,term
part0065,巴门尼德（Parmenides）177 197 253—5 260 261—70,261—70,238—247,range
part0065,巴门尼德（Parmenides）177 197 253—5 260 261—70,271—4,247—251,range
part0065,巴门尼德（Parmenides）177 197 253—5 260 261—70,278—9,254—255,range
part0065,巴门尼德（Parmenides）177 197 253—5 260 261—70,294,269,term
part0065,巴门尼德（Parmenides）177 197 253—5 260 261—70,317,289,term
part0065,巴门尼德（Parmenides）177 197 253—5 260 261—70,328,299,term
part0065,巴门尼德（Parmenides）177 197 253—5 260 261—70,342,313,term
part0065,巴门尼德（Parmenides）177 197 253—5 260 261—70,85,75,term
part0065,巴门尼德（Parmenides）177 197 253—5 260 261—70,174,162,term
part0065,巴门尼德（Parmenides）177 197 253—5 260 261—70,262,239,term
part0065,巴门尼德（Parmenides）177 197 253—5 260 261—70,272,248,term
part0065,巴门尼德（Parmenides）177 197 253—5 260 261—70,277,253,term
part0065,巴门尼德（Parmenides）177 197 253—5 260 261—70,278,254,term
part0065,巴纽宁（Panionium）165,165,153,term1
part0065,巴特罗克鲁（Patroklus）245,245,224,term1
part0065,巴勒斯坦（Palästina）73,73,64,term1
part0065,巴斯喀尔（Pascal）91,91,80,term1
part0065,巴黎118 123,118,109,interp
part0065,巴黎118 123,123,113,interp
part0065,文王119,119,110,term1
part0065,文德（Wendt）108 111,108,96,term
part0065,文德（Wendt）108 111,111,99,term1
part0065,文艺复兴50 60 109,50,40,term
part0065,文艺复兴50 60 109,60,51,term
part0065,文艺复兴50 60 109,109,97,term
part0065,日耳曼3 4 55 98—100 103 107 157,3,,none
part0065,日耳曼3 4 55 98—100 103 107 157,4,,none
part0065,日耳曼3 4 55 98—100 103 107 157,55,46,term
part0065,日耳曼3 4 55 98—100 103 107 157,98—100,87—89,range
part0065,日耳曼3 4 55 98—100 103 107 157,103,92,term
part0065,日耳曼3 4 55 98—100 103 107 157,107,95,term
part0065,日耳曼3 4 55 98—100 103 107 157,157,145,term
part0065,比亚士（Bias）163—5 180,163—5,151—154,range
part0065,比亚士（Bias）163—5 180,180,168,term
part0065,毛里丹尼亚（Mauretanien）129,129,118,term1
part0065,牛顿（Newton）61 290,61,51,term
part0065,牛顿（Newton）61 290,290,265,term
part0065,犬儒派（Cyniker）131 282,131,120,term
part0065,犬儒派（Cyniker）131 282,282,257,term
part0065,贝耳（Bel）84,84,74,term
part0065,贝西斯特拉德（Pisistratos）165—8 344,165—8,153—156,range
part0065,贝西斯特拉德（Pisistratos）165—8 344,344,315,term
part0065,贝尔（PierreBayle）283,283,259,term1
part0065,仓克勒（Zankle）254,254,233,term1
part0065,《书经》120 121—2,120,110,term
part0065,《书经》120 121—2,121—2,111—113,range
part0065,乌拉诺（Uranos）114,114,106,term1
part0065,乌尔夫（Wolf）47 116,47,38,term
part0065,乌尔夫（Wolf）47 116,116,107,term
part0065,邓尼曼（Tennemann）21 108 110—1 181 189 194 2,21,13,term
part0065,邓尼曼（Tennemann）21 108 110—1 181 189 194 2,108,96,term
part0065,邓尼曼（Tennemann）21 108 110—1 181 189 194 2,110—1,98—99,range
part0065,邓尼曼（Tennemann）21 108 110—1 181 189 194 2,181,168,term
part0065,邓尼曼（Tennemann）21 108 110—1 181 189 194 2,189,175,interp
part0065,邓尼曼（Tennemann）21 108 110—1 181 189 194 2,194,180,interp
part0065,邓尼曼（Tennemann）21 108 110—1 181 189 194 2,205,189,interp
part0065,邓尼曼（Tennemann）21 108 110—1 181 189 194 2,254,233,term
part0065,邓尼曼（Tennemann）21 108 110—1 181 189 194 2,258,236,term
part0065,邓尼曼（Tennemann）21 108 110—1 181 189 194 2,293,268,term
part0065,邓尼曼（Tennemann）21 108 110—1 181 189 194 2,331,302,term
part0065,正理论133 146,133,122,term
part0065,正理论133 146,146,135,term
part0065,世主（Prajāpatis）138,138,127,term1
part0065,北京123,123,113,interp
part0065,北美洲50,50,41,term1
part0065,卡巴拉派（Kabbalische Schule）110,110,98,term1
part0065,卡塞尔（Kassel）84,84,74,interp
part0065,卡隆达（Charondas）210,210,193,term1
part0065,卡骚滂（Casaubonus）210 262,210,193,interp
part0065,卡骚滂（Casaubonus）210 262,262,240,interp
part0065,加丹纳（Catana）254,254,233,term1
part0065,古布累（Couplet）118,118,109,interp
part0065,古桑（Cousin）295,295,270,interp
part0065,史奈德（Schneider）297,297,272,interp
part0065,史莱尔马赫（Schleiermacher）296,296,271,term1
part0065,尼各马可（Nicomachus）232,232,213,term1
part0065,尼耶也（Nyāya）133 146—7 149,133,122,term
part0065,尼耶也（Nyāya）133 146—7 149,146—7,134—136,range
part0065,尼耶也（Nyāya）133 146—7 149,149,137,term
part0065,尼罗河181,181,168,term1
part0065,布勒（Buhle）110,110,98,term1
part0065,布特曼（Buttmann）296,296,271,term1
part0065,布鲁克尔（Brucker）47—8 109 194,47—8,37—39,range
part0065,布鲁克尔（Brucker）47—8 109 194,109,97,term
part0065,布鲁克尔（Brucker）47—8 109 194,194,180,interp
part0065,布鲁诺（Bruno）110,110,98,term1
part0065,布兰狄斯（Brandis）254 260 264 269,254,233,term1
part0065,布兰狄斯（Brandis）254 260 264 269,260,238,interp
part0065,布兰狄斯（Brandis）254 260 264 269,264,241,interp
part0065,布兰狄斯（Brandis）254 260 264 269,269,245,interp
part0065,弗拉特（Flatt）193,193,179,term1
part0065,札留古（Zaleukus）165 210,165,153,term1
part0065,札留古（Zaleukus）165 210,210,193,term
part0065,札摩尔克锡（Zamolxis）205,205,189,term
part0065,皮罗（Pyrrhon）175 316,175,163,term1
part0065,皮罗（Pyrrhon）175 316,316,288,term
part0065,印度64 116—7 245；~宗教 64 87—8；~哲学 64 98 116,64,55,term
part0065,印度64 116—7 245；~宗教 64 87—8；~哲学 64 98 116,116—7,107—109,range
part0065,印度64 116—7 245；~宗教 64 87—8；~哲学 64 98 116,245,224,term
part0065,印度64 116—7 245；~宗教 64 87—8；~哲学 64 98 116,64,55,term
part0065,印度64 116—7 245；~宗教 64 87—8；~哲学 64 98 116,87—8,76—78,range
part0065,印度64 116—7 245；~宗教 64 87—8；~哲学 64 98 116,64,55,term
part0065,印度64 116—7 245；~宗教 64 87—8；~哲学 64 98 116,98,86,term
part0065,印度64 116—7 245；~宗教 64 87—8；~哲学 64 98 116,116,107,term
part0065,印度64 116—7 245；~宗教 64 87—8；~哲学 64 98 116,131—53,119—141,range
part0065,印度64 116—7 245；~宗教 64 87—8；~哲学 64 98 116,170,157,term
part0065,印度64 116—7 245；~宗教 64 87—8；~哲学 64 98 116,67,57,term
part0065,印度64 116—7 245；~宗教 64 87—8；~哲学 64 98 116,95,84,term
part0065,印度64 116—7 245；~宗教 64 87—8；~哲学 64 98 116,161,150,term
part0065,印度64 116—7 245；~宗教 64 87—8；~哲学 64 98 116,206,190,term
part0065,印度64 116—7 245；~宗教 64 87—8；~哲学 64 98 116,227,208,term
part0065,卢热孟（Rougemont）118,118,109,interp
part0065,兰兹沪（Landshut）111,111,99,term1
part0065,兰普萨克（Lampsakus）349,349,319,term1
part0065,艾比美尼德（Epimenides）163 350,163,151,term1
part0065,艾比美尼德（Epimenides）163 350,350,321,term
part0065,艾特纳（Aetna）318,318,290,term1
part0065,伏尔夫（Wolf）296 317,296,271,term
part0065,伏尔夫（Wolf）296 317,317,289,term
part0065,伏羲87 118,87,77,term
part0065,伏羲87 118,118,109,term
part0065,伊西斯（Isis）82 232,82,72,interp
part0065,伊西斯（Isis）82 232,232,213,term1
part0065,《伊利亚德》（Iliad）245,245,224,interp
part0065,伊奥尼亚（Ionien）165；~邦 55 165 179；~族 176；~方言,165,153,term
part0065,伊奥尼亚（Ionien）165；~邦 55 165 179；~族 176；~方言,55,45,term
part0065,伊奥尼亚（Ionien）165；~邦 55 165 179；~族 176；~方言,165,153,term
part0065,伊奥尼亚（Ionien）165；~邦 55 165 179；~族 176；~方言,179,166,term
part0065,伊奥尼亚（Ionien）165；~邦 55 165 179；~族 176；~方言,176,164,term
part0065,伊奥尼亚（Ionien）165；~邦 55 165 179；~族 176；~方言,198,183,term1
part0065,伊奥尼亚（Ionien）165；~邦 55 165 179；~族 176；~方言,162,150,term
part0065,伊奥尼亚（Ionien）165；~邦 55 165 179；~族 176；~方言,177,164,term
part0065,伊奥尼亚（Ionien）165；~邦 55 165 179；~族 176；~方言,293,268,term
part0065,伊奥尼亚（Ionien）165；~邦 55 165 179；~族 176；~方言,302,276,term
part0065,伊奥尼亚（Ionien）165；~邦 55 165 179；~族 176；~方言,342,313,term
part0065,伊奥尼亚（Ionien）165；~邦 55 165 179；~族 176；~方言,352,322,term
part0065,伊奥尼亚（Ionien）165；~邦 55 165 179；~族 176；~方言,55,45,term
part0065,伊奥尼亚（Ionien）165；~邦 55 165 179；~族 176；~方言,177—8,164—166,range
part0065,伊奥尼亚（Ionien）165；~邦 55 165 179；~族 176；~方言,200,184,term
part0065,伊奥尼亚（Ionien）165；~邦 55 165 179；~族 176；~方言,60,50,term
part0065,伊奥尼亚（Ionien）165；~邦 55 165 179；~族 176；~方言,48,39,term1
part0065,伊璧鸠鲁（Epikur）331；~哲学 50 171；~派 21 23 175 ,331,301,term
part0065,伊璧鸠鲁（Epikur）331；~哲学 50 171；~派 21 23 175 ,50,41,term1
part0065,伊璧鸠鲁（Epikur）331；~哲学 50 171；~派 21 23 175 ,171,159,term
part0065,伊璧鸠鲁（Epikur）331；~哲学 50 171；~派 21 23 175 ,21,12,term
part0065,伊璧鸠鲁（Epikur）331；~哲学 50 171；~派 21 23 175 ,23,14,term
part0065,伊璧鸠鲁（Epikur）331；~哲学 50 171；~派 21 23 175 ,175,163,term
part0065,伊璧鸠鲁（Epikur）331；~哲学 50 171；~派 21 23 175 ,193,179,interp
part0065,伊璧鸠鲁（Epikur）331；~哲学 50 171；~派 21 23 175 ,197,182,term
part0065,共济会（Freimauer）40 86 207,40,31,term
part0065,共济会（Freimauer）40 86 207,86,76,term
part0065,共济会（Freimauer）40 86 207,207,190,term
part0065,因陀罗（Indra）135 138,135,123,term
part0065,因陀罗（Indra）135 138,138,127,term
part0065,多里亚（Dorien）165 343,165,153,term1
part0065,多里亚（Dorien）165 343,343,314,term
part0065,多德威尔（Dodwell）317,317,289,term1
part0065,安那尼亚（Ananias）23,23,15,term1
part0065,米耳底亚德（Miltiades）164,164,152,term1
part0065,米希勒（Michelet）4,4,,none
part0065,米利都（Milet）179 192—3 198 326,179,167,term
part0065,米利都（Milet）179 192—3 198 326,192—3,178—179,range
part0065,米利都（Milet）179 192—3 198 326,198,182,term
part0065,米利都（Milet）179 192—3 198 326,326,297,term
part0065,米底勒尼（Mitylene）168,168,156,term1
part0065,米特拉（Mithra）82—3,82—3,71—73,range
part0065,米隆（Milon）214,214,196,interp
part0065,老子122 124—8,122,113,term
part0065,老子122 124—8,124—8,114—118,range
part0065,自在天（ī.vara）137 143,137,125,term
part0065,自在天（ī.vara）137 143,143,131,term
part0065,色雷斯（Thracien）326 338 345,326,297,term
part0065,色雷斯（Thracien）326 338 345,338,309,term
part0065,色雷斯（Thracien）326 338 345,345,316,term
part0065,西西里（Sicilien）177 254 272 317,177,165,term
part0065,西西里（Sicilien）177 254 272 317,254,233,term
part0065,西西里（Sicilien）177 254 272 317,272,248,term
part0065,西西里（Sicilien）177 254 272 317,317,289,term
part0065,西里西亚（Cilicien）176,176,164,term1
part0065,西班牙99,99,88,term1
part0065,西塞罗（Ciceron）22 52 90—2 118 175 192—4 198,22,14,term
part0065,西塞罗（Ciceron）22 52 90—2 118 175 192—4 198,52,43,term
part0065,西塞罗（Ciceron）22 52 90—2 118 175 192—4 198,90—2,79—82,range
part0065,西塞罗（Ciceron）22 52 90—2 118 175 192—4 198,118,109,term
part0065,西塞罗（Ciceron）22 52 90—2 118 175 192—4 198,175,163,term
part0065,西塞罗（Ciceron）22 52 90—2 118 175 192—4 198,192—4,178—180,range
part0065,西塞罗（Ciceron）22 52 90—2 118 175 192—4 198,198,183,interp
part0065,西塞罗（Ciceron）22 52 90—2 118 175 192—4 198,240,219,term
part0065,西塞罗（Ciceron）22 52 90—2 118 175 192—4 198,255,233,term
part0065,西塞罗（Ciceron）22 52 90—2 118 175 192—4 198,297,271,term
part0065,芝诺（Zenon）177 253—4 257 261—2 271—93 293—,177,165,term
part0065,芝诺（Zenon）177 253—4 257 261—2 271—93 293—,253—4,231—233,range
part0065,芝诺（Zenon）177 253—4 257 261—2 271—93 293—,257,235,term
part0065,芝诺（Zenon）177 253—4 257 261—2 271—93 293—,261—2,238—240,range
part0065,芝诺（Zenon）177 253—4 257 261—2 271—93 293—,271—93,247—268,range
part0065,芝诺（Zenon）177 253—4 257 261—2 271—93 293—,293—4,267—269,range
part0065,芝诺（Zenon）177 253—4 257 261—2 271—93 293—,300,274,term
part0065,芝诺（Zenon）177 253—4 257 261—2 271—93 293—,317,289,term
part0065,芝诺（Zenon）177 253—4 257 261—2 271—93 293—,319,291,term
part0065,芝诺（Zenon）177 253—4 257 261—2 271—93 293—,326,297,term
part0065,芝诺（Zenon）177 253—4 257 261—2 271—93 293—,342,313,term
part0065,吕古尔各（Lykurg）165,165,153,term1
part0065,吕底亚（Lydien）162 180,162,150,term
part0065,吕底亚（Lydien）162 180,180,167,term
part0065,吕桑德（Lysander）347,347,317,term1
part0065,亚里士多德（Aristoteles）47 49 50 53 86 110 133,47,38,term
part0065,亚里士多德（Aristoteles）47 49 50 53 86 110 133,49,40,term
part0065,亚里士多德（Aristoteles）47 49 50 53 86 110 133,50,40,term
part0065,亚里士多德（Aristoteles）47 49 50 53 86 110 133,53,43,term
part0065,亚里士多德（Aristoteles）47 49 50 53 86 110 133,86,75,term
part0065,亚里士多德（Aristoteles）47 49 50 53 86 110 133,110,98,term
part0065,亚里士多德（Aristoteles）47 49 50 53 86 110 133,133,122,term
part0065,亚里士多德（Aristoteles）47 49 50 53 86 110 133,170—6,157,range
part0065,亚里士多德（Aristoteles）47 49 50 53 86 110 133,182,169,term
part0065,亚里士多德（Aristoteles）47 49 50 53 86 110 133,183,170,term
part0065,亚里士多德（Aristoteles）47 49 50 53 86 110 133,189,175,term
part0065,亚里士多德（Aristoteles）47 49 50 53 86 110 133,191—2,177—178,range
part0065,亚里士多德（Aristoteles）47 49 50 53 86 110 133,194,180,term
part0065,亚里士多德（Aristoteles）47 49 50 53 86 110 133,197,182,term
part0065,亚里士多德（Aristoteles）47 49 50 53 86 110 133,199—204,183—188,range
part0065,亚里士多德（Aristoteles）47 49 50 53 86 110 133,217—21,198—203,range
part0065,亚里士多德（Aristoteles）47 49 50 53 86 110 133,223—4,204—206,range
part0065,亚里士多德（Aristoteles）47 49 50 53 86 110 133,226—7,207—209,range
part0065,亚里士多德（Aristoteles）47 49 50 53 86 110 133,232—4,212—215,range
part0065,亚里士多德（Aristoteles）47 49 50 53 86 110 133,240—3,220—223,range
part0065,亚里士多德（Aristoteles）47 49 50 53 86 110 133,245—6,224—226,range
part0065,亚里士多德（Aristoteles）47 49 50 53 86 110 133,250,229,term
part0065,亚里士多德（Aristoteles）47 49 50 53 86 110 133,266,243,term
part0065,亚里士多德（Aristoteles）47 49 50 53 86 110 133,268,245,term
part0065,亚里士多德（Aristoteles）47 49 50 53 86 110 133,270—1,246—248,range
part0065,亚里士多德（Aristoteles）47 49 50 53 86 110 133,275,251,term
part0065,亚里士多德（Aristoteles）47 49 50 53 86 110 133,280—2,255—258,range
part0065,亚里士多德（Aristoteles）47 49 50 53 86 110 133,283,259,term
part0065,亚里士多德（Aristoteles）47 49 50 53 86 110 133,287—90,262—265,range
part0065,亚里士多德（Aristoteles）47 49 50 53 86 110 133,294,268,term
part0065,亚里士多德（Aristoteles）47 49 50 53 86 110 133,297—300,271—274,range
part0065,亚里士多德（Aristoteles）47 49 50 53 86 110 133,302,276,term
part0065,亚里士多德（Aristoteles）47 49 50 53 86 110 133,306,280,term
part0065,亚里士多德（Aristoteles）47 49 50 53 86 110 133,310,283,term
part0065,亚里士多德（Aristoteles）47 49 50 53 86 110 133,317,289,term
part0065,亚里士多德（Aristoteles）47 49 50 53 86 110 133,319—26,290—298,range
part0065,亚里士多德（Aristoteles）47 49 50 53 86 110 133,331,302,term
part0065,亚里士多德（Aristoteles）47 49 50 53 86 110 133,335—6,305—307,range
part0065,亚里士多德（Aristoteles）47 49 50 53 86 110 133,340,311,term
part0065,亚里士多德（Aristoteles）47 49 50 53 86 110 133,350—2,320—323,range
part0065,亚里士多德（Aristoteles）47 49 50 53 86 110 133,356—60,326—330,range
part0065,亚里士多德（Aristoteles）47 49 50 53 86 110 133,363,333,term
part0065,亚里士多德（Aristoteles）47 49 50 53 86 110 133,372,341,term
part0065,亚细亚158 206 215,158,146,term
part0065,亚细亚158 206 215,206,190,term
part0065,亚细亚158 206 215,215,197,term
part0065,亚当（Adam）104,104,92,term1
part0065,亚历山大（Alexander）84,84,74,interp
part0065,亚历山大，阿弗罗狄人（Alexunder Aphrodisiensis）201,201,185,interp
part0065,亚历山大里亚（Alexandria）55 81 102,55,46,term
part0065,亚历山大里亚（Alexandria）55 81 102,81,71,term
part0065,亚历山大里亚（Alexandria）55 81 102,102,90,term
part0065,约瑟夫（Josephus）84,84,74,interp
part0065,约维斯（Jovis）127 129,127,117,term1
part0065,约维斯（Jovis）127 129,129,118,term
part0065,伦敦108 132,108,96,term1
part0065,伦敦108 132,132,120,interp
part0065,毕大各（Pittakos）165 168,165,153,interp
part0065,毕大各（Pittakos）165 168,168,156,term
part0065,毕洛斯（Pyrrhos）245,245,224,term1
part0065,毕封（Buffon）197,197,182,term
part0065,毕泰戈拉（Pythagoras）60 71 87 176—7 181 194 1,60,51,term
part0065,毕泰戈拉（Pythagoras）60 71 87 176—7 181 194 1,71,61,term
part0065,毕泰戈拉（Pythagoras）60 71 87 176—7 181 194 1,87,76,term
part0065,毕泰戈拉（Pythagoras）60 71 87 176—7 181 194 1,176—7,163—165,range
part0065,毕泰戈拉（Pythagoras）60 71 87 176—7 181 194 1,181,168,term
part0065,毕泰戈拉（Pythagoras）60 71 87 176—7 181 194 1,194,179,term
part0065,毕泰戈拉（Pythagoras）60 71 87 176—7 181 194 1,199,184,term
part0065,毕泰戈拉（Pythagoras）60 71 87 176—7 181 194 1,254,232,term
part0065,毕泰戈拉（Pythagoras）60 71 87 176—7 181 194 1,255,234,term
part0065,毕泰戈拉（Pythagoras）60 71 87 176—7 181 194 1,268,245,term
part0065,毕泰戈拉（Pythagoras）60 71 87 176—7 181 194 1,270,246,term
part0065,毕泰戈拉（Pythagoras）60 71 87 176—7 181 194 1,312,285,term
part0065,毕泰戈拉（Pythagoras）60 71 87 176—7 181 194 1,317,289,term
part0065,毕泰戈拉（Pythagoras）60 71 87 176—7 181 194 1,64,55,term
part0065,毕泰戈拉（Pythagoras）60 71 87 176—7 181 194 1,203—52,186—231,range
part0065,毕泰戈拉（Pythagoras）60 71 87 176—7 181 194 1,87,76,term
part0065,毕泰戈拉（Pythagoras）60 71 87 176—7 181 194 1,178,166,term
part0065,毕泰戈拉（Pythagoras）60 71 87 176—7 181 194 1,261,239,term
part0065,毕泰戈拉（Pythagoras）60 71 87 176—7 181 194 1,268,245,term
part0065,毕泰戈拉（Pythagoras）60 71 87 176—7 181 194 1,293,268,term
part0065,毕泰戈拉（Pythagoras）60 71 87 176—7 181 194 1,295,269,term
part0065,毕泰戈拉（Pythagoras）60 71 87 176—7 181 194 1,316,289,term
part0065,毕泰戈拉（Pythagoras）60 71 87 176—7 181 194 1,319,291,term
part0065,乔达摩（Gotama）133 146—7 149,133,122,term
part0065,乔达摩（Gotama）133 146—7 149,146—7,134—136,range
part0065,乔达摩（Gotama）133 146—7 149,149,137,term
part0065,《会饮》篇301,301,275,term
part0065,《论语》117,117,109,term1
part0065,优利披德（Euripides）88,88,78,term1
part0065,优摩尔披德族（Eumolpidische Familie）4 216,4,,none
part0065,优摩尔披德族（Eumolpidische Familie）4 216,216,198,term1
part0065,迈纳斯（Meiners）179,179,167,term1
part0065,克贝斯（Cebes）262,262,240,term1
part0065,克拉左美尼（Klazomene）340 342 350,340,311,interp
part0065,克拉左美尼（Klazomene）340 342 350,342,313,term
part0065,克拉左美尼（Klazomene）340 342 350,350,320,term
part0065,《克拉底鲁》篇（Kratylus）293,293,268,interp
part0065,克须兰（Xyland）82 307,82,72,interp
part0065,克须兰（Xyland）82 307,307,280,interp
part0065,克娄布鲁（Kleobulos）163,163,151,term1
part0065,克娄苏（Krösus）162 164 169—70 179,162,150,term
part0065,克娄苏（Krösus）162 164 169—70 179,164,152,term
part0065,克娄苏（Krösus）162 164 169—70 179,169—70,156—158,range
part0065,克娄苏（Krösus）162 164 169—70 179,179,166,term
part0065,克雷门，亚历山大里亚的（Clemens Alexandriensis）255 3,255,233,interp
part0065,克雷门，亚历山大里亚的（Clemens Alexandriensis）255 3,306—7,279—281,range
part0065,克罗依采尔（Kreuzer）81 296,81,71,interp
part0065,克罗依采尔（Kreuzer）81 296,296,271,term1
part0065,克罗顿（Kroton）181 208—9 214—5,181,168,term
part0065,克罗顿（Kroton）181 208—9 214—5,208—9,191—193,range
part0065,克罗顿（Kroton）181 208—9 214—5,214—5,196—197,range
part0065,克罗诺（Chronos）114,114,106,term1
part0065,利物浦（Liverpool）60,60,50,term1
part0065,伽桑第（Pierre Gassendi）50 333,50,41,term1
part0065,伽桑第（Pierre Gassendi）50 333,333,304,term
part0065,伯奈特（Burnett）263 266 268,263,241,interp
part0065,伯奈特（Burnett）263 266 268,266,243,interp
part0065,伯奈特（Burnett）263 266 268,268,245,interp
part0065,伯罗奔尼撒（Peloponisus）176 326,176,164,term
part0065,伯罗奔尼撒（Peloponisus）176 326,326,297,term
part0065,佛124,124,114,interp
part0065,佛教122 124 129,122,113,term
part0065,佛教122 124 129,124,114,term
part0065,佛教122 124 129,129,118,term
part0065,努马（Numa）165,165,153,term1
part0065,吠世师迦（Vai.es·ika）146,146,135,term1
part0065,吠陀（Vedas）132—6 141 146,132—6,120—124,range
part0065,吠陀（Vedas）132—6 141 146,141,130,term
part0065,吠陀（Vedas）132—6 141 146,146,135,term
part0065,希巴索（Hippasus）200,200,184,interp
part0065,希伯来129,129,118,term1
part0065,希雷格尔（Friedrich von Schlegel）62 134,62,53,term1
part0065,希雷格尔（Friedrich von Schlegel）62 134,134,122,interp
part0065,希波格拉底（Hippokrates）297,297,272,term1
part0065,希波战争342 345,342,313,term
part0065,希波战争342 345,345,316,term
part0065,希罗尼摩（Heronymus）180,180,167,term1
part0065,希腊20 27 45 55 57—8 60 63 65 69 71 77 81 ,20,12,term
part0065,希腊20 27 45 55 57—8 60 63 65 69 71 77 81 ,27,19,term
part0065,希腊20 27 45 55 57—8 60 63 65 69 71 77 81 ,45,36,term
part0065,希腊20 27 45 55 57—8 60 63 65 69 71 77 81 ,55,45,term
part0065,希腊20 27 45 55 57—8 60 63 65 69 71 77 81 ,57—8,47—49,range
part0065,希腊20 27 45 55 57—8 60 63 65 69 71 77 81 ,60,50,term
part0065,希腊20 27 45 55 57—8 60 63 65 69 71 77 81 ,63,54,term
part0065,希腊20 27 45 55 57—8 60 63 65 69 71 77 81 ,65,56,term
part0065,希腊20 27 45 55 57—8 60 63 65 69 71 77 81 ,69,59,term
part0065,希腊20 27 45 55 57—8 60 63 65 69 71 77 81 ,71,61,term
part0065,希腊20 27 45 55 57—8 60 63 65 69 71 77 81 ,77,67,term
part0065,希腊20 27 45 55 57—8 60 63 65 69 71 77 81 ,81,71,interp
part0065,希腊20 27 45 55 57—8 60 63 65 69 71 77 81 ,115,107,term
part0065,希腊20 27 45 55 57—8 60 63 65 69 71 77 81 ,157,145,term
part0065,希腊20 27 45 55 57—8 60 63 65 69 71 77 81 ,160—3,148—152,range
part0065,希腊20 27 45 55 57—8 60 63 65 69 71 77 81 ,207,191,term
part0065,希腊20 27 45 55 57—8 60 63 65 69 71 77 81 ,212,195,term
part0065,希腊20 27 45 55 57—8 60 63 65 69 71 77 81 ,214—6,196—198,range
part0065,希腊20 27 45 55 57—8 60 63 65 69 71 77 81 ,245,224,term
part0065,希腊20 27 45 55 57—8 60 63 65 69 71 77 81 ,342,312,term
part0065,希腊20 27 45 55 57—8 60 63 65 69 71 77 81 ,343—5,313—316,range
part0065,希腊20 27 45 55 57—8 60 63 65 69 71 77 81 ,73,64,term
part0065,希腊20 27 45 55 57—8 60 63 65 69 71 77 81 ,88,77,term
part0065,希腊20 27 45 55 57—8 60 63 65 69 71 77 81 ,99,88,term
part0065,希腊20 27 45 55 57—8 60 63 65 69 71 77 81 ,157—71,145—159,range
part0065,希腊20 27 45 55 57—8 60 63 65 69 71 77 81 ,341,312,term
part0065,希腊20 27 45 55 57—8 60 63 65 69 71 77 81 ,114,106,term
part0065,希腊20 27 45 55 57—8 60 63 65 69 71 77 81 ,125,115,term
part0065,希腊20 27 45 55 57—8 60 63 65 69 71 77 81 ,127,117,term
part0065,希腊20 27 45 55 57—8 60 63 65 69 71 77 81 ,129,118,term
part0065,希腊20 27 45 55 57—8 60 63 65 69 71 77 81 ,131,120,term
part0065,希腊20 27 45 55 57—8 60 63 65 69 71 77 81 ,157—62,145—151,range
part0065,希腊20 27 45 55 57—8 60 63 65 69 71 77 81 ,164—7,152—155,range
part0065,希腊20 27 45 55 57—8 60 63 65 69 71 77 81 ,187,174,term
part0065,希腊20 27 45 55 57—8 60 63 65 69 71 77 81 ,205—6,188—190,range
part0065,李克斯纳（Rixer）111,111,99,term1
part0065,李美尔（Riemer）356,356,326,term1
part0065,李普修（Lipsius）50,50,41,term1
part0065,李维（Livius）112,112,100,term1
part0065,狄洛（Delos）245,245,224,term1
part0065,狄底梅（Didyme）181,181,168,term1
part0065,狄奥尼修（Dionysius）55,55,45,term1
part0065,谷申（G.schen）317,317,289,term1
part0065,辛采罗（Syncellus）84,84,74,interp
part0065,辛普里丘（Simplicius）176 195—6 198 263 267 27,176,164,term1
part0065,辛普里丘（Simplicius）176 195—6 198 263 267 27,195—6,180—181,range
part0065,辛普里丘（Simplicius）176 195—6 198 263 267 27,198,183,term
part0065,辛普里丘（Simplicius）176 195—6 198 263 267 27,263,240,term
part0065,辛普里丘（Simplicius）176 195—6 198 263 267 27,267,244,term
part0065,辛普里丘（Simplicius）176 195—6 198 263 267 27,270,246,term
part0065,辛普里丘（Simplicius）176 195—6 198 263 267 27,280,256,term
part0065,辛普里丘（Simplicius）176 195—6 198 263 267 27,326,297,term
part0065,里特斯胡斯（Riltershus）205,205,189,interp
part0065,邵巴赫（Schaubach）340,340,311,interp
part0065,阿布德拉（Abdera）326 338—339,326,297,term
part0065,阿布德拉（Abdera）326 338—339,338—339,309—310,range
part0065,阿古西劳（Akusilaus）163,163,151,term1
part0065,阿米尼亚（Aminias）261,261,239,term1
part0065,阿米欧（Amiot）118 123,118,109,interp
part0065,阿米欧（Amiot）118 123,123,113,interp
part0065,阿利曼（Ahriman）82—3 114,82—3,71—73,range
part0065,阿利曼（Ahriman）82—3 114,114,106,term1
part0065,阿克拉伽（Akragas）318,318,290,term1
part0065,阿那卡尔锡（Anacharsis）163,163,151,term1
part0065,阿那克西美尼（Anaximenes）177 183 198—203 205 34,177,165,term
part0065,阿那克西美尼（Anaximenes）177 183 198—203 205 34,183,170,term
part0065,阿那克西美尼（Anaximenes）177 183 198—203 205 34,198—203,182—187,range
part0065,阿那克西美尼（Anaximenes）177 183 198—203 205 34,205,189,term
part0065,阿那克西美尼（Anaximenes）177 183 198—203 205 34,342,313,term
part0065,阿那克西曼德（Anaximander）47 177 183 193—7 198 ,47,38,term
part0065,阿那克西曼德（Anaximander）47 177 183 193—7 198 ,177,165,term
part0065,阿那克西曼德（Anaximander）47 177 183 193—7 198 ,183,170,term
part0065,阿那克西曼德（Anaximander）47 177 183 193—7 198 ,193—7,178—182,range
part0065,阿那克西曼德（Anaximander）47 177 183 193—7 198 ,198,182,term
part0065,阿那克西曼德（Anaximander）47 177 183 193—7 198 ,202,186,term
part0065,阿那克西曼德（Anaximander）47 177 183 193—7 198 ,205—6,188—190,range
part0065,阿那克西曼德（Anaximander）47 177 183 193—7 198 ,212,195,term
part0065,阿那克西曼德（Anaximander）47 177 183 193—7 198 ,254,232,term
part0065,阿那克西曼德（Anaximander）47 177 183 193—7 198 ,261,239,term
part0065,阿那克西曼德（Anaximander）47 177 183 193—7 198 ,347,317,term
part0065,阿那克雷恩（Anakreon）194,194,179,term1
part0065,阿那克萨戈拉（Anaxagoras）172 177— 8 192 195 199,172,161,term
part0065,阿那克萨戈拉（Anaxagoras）172 177— 8 192 195 199,177,165,term
part0065,阿那克萨戈拉（Anaxagoras）172 177— 8 192 195 199,8,,none
part0065,阿那克萨戈拉（Anaxagoras）172 177— 8 192 195 199,192,178,term
part0065,阿那克萨戈拉（Anaxagoras）172 177— 8 192 195 199,195,180,term
part0065,阿那克萨戈拉（Anaxagoras）172 177— 8 192 195 199,199,184,term
part0065,阿那克萨戈拉（Anaxagoras）172 177— 8 192 195 199,310,283,term
part0065,阿那克萨戈拉（Anaxagoras）172 177— 8 192 195 199,317,289,term
part0065,阿那克萨戈拉（Anaxagoras）172 177— 8 192 195 199,320,292,term
part0065,阿那克萨戈拉（Anaxagoras）172 177— 8 192 195 199,338,309,term
part0065,阿那克萨戈拉（Anaxagoras）172 177— 8 192 195 199,340—373,310—342,range
part0065,阿拉伯107,107,95,term1
part0065,阿里斯多克森（Aristoxenus）224,224,205,interp
part0065,阿里斯多芬（Aristophanes）348,348,318,interp
part0065,阿波罗（Apollon）181 245,181,168,term
part0065,阿波罗（Apollon）181 245,245,224,term
part0065,阿波罗多洛（Apollodoros）194 198,194,179,term
part0065,阿波罗多洛（Apollodoros）194 198,198,183,term
part0065,阿波罗纽，底亚纳的（Apollonius von Tyane）209,209,192,term1
part0065,阿修利（ā.uri）133,133,122,term1
part0065,阿马西（Amasis）206,206,190,term
part0065,阿耆尼（Agnī）133,133,122,term1
part0065,阿格里根特（Agrigentin）215 317—8,215,197,term
part0065,阿格里根特（Agrigentin）215 317—8,317—8,288—290,range
part0065,阿基里斯（Achilles）287,287,262,term1
part0065,阿斯巴西娅（Aspasia）348,348,319,term1
part0065,阿斯特（Ast）111,111,99,term1
part0065,阿该亚人（Argiver）343,343,314,term1
part0065,阿尔戈（Argos）348,348,318,term1
part0065,阿尔克迈恩（Alkmäon）217 226,217,199,term
part0065,阿尔克迈恩（Alkmäon）217 226,226,207,term
part0065,阿尔多布朗地尼（Aldobrandini）191,191,177,interp
part0065,阿尔克劳（Archelaus）200 254,200,184,interp
part0065,阿尔克劳（Archelaus）200 254,254,233,term1
part0065,阿尔波第山（Albordi）83,83,73,term
part0065,麦加拉（Megara）366,366,335,term1
part0065,麦里梭（Melissos）253—5 257 262—3 270—1 277,253—5,231—234,range
part0065,麦里梭（Melissos）253—5 257 262—3 270—1 277,257,235,term
part0065,麦里梭（Melissos）253—5 257 262—3 270—1 277,262—3,239—241,range
part0065,麦里梭（Melissos）253—5 257 262—3 270—1 277,270—1,246—248,range
part0065,麦里梭（Melissos）253—5 257 262—3 270—1 277,277,253,term
part0065,麦森尼亚（Messenien）98,98,87,term1
part0065,麦尔其塞德克（Melchisedek）51,51,41,term1
part0065,麦顿（Meton）318,318,290,term1
part0065,扬布利可（Jamblicus）206 208 210 232,206,190,interp
part0065,扬布利可（Jamblicus）206 208 210 232,208,191,interp
part0065,扬布利可（Jamblicus）206 208 210 232,210,193,interp
part0065,扬布利可（Jamblicus）206 208 210 232,232,213,term1
part0065,汤姆生（Thomson）59,59,50,term1
part0065,犹太4 45 61 74 92 107 113,4,,none
part0065,犹太4 45 61 74 92 107 113,45,36,term
part0065,犹太4 45 61 74 92 107 113,61,52,term
part0065,犹太4 45 61 74 92 107 113,74,64,term
part0065,犹太4 45 61 74 92 107 113,92,81,term
part0065,犹太4 45 61 74 92 107 113,107,95,term
part0065,犹太4 45 61 74 92 107 113,113,105,term
part0065,犹斯底年（Justinian）176,176,164,term1
part0065,怀疑派（Skeptiker）101 105 168 171 303,101,90,term
part0065,怀疑派（Skeptiker）101 105 168 171 303,105,93,term
part0065,怀疑派（Skeptiker）101 105 168 171 303,168,156,term
part0065,怀疑派（Skeptiker）101 105 168 171 303,171,159,term
part0065,怀疑派（Skeptiker）101 105 168 171 303,303,276,term
part0065,苏格拉底（Sokrates）20 55 71 77—8 101 172 182 ,20,12,term
part0065,苏格拉底（Sokrates）20 55 71 77—8 101 172 182 ,55,45,term
part0065,苏格拉底（Sokrates）20 55 71 77—8 101 172 182 ,71,61,term
part0065,苏格拉底（Sokrates）20 55 71 77—8 101 172 182 ,77—8,67—69,range
part0065,苏格拉底（Sokrates）20 55 71 77—8 101 172 182 ,101,89,term
part0065,苏格拉底（Sokrates）20 55 71 77—8 101 172 182 ,172,161,term
part0065,苏格拉底（Sokrates）20 55 71 77—8 101 172 182 ,182,169,term
part0065,苏格拉底（Sokrates）20 55 71 77—8 101 172 182 ,221,202,term
part0065,苏格拉底（Sokrates）20 55 71 77—8 101 172 182 ,262,239,term
part0065,苏格拉底（Sokrates）20 55 71 77—8 101 172 182 ,297,271,term
part0065,苏格拉底（Sokrates）20 55 71 77—8 101 172 182 ,316,288,term
part0065,苏格拉底（Sokrates）20 55 71 77—8 101 172 182 ,338,309,term
part0065,苏格拉底（Sokrates）20 55 71 77—8 101 172 182 ,345—6,316—317,range
part0065,苏格拉底（Sokrates）20 55 71 77—8 101 172 182 ,348,319,term
part0065,苏格拉底（Sokrates）20 55 71 77—8 101 172 182 ,364,333,term
part0065,苏格拉底（Sokrates）20 55 71 77—8 101 172 182 ,365—8,334—337,range
part0065,苏格拉底（Sokrates）20 55 71 77—8 101 172 182 ,370,339,term
part0065,刻卜勒（Kepler）242,242,222,term1
part0065,周公119,119,110,term1
part0065,奇仑（Chilon）163 168,163,151,term1
part0065,奇仑（Chilon）163 168,168,156,term
part0065,姆讷萨尔科（Mnesarchus）205,205,189,term
part0065,孟子130,130,119,term
part0065,居克拉德（Cykladen）205,205,189,term1
part0065,居鲁士（Cyrus）162 165 179 198,162,150,term
part0065,居鲁士（Cyrus）162 165 179 198,165,153,term
part0065,居鲁士（Cyrus）162 165 179 198,179,167,term
part0065,居鲁士（Cyrus）162 165 179 198,198,183,term
part0065,彼拉多（Pilatus）21,21,13,term1
part0065,彼得（Peter）23,23,15,term1
part0065,所罗门（Salomon）40 168,40,31,term
part0065,所罗门（Salomon）40 168,168,156,term
part0065,拉瓦谢（Lavoisier）190 308,190,177,term
part0065,拉瓦谢（Lavoisier）190 308,308,281,term
part0065,拉栖代孟（Lacedämon）194 208 343—4,194,180,term
part0065,拉栖代孟（Lacedämon）194 208 343—4,208,191,term
part0065,拉栖代孟（Lacedämon）194 208 343—4,343—4,313—315,range
part0065,《拉玛衍那》（Rāmāyana）134,134,122,interp
part0065,昆伯兰（Cumberland）84,84,74,interp
part0065,《易经》118—24,118—24,109—114,range
part0065,《易·系辞》121,121,112,interp
part0065,宙斯（Zeus）206,206,190,interp
part0065,底仑（Tyrrhen）205,205,189,term1
part0065,波吕格拉底（Polykrates）194 205—6,194,179,term
part0065,波吕格拉底（Polykrates）194 205—6,205—6,188—190,range
part0065,波恩（Bonn）254,254,233,term1
part0065,波斯82 114 162 179 206 346；~哲学 64；~王 296,82,72,term
part0065,波斯82 114 162 179 206 346；~哲学 64；~王 296,114,106,term
part0065,波斯82 114 162 179 206 346；~哲学 64；~王 296,162,150,term
part0065,波斯82 114 162 179 206 346；~哲学 64；~王 296,179,167,term
part0065,波斯82 114 162 179 206 346；~哲学 64；~王 296,206,190,term
part0065,波斯82 114 162 179 206 346；~哲学 64；~王 296,346,317,term
part0065,波斯82 114 162 179 206 346；~哲学 64；~王 296,64,55,term1
part0065,波斯82 114 162 179 206 346；~哲学 64；~王 296,296,270,term
part0065,波奥底亚（E.otien）366,366,335,term1
part0065,波尔费留（Porphyrius）209—10 218 232,209—10,192—193,range
part0065,波尔费留（Porphyrius）209—10 218 232,218,200,term
part0065,波尔费留（Porphyrius）209—10 218 232,232,213,term
part0065,波墨（Jakob B.hme）108,108,95,term1
part0065,法布里丘（Fabricius）84 199 225,84,74,interp
part0065,法布里丘（Fabricius）84 199 225,199,183,interp
part0065,法布里丘（Fabricius）84 199 225,225,206,interp
part0065,法利赛人（Pharisäer）71,71,62,term1
part0065,法国65 99 117 129；~哲学家 336,65,56,term
part0065,法国65 99 117 129；~哲学家 336,99,88,term
part0065,法国65 99 117 129；~哲学家 336,117,109,term
part0065,法国65 99 117 129；~哲学家 336,129,118,interp
part0065,法国65 99 117 129；~哲学家 336,336,307,term1
part0065,《河图》118,118,109,term
part0065,知神派（Gnostik）115,115,106,term1
part0065,迦利达莎（Kālidāsa）131,131,120,term1
part0065,迦毗罗（Kapila）133 143,133,122,term1
part0065,迦毗罗（Kapila）133 143,143,131,term
part0065,迦勒底（Chaldäen）84,84,74,term1
part0065,《金七十论》134 153,134,122,term
part0065,《金七十论》134 153,153,141,term
part0065,非洲28 129,28,19,term
part0065,非洲28 129,129,118,term
part0065,若内塔，普罗斯配利（Prosperi Juonetta）118,118,109,interp
part0065,英国59 60 99 132,59,50,term
part0065,英国59 60 99 132,60,50,term
part0065,英国59 60 99 132,99,88,term
part0065,英国59 60 99 132,132,120,interp
part0065,耶可比（Jacobi）85 105,85,75,term
part0065,耶可比（Jacobi）85 105,105,94,term
part0065,耶和华（Jehowa）127—9,127—9,116—118,range
part0065,耶路撒冷（Jerusalem）73,73,64,term1
part0065,耶稣203,203,187,term
part0065,图居第德（Thukydides）112 166 176 346,112,100,term
part0065,图居第德（Thukydides）112 166 176 346,166,154,interp
part0065,图居第德（Thukydides）112 166 176 346,176,164,term
part0065,图居第德（Thukydides）112 166 176 346,346,317,term
part0065,欧弗尔布（Euphorbus）245,245,224,term1
part0065,欧洲4 116 121 150—2 157,4,,none
part0065,欧洲4 116 121 150—2 157,116,108,term
part0065,欧洲4 116 121 150—2 157,121,111,term
part0065,欧洲4 116 121 150—2 157,150—2,138—141,range
part0065,欧洲4 116 121 150—2 157,157,145,term
part0065,欧瑟比（Eusebius）84 197,84,74,interp
part0065,欧瑟比（Eusebius）84 197,197,182,term
part0065,欧几里德（Euklid）17,17,9,term1
part0065,泽尔士（Xerxes）338,338,309,term1
part0065,泽尔万·阿克仑（Zervan Akerene）82 114,82,72,term
part0065,泽尔万·阿克仑（Zervan Akerene）82 114,114,106,term
part0065,弥孙（Myson）163,163,151,term1
part0065,弥曼差（Mīmām.sa）133,133,122,term1
part0065,罗马21 28 52 55—6 64 99 107 112—3 157 170,21,12,term
part0065,罗马21 28 52 55—6 64 99 107 112—3 157 170,28,19,term
part0065,罗马21 28 52 55—6 64 99 107 112—3 157 170,52,42,term
part0065,罗马21 28 52 55—6 64 99 107 112—3 157 170,55—6,45—47,range
part0065,罗马21 28 52 55—6 64 99 107 112—3 157 170,64,55,term
part0065,罗马21 28 52 55—6 64 99 107 112—3 157 170,99,88,term
part0065,罗马21 28 52 55—6 64 99 107 112—3 157 170,107,95,term
part0065,罗马21 28 52 55—6 64 99 107 112—3 157 170,112—3,99,range
part0065,罗马21 28 52 55—6 64 99 107 112—3 157 170,157,145,term
part0065,罗马21 28 52 55—6 64 99 107 112—3 157 170,170,158,term
part0065,哈吕斯（Halys）179,179,167,term1
part0065,哈尔巴古（Harpagus）165,165,153,term1
part0065,施图尔兹（Sturz）316—8,316—8,288—290,range
part0065,柯尔布鲁克（Colebrook）132—4 137 142—4 146,132—4,120—123,range
part0065,柯尔布鲁克（Colebrook）132—4 137 142—4 146,137,125,interp
part0065,柯尔布鲁克（Colebrook）132—4 137 142—4 146,142—4,130—133,range
part0065,柯尔布鲁克（Colebrook）132—4 137 142—4 146,146,135,interp
part0065,柏里克勒（Perikles）164 342—3 345—6 348—9,164,152,term1
part0065,柏里克勒（Perikles）164 342—3 345—6 348—9,342—3,312—314,range
part0065,柏里克勒（Perikles）164 342—3 345—6 348—9,345—6,316—317,range
part0065,柏里克勒（Perikles）164 342—3 345—6 348—9,348—9,318—320,range
part0065,柏林4,4,,none
part0065,柏拉图（Platon）20 42 49 50 51 55 85 89 109 1,20,12,term
part0065,柏拉图（Platon）20 42 49 50 51 55 85 89 109 1,42,33,term
part0065,柏拉图（Platon）20 42 49 50 51 55 85 89 109 1,49,40,term
part0065,柏拉图（Platon）20 42 49 50 51 55 85 89 109 1,50,40,term
part0065,柏拉图（Platon）20 42 49 50 51 55 85 89 109 1,51,41,term
part0065,柏拉图（Platon）20 42 49 50 51 55 85 89 109 1,55,45,term
part0065,柏拉图（Platon）20 42 49 50 51 55 85 89 109 1,85,75,term
part0065,柏拉图（Platon）20 42 49 50 51 55 85 89 109 1,89,78,term
part0065,柏拉图（Platon）20 42 49 50 51 55 85 89 109 1,109,98,term
part0065,柏拉图（Platon）20 42 49 50 51 55 85 89 109 1,111,99,term
part0065,柏拉图（Platon）20 42 49 50 51 55 85 89 109 1,148,136,term
part0065,柏拉图（Platon）20 42 49 50 51 55 85 89 109 1,169—72,156,range
part0065,柏拉图（Platon）20 42 49 50 51 55 85 89 109 1,203,187,term
part0065,柏拉图（Platon）20 42 49 50 51 55 85 89 109 1,217—9,198—201,range
part0065,柏拉图（Platon）20 42 49 50 51 55 85 89 109 1,223,204,term
part0065,柏拉图（Platon）20 42 49 50 51 55 85 89 109 1,225,206,term
part0065,柏拉图（Platon）20 42 49 50 51 55 85 89 109 1,231,212,term
part0065,柏拉图（Platon）20 42 49 50 51 55 85 89 109 1,240,219,term
part0065,柏拉图（Platon）20 42 49 50 51 55 85 89 109 1,245,223,term
part0065,柏拉图（Platon）20 42 49 50 51 55 85 89 109 1,262—3,239—241,range
part0065,柏拉图（Platon）20 42 49 50 51 55 85 89 109 1,272,248,term
part0065,柏拉图（Platon）20 42 49 50 51 55 85 89 109 1,278,254,term
part0065,柏拉图（Platon）20 42 49 50 51 55 85 89 109 1,281,256,term
part0065,柏拉图（Platon）20 42 49 50 51 55 85 89 109 1,294,268,term
part0065,柏拉图（Platon）20 42 49 50 51 55 85 89 109 1,297—8,271—273,range
part0065,柏拉图（Platon）20 42 49 50 51 55 85 89 109 1,301,275,term
part0065,柏拉图（Platon）20 42 49 50 51 55 85 89 109 1,310,283,term
part0065,柏拉图（Platon）20 42 49 50 51 55 85 89 109 1,364,333,term
part0065,柏拉图（Platon）20 42 49 50 51 55 85 89 109 1,366—8,335—337,range
part0065,柏洛比德族（Pelopiden）162,162,150,term1
part0065,柏连德（Periander）163 168,163,151,term1
part0065,柏连德（Periander）163 168,168,156,term
part0065,柏罗丁（Plotin）107 266,107,95,term
part0065,柏罗丁（Plotin）107 266,266,243,term
part0065,毗湿拿（Viṣṇu）133,133,122,term1
part0065,《洛书》118,118,109,term1
part0065,洪波尔特（Humbolt）125,125,115,term1
part0065,《洪范》121—2,121—2,111—113,range
part0065,派朗（Peyron）317,317,289,term
part0065,科罗封（Kolophon）254 342,254,233,term1
part0065,科罗封（Kolophon）254 342,342,313,term
part0065,美迪人（Meder）180,180,167,term1
part0065,美第奇，科斯谟（Kosmus Medicis）50,50,40,term1
part0065,茨威布鲁克（Zweibrücker）109,109,98,term1
part0065,追忆女神（Mnemosyne）159 313,159,147,term
part0065,追忆女神（Mnemosyne）159 313,313,286,interp
part0065,叙里亚（Syrien）157—8 205 209,157—8,145—147,range
part0065,叙里亚（Syrien）157—8 205 209,205,189,term
part0065,叙里亚（Syrien）157—8 205 209,209,192,term
part0065,叙鲁（Syros）205,205,189,term
part0065,《胜宗十句义论》153,153,141,term1
part0065,胜论146,146,135,term1
part0065,费希特（Fichte）51,51,41,term1
part0065,费其诺，玛西留（Marsilius Ficino）50,50,40,term1
part0065,费雷居德（Pherecydes）163 194 200 205 244 350,163,151,term1
part0065,费雷居德（Pherecydes）163 194 200 205 244 350,194,180,interp
part0065,费雷居德（Pherecydes）163 194 200 205 244 350,200,184,interp
part0065,费雷居德（Pherecydes）163 194 200 205 244 350,205,189,term
part0065,费雷居德（Pherecydes）163 194 200 205 244 350,244,224,term
part0065,费雷居德（Pherecydes）163 194 200 205 244 350,350,321,term
part0065,费罗劳（Philolaus）217,217,199,term1
part0065,倍洛苏（Berosus）84,84,74,term
part0065,倍根（Francis Bacon）109,109,97,interp
part0065,哥林特（Korinth）168,168,156,term1
part0065,哥伦布（Kolumbus）71,71,61,term1
part0065,高德鲁（Kodrus）167,167,155,term1
part0065,高尔吉亚（Gorgias）177 257,177,165,term
part0065,高尔吉亚（Gorgias）177 257,257,235,term
part0065,埃及64 158 161 180 206—8 215 244 338；~神 78,64,55,term
part0065,埃及64 158 161 180 206—8 215 244 338；~神 78,158,146,term
part0065,埃及64 158 161 180 206—8 215 244 338；~神 78,161,149,term
part0065,埃及64 158 161 180 206—8 215 244 338；~神 78,180,167,term
part0065,埃及64 158 161 180 206—8 215 244 338；~神 78,206—8,189—192,range
part0065,埃及64 158 161 180 206—8 215 244 338；~神 78,215,197,term
part0065,埃及64 158 161 180 206—8 215 244 338；~神 78,244,224,term
part0065,埃及64 158 161 180 206—8 215 244 338；~神 78,338,309,term
part0065,埃及64 158 161 180 206—8 215 244 338；~神 78,78,68,term
part0065,埃及64 158 161 180 206—8 215 244 338；~神 78,206,190,term
part0065,埃及64 158 161 180 206—8 215 244 338；~神 78,245,225,term
part0065,席勒（Schiller）88,88,78,term1
part0065,恩培多克勒（Empedokles）122 177—8 195 235 316—2,122,112,term
part0065,恩培多克勒（Empedokles）122 177—8 195 235 316—2,177—8,164—166,range
part0065,恩培多克勒（Empedokles）122 177—8 195 235 316—2,195,180,term
part0065,恩培多克勒（Empedokles）122 177—8 195 235 316—2,235,215,term
part0065,恩培多克勒（Empedokles）122 177—8 195 235 316—2,316—25,288—297,range
part0065,恩培多克勒（Empedokles）122 177—8 195 235 316—2,342,313,term
part0065,恩培多克勒（Empedokles）122 177—8 195 235 316—2,349,319,term
part0065,恩培多克勒（Empedokles）122 177—8 195 235 316—2,357—8,327—328,range
part0065,桑柯尼亚顿（Sanchuniathon）84,84,74,term1
part0065,格登（Geten）205 244,205,189,term1
part0065,格登（Geten）205 244,244,223,interp
part0065,格罗丘，胡果（Hugo Grotius）62,62,52,term1
part0065,格兰道夫（Glandorf）235 247,235,216,interp
part0065,格兰道夫（Glandorf）235 247,247,226,interp
part0065,泰米斯丘（Themistius）194,194,180,interp
part0065,泰米斯朵克勒（Themistokles）164,164,152,term1
part0065,泰利士（Thales）45 47—8 60 99 107 117 163—4 1,45,36,term
part0065,泰利士（Thales）45 47—8 60 99 107 117 163—4 1,47—8,37—39,range
part0065,泰利士（Thales）45 47—8 60 99 107 117 163—4 1,60,51,term
part0065,泰利士（Thales）45 47—8 60 99 107 117 163—4 1,99,88,term
part0065,泰利士（Thales）45 47—8 60 99 107 117 163—4 1,107,95,term
part0065,泰利士（Thales）45 47—8 60 99 107 117 163—4 1,117,109,term
part0065,泰利士（Thales）45 47—8 60 99 107 117 163—4 1,163—4,151—152,range
part0065,泰利士（Thales）45 47—8 60 99 107 117 163—4 1,170,158,term
part0065,泰利士（Thales）45 47—8 60 99 107 117 163—4 1,172,161,term
part0065,泰利士（Thales）45 47—8 60 99 107 117 163—4 1,176—8,163—166,range
part0065,泰利士（Thales）45 47—8 60 99 107 117 163—4 1,179—93,166—179,range
part0065,泰利士（Thales）45 47—8 60 99 107 117 163—4 1,196,181,term
part0065,泰利士（Thales）45 47—8 60 99 107 117 163—4 1,198,183,term
part0065,泰利士（Thales）45 47—8 60 99 107 117 163—4 1,201,185,term
part0065,泰利士（Thales）45 47—8 60 99 107 117 163—4 1,205,188,term
part0065,泰利士（Thales）45 47—8 60 99 107 117 163—4 1,206,190,term
part0065,泰利士（Thales）45 47—8 60 99 107 117 163—4 1,212,195,term
part0065,泰利士（Thales）45 47—8 60 99 107 117 163—4 1,247,227,term
part0065,泰利士（Thales）45 47—8 60 99 107 117 163—4 1,250,229,term
part0065,泰利士（Thales）45 47—8 60 99 107 117 163—4 1,303,276,term
part0065,泰利士（Thales）45 47—8 60 99 107 117 163—4 1,347,317,term
part0065,泰利士（Thales）45 47—8 60 99 107 117 163—4 1,360,329,term
part0065,《泰阿泰德》篇（Theatet）262,262,239,term1
part0065,泰奥邦波（Theopompus）206,206,189,term1
part0065,海勒斯滂（Hellespont）350,350,320,interp
part0065,海岱山（Heidelburg）3 4 81,3,,none
part0065,海岱山（Heidelburg）3 4 81,4,,none
part0065,海岱山（Heidelburg）3 4 81,81,71,interp
part0065,《浮士德》（Faust）204,204,188,term1
part0065,特里普托勒谟（Triptolemos）71,71,61,term1
part0065,特利德（Thelide）179,179,167,term1
part0065,特罗亚（Troja）245,245,224,term
part0065,秦始皇帝119,119,110,term1
part0065,班妥斯（Panthoos）245,245,224,term1
part0065,真谛134,134,122,term
part0065,留基波（Leukipp）177—8 316 325—38 349 357,177—8,164—166,range
part0065,留基波（Leukipp）177—8 316 325—38 349 357,316,288,term
part0065,留基波（Leukipp）177—8 316 325—38 349 357,325—38,296—309,range
part0065,留基波（Leukipp）177—8 316 325—38 349 357,349,320,term
part0065,留基波（Leukipp）177—8 316 325—38 349 357,357,327,term
part0065,索福克勒（Sophokles）346,346,317,term1
part0065,爱戈斯·波大莫（Aegos Potamos）347,347,317,term1
part0065,爱吕克西马可（Eryximachus）301,301,275,term1
part0065,爱利亚派（Eleatische Schule）177 253—93 298 32,177,165,term
part0065,爱利亚派（Eleatische Schule）177 253—93 298 32,253—93,231—268,range
part0065,爱利亚派（Eleatische Schule）177 253—93 298 32,298,272,term
part0065,爱利亚派（Eleatische Schule）177 253—93 298 32,327,298,term
part0065,爱利亚派（Eleatische Schule）177 253—93 298 32,357,327,term
part0065,爱神（Amor）206,206,189,term1
part0065,爱留西（Eleusis）4 71 78,4,,none
part0065,爱留西（Eleusis）4 71 78,71,61,interp
part0065,爱留西（Eleusis）4 71 78,78,68,term1
part0065,爱菲索（Ephesos）294—6 342,294—6,268—271,range
part0065,爱菲索（Ephesos）294—6 342,342,313,term
part0065,爱斯库拉普（Aeskulap）77,77,67,term1
part0065,爱斯基勒（Aeschyles）346,346,317,term1
part0065,爱塔利德（Aethalides）245,245,224,term1
part0065,莱比锡（Leipzig）109—11 316,109—11,97—99,range
part0065,莱比锡（Leipzig）109—11 316,316,289,term
part0065,莱布尼兹（Leibniz）117 246 365,117,108,term
part0065,莱布尼兹（Leibniz）117 246 365,246,226,term
part0065,莱布尼兹（Leibniz）117 246 365,365,334,term
part0065,拿撒勒（Nazareth）73,73,64,term1
part0065,《莎恭达拉》（.akontala）131,131,120,term1
part0065,荷夫麦斯特（Hoffmeister）4,4,,none
part0065,荷马（Homer）69 112 117 187 214 260 316,69,59,term
part0065,荷马（Homer）69 112 117 187 214 260 316,112,100,term
part0065,荷马（Homer）69 112 117 187 214 260 316,117,108,term
part0065,荷马（Homer）69 112 117 187 214 260 316,187,173,term
part0065,荷马（Homer）69 112 117 187 214 260 316,214,196,term
part0065,荷马（Homer）69 112 117 187 214 260 316,260,238,term
part0065,荷马（Homer）69 112 117 187 214 260 316,316,288,interp
part0065,逍遥派（Peripetatiker）175,175,163,term1
part0065,基督21 52 67 71 73 104 113 209 293,21,13,term
part0065,基督21 52 67 71 73 104 113 209 293,52,43,term
part0065,基督21 52 67 71 73 104 113 209 293,67,57,term
part0065,基督21 52 67 71 73 104 113 209 293,71,61,term
part0065,基督21 52 67 71 73 104 113 209 293,73,63,term
part0065,基督21 52 67 71 73 104 113 209 293,104,92,term
part0065,基督21 52 67 71 73 104 113 209 293,113,105,term
part0065,基督21 52 67 71 73 104 113 209 293,209,192,term
part0065,基督21 52 67 71 73 104 113 209 293,293,267,term
part0065,基督教15—6 20—1 50 52 56—8 64 77—8 85 89 99,15—6,6—8,range
part0065,基督教15—6 20—1 50 52 56—8 64 77—8 85 89 99,20—1,11—13,range
part0065,基督教15—6 20—1 50 52 56—8 64 77—8 85 89 99,50,41,term
part0065,基督教15—6 20—1 50 52 56—8 64 77—8 85 89 99,52,43,term
part0065,基督教15—6 20—1 50 52 56—8 64 77—8 85 89 99,56—8,46—49,range
part0065,基督教15—6 20—1 50 52 56—8 64 77—8 85 89 99,64,55,term
part0065,基督教15—6 20—1 50 52 56—8 64 77—8 85 89 99,77—8,67—69,range
part0065,基督教15—6 20—1 50 52 56—8 64 77—8 85 89 99,85,75,term
part0065,基督教15—6 20—1 50 52 56—8 64 77—8 85 89 99,89,79,term
part0065,基督教15—6 20—1 50 52 56—8 64 77—8 85 89 99,99,88,term
part0065,基督教15—6 20—1 50 52 56—8 64 77—8 85 89 99,100,88,term
part0065,基督教15—6 20—1 50 52 56—8 64 77—8 85 89 99,103—5,91—94,range
part0065,基督教15—6 20—1 50 52 56—8 64 77—8 85 89 99,113—5,100,range
part0065,基督教15—6 20—1 50 52 56—8 64 77—8 85 89 99,120,111,term
part0065,基督教15—6 20—1 50 52 56—8 64 77—8 85 89 99,126,116,term
part0065,基督教15—6 20—1 50 52 56—8 64 77—8 85 89 99,132,121,term
part0065,基督教15—6 20—1 50 52 56—8 64 77—8 85 89 99,203,187,term
part0065,基督教15—6 20—1 50 52 56—8 64 77—8 85 89 99,216,198,term
part0065,基督教15—6 20—1 50 52 56—8 64 77—8 85 89 99,233,214,term
part0065,婆罗门（Brāhmana）132 142,132,120,term
part0065,婆罗门（Brāhmana）132 142,142,131,term
part0065,康德（Kant）140 169 220 292；~派 110,140,129,term
part0065,康德（Kant）140 169 220 292；~派 110,169,157,term
part0065,康德（Kant）140 169 220 292；~派 110,220,201,term
part0065,康德（Kant）140 169 220 292；~派 110,292,267,term
part0065,康德（Kant）140 169 220 292；~派 110,110,99,term1
part0065,康宁（Canning）60,60,50,term1
part0065,梭仑（Solon）163 165—70 181 344,163,151,term1
part0065,梭仑（Solon）163 165—70 181 344,165—70,153—158,range
part0065,梭仑（Solon）163 165—70 181 344,181,168,term
part0065,梭仑（Solon）163 165—70 181 344,344,315,term
part0065,梵（Brahma）134；梵王 138；梵天 114 132—3 136 138,134,123,term
part0065,梵（Brahma）134；梵王 138；梵天 114 132—3 136 138,138,127,term
part0065,梵（Brahma）134；梵王 138；梵天 114 132—3 136 138,114,106,term
part0065,梵（Brahma）134；梵王 138；梵天 114 132—3 136 138,132—3,120—122,range
part0065,梵（Brahma）134；梵王 138；梵天 114 132—3 136 138,136,125,term
part0065,梵（Brahma）134；梵王 138；梵天 114 132—3 136 138,138,127,term
part0065,梵（Brahma）134；梵王 138；梵天 114 132—3 136 138,141,130,interp
part0065,梅大邦（Metapont）215,215,197,term1
part0065,梅纳鸠（Menagius）206 210,206,190,interp
part0065,梅纳鸠（Menagius）206 210,210,193,interp
part0065,梅讷劳（Menelaus）245,245,224,term
part0065,梅罗（Melos）326,326,297,term
part0065,第安娜（Diana）296,296,270,term1
part0065,第开亚尔可（Dicäarchos）163,163,151,term1
part0065,第奥开特（Diochätes）261,261,239,term1
part0065,第欧根尼·拉尔修（Diogenes Laertius）163 166—9 175,163,151,term1
part0065,第欧根尼·拉尔修（Diogenes Laertius）163 166—9 175,166—9,154—157,range
part0065,第欧根尼·拉尔修（Diogenes Laertius）163 166—9 175,175,163,term
part0065,第欧根尼·拉尔修（Diogenes Laertius）163 166—9 175,179—82,166—170,range
part0065,第欧根尼·拉尔修（Diogenes Laertius）163 166—9 175,191,177,term
part0065,第欧根尼·拉尔修（Diogenes Laertius）163 166—9 175,194,179,term
part0065,第欧根尼·拉尔修（Diogenes Laertius）163 166—9 175,198,183,term
part0065,第欧根尼·拉尔修（Diogenes Laertius）163 166—9 175,204,188,term
part0065,第欧根尼·拉尔修（Diogenes Laertius）163 166—9 175,251,230,term
part0065,第欧根尼·拉尔修（Diogenes Laertius）163 166—9 175,254,233,term
part0065,第欧根尼·拉尔修（Diogenes Laertius）163 166—9 175,255,234,term
part0065,第欧根尼·拉尔修（Diogenes Laertius）163 166—9 175,261,239,term
part0065,第欧根尼·拉尔修（Diogenes Laertius）163 166—9 175,295,270,term
part0065,第欧根尼·拉尔修（Diogenes Laertius）163 166—9 175,306,279,term
part0065,第欧根尼·拉尔修（Diogenes Laertius）163 166—9 175,338—9,309—310,range
part0065,第欧根尼，西诺卜的（Diogenes von Sinope）282,282,257,term1
part0065,第欧根尼，克里特的（Diogenes von Kreta）177,177,165,term
part0065,第欧根尼，阿波罗尼亚的（Diogenes von Apollonia）200,200,184,interp
part0065,笛卡尔（René Descartes）42 60 108 336,42,33,term
part0065,笛卡尔（René Descartes）42 60 108 336,60,51,term
part0065,笛卡尔（René Descartes）42 60 108 336,108,95,term
part0065,笛卡尔（René Descartes）42 60 108 336,336,307,term
part0065,琐罗亚斯德（Zoroaster）82,82,72,term1
part0065,维诃罗摩提耶（Vikramāditya）131,131,120,term
part0065,萨拉米（Salamis）342,342,313,term1
part0065,萨尔地（Sardis）198,198,183,term
part0065,萨尔地尼亚（Sardinien）165,165,153,term1
part0065,萨摩特拉克（Samothrake）4,4,,none
part0065,萨摩斯（Samos）177 194 205 208 270,177,165,term
part0065,萨摩斯（Samos）177 194 205 208 270,194,179,term
part0065,萨摩斯（Samos）177 194 205 208 270,205,189,term
part0065,萨摩斯（Samos）177 194 205 208 270,208,191,term
part0065,萨摩斯（Samos）177 194 205 208 270,270,246,term
part0065,博恩（Born）109,109,97,term1
part0065,喇嘛教122,122,113,term1
part0065,富勒博恩（Fulleborn）269,269,245,interp
part0065,提德曼（Tiedemann）109 184,109,97,term1
part0065,提德曼（Tiedemann）109 184,184,171,term
part0065,《斐多》篇（Phaidon）364,364,333,term1
part0065,斐洛，比布罗人（Philos aus Biblus）84,84,74,interp
part0065,斐罗朋，约翰（Johann Philoponus）305,305,279,interp
part0065,斯丹雷（Stanley）108—9,108—9,96—98,range
part0065,斯巴达（Sparta）208 343—5,208,191,term
part0065,斯巴达（Sparta）208 343—5,343—5,313—316,range
part0065,斯卡利格尔（Scaliger）84,84,74,interp
part0065,斯多葛派（Stoiker）49 101—2 104 171 175,49,40,term
part0065,斯多葛派（Stoiker）49 101—2 104 171 175,101—2,89—91,range
part0065,斯多葛派（Stoiker）49 101—2 104 171 175,104,92,term
part0065,斯多葛派（Stoiker）49 101—2 104 171 175,171,159,term
part0065,斯多葛派（Stoiker）49 101—2 104 171 175,175,163,term
part0065,斯托拜欧（Stobäus）195—7 224,195—7,180—182,range
part0065,斯托拜欧（Stobäus）195—7 224,224,205,interp
part0065,斯底克斯河（Styx）186,186,173,term1
part0065,斯特拉波（Strabo）254 268,254,233,term1
part0065,斯特拉波（Strabo）254 268,268,245,term
part0065,斯彪西波（Speusippos）219,219,201,term1
part0065,斯宾诺莎（Spinoza）62 72 265 274 315,62,52,term
part0065,斯宾诺莎（Spinoza）62 72 265 274 315,72,63,term
part0065,斯宾诺莎（Spinoza）62 72 265 274 315,265,242,term
part0065,斯宾诺莎（Spinoza）62 72 265 274 315,274,249,term
part0065,斯宾诺莎（Spinoza）62 72 265 274 315,315,287,term
part0065,智者（Sophisten）172 177 253 266 293；《~》篇 26,172,161,term1
part0065,智者（Sophisten）172 177 253 266 293；《~》篇 26,177,165,term
part0065,智者（Sophisten）172 177 253 266 293；《~》篇 26,253,232,term
part0065,智者（Sophisten）172 177 253 266 293；《~》篇 26,266,243,term
part0065,智者（Sophisten）172 177 253 266 293；《~》篇 26,293,268,term
part0065,智者（Sophisten）172 177 253 266 293；《~》篇 26,262,240,interp
part0065,普列尼（Priene）165,165,153,term1
part0065,普里尼（Plinius）350,350,320,interp
part0065,普拉克夏德（Praxiades）193,193,179,term1
part0065,普鲁士4,4,,none
part0065,普鲁格（Plouquet）193,193,179,term1
part0065,普鲁泰克（Plutarch）82 184 192—9 270；伪~ 184,82,72,term
part0065,普鲁泰克（Plutarch）82 184 192—9 270；伪~ 184,184,171,term
part0065,普鲁泰克（Plutarch）82 184 192—9 270；伪~ 184,192—9,178—184,range
part0065,普鲁泰克（Plutarch）82 184 192—9 270；伪~ 184,270,246,term
part0065,普鲁泰克（Plutarch）82 184 192—9 270；伪~ 184,184,171,term1
part0065,普罗克洛（Proklus）107 235 264 295,107,95,term
part0065,普罗克洛（Proklus）107 235 264 295,235,216,term
part0065,普罗克洛（Proklus）107 235 264 295,264,241,interp
part0065,普罗克洛（Proklus）107 235 264 295,295,270,term
part0065,普罗泰戈拉（Protagoras）346,346,317,term1
part0065,温地士曼（Windischmann）121,121,112,interp
part0065,腓尼基84 179—80 206,84,74,term
part0065,腓尼基84 179—80 206,179—80,166—168,range
part0065,腓尼基84 179—80 206,206,190,term
part0065,舒尔兹（Schultz）148,148,137,term1
part0065,道家122 124 129,122,113,term
part0065,道家122 124 129,124,114,term
part0065,道家122 124 129,129,118,term
part0065,《道德经》122 124,122,113,term
part0065,《道德经》122 124,124,114,term
part0065,黑格尔（Hegel）4 24 106—7 125 257 328—9,4,,none
part0065,黑格尔（Hegel）4 24 106—7 125 257 328—9,24,16,interp
part0065,黑格尔（Hegel）4 24 106—7 125 257 328—9,106—7,94—96,range
part0065,黑格尔（Hegel）4 24 106—7 125 257 328—9,125,115,interp
part0065,黑格尔（Hegel）4 24 106—7 125 257 328—9,257,235,interp
part0065,黑格尔（Hegel）4 24 106—7 125 257 328—9,328—9,299—301,range
part0065,黑海345,345,316,term1
part0065,黑伦（Heeren）195,195,180,interp
part0065,黑梅斯（Hermes）245,245,224,term
part0065,黑罗德人（Heloten）98,98,87,term1
part0065,《黑尔谟布施泰特》杂志（Hermob-st.dt’s Journal）59,59,49,interp
part0065,奥古斯都（Augustus）21,21,12,term1
part0065,奥西里斯（Osiris）82,82,72,interp
part0065,奥安尼（Oannes）85,85,74,term1
part0065,奥克安诺（Oceanus）183,183,170,term
part0065,奥勒阿留（Olearius）108,108,96,term1
part0065,奥摩洛伽（Omoroka）84,84,74,term
part0065,奥尔牟兹德（Ormuzd）82—3 114,82—3,71—73,range
part0065,奥尔牟兹德（Ormuzd）82—3 114,114,106,term1
part0065,塔仑丁（Tarentin）209,209,192,term1
part0065,塔尔塔鲁（Tartarus）232,232,213,term1
part0065,湿婆（.iva）114 141,114,106,term
part0065,湿婆（.iva）114 141,141,130,term
part0065,棱迦（Lingam）138,138,126,term1
part0065,《蒂迈欧》篇（Tim.eus）42 148 215 243 264,42,33,term
part0065,《蒂迈欧》篇（Tim.eus）42 148 215 243 264,148,136,term
part0065,《蒂迈欧》篇（Tim.eus）42 148 215 243 264,215,197,interp
part0065,《蒂迈欧》篇（Tim.eus）42 148 215 243 264,243,223,term
part0065,《蒂迈欧》篇（Tim.eus）42 148 215 243 264,264,241,interp
part0065,葛廷根（G.ttingen）110—1,110—1,98—99,range
part0065,雅典（Athens）4 52 55 78 98 165—8 176—7 194 ,4,,none
part0065,雅典（Athens）4 52 55 78 98 165—8 176—7 194 ,52,42,term
part0065,雅典（Athens）4 52 55 78 98 165—8 176—7 194 ,55,45,term
part0065,雅典（Athens）4 52 55 78 98 165—8 176—7 194 ,78,68,term
part0065,雅典（Athens）4 52 55 78 98 165—8 176—7 194 ,98,87,term
part0065,雅典（Athens）4 52 55 78 98 165—8 176—7 194 ,165—8,153—156,range
part0065,雅典（Athens）4 52 55 78 98 165—8 176—7 194 ,176—7,163—165,range
part0065,雅典（Athens）4 52 55 78 98 165—8 176—7 194 ,194,179,term
part0065,雅典（Athens）4 52 55 78 98 165—8 176—7 194 ,262,239,term
part0065,雅典（Athens）4 52 55 78 98 165—8 176—7 194 ,270,246,term
part0065,雅典（Athens）4 52 55 78 98 165—8 176—7 194 ,272,248,term
part0065,雅典（Athens）4 52 55 78 98 165—8 176—7 194 ,295,270,term
part0065,雅典（Athens）4 52 55 78 98 165—8 176—7 194 ,342—9,312—320,range
part0065,雅典（Athens）4 52 55 78 98 165—8 176—7 194 ,366,335,term
part0065,锐德（Ritter）48 189,48,39,term1
part0065,锐德（Ritter）48 189,189,175,interp
part0065,谢林（Schelling）106 111,106,95,interp
part0065,谢林（Schelling）106 111,111,99,term1
part0065,谟德拉特（Moderatus）219,219,200,term1
part0065,塞内卡（Seneca）181,181,168,interp
part0065,塞尼亚德（Xeniades）293,293,268,term1
part0065,塞克斯都·恩披里可（Sextus Empiricus）175 200 204 2,175,163,term1
part0065,塞克斯都·恩披里可（Sextus Empiricus）175 200 204 2,200,184,interp
part0065,塞克斯都·恩披里可（Sextus Empiricus）175 200 204 2,204,188,term
part0065,塞克斯都·恩披里可（Sextus Empiricus）175 200 204 2,223,204,interp
part0065,塞克斯都·恩披里可（Sextus Empiricus）175 200 204 2,225,206,interp
part0065,塞克斯都·恩披里可（Sextus Empiricus）175 200 204 2,227,208,interp
part0065,塞克斯都·恩披里可（Sextus Empiricus）175 200 204 2,239,219,interp
part0065,塞克斯都·恩披里可（Sextus Empiricus）175 200 204 2,260,239,term
part0065,塞克斯都·恩披里可（Sextus Empiricus）175 200 204 2,261,239,term
part0065,塞克斯都·恩披里可（Sextus Empiricus）175 200 204 2,263,240,term
part0065,塞克斯都·恩披里可（Sextus Empiricus）175 200 204 2,295,270,interp
part0065,塞克斯都·恩披里可（Sextus Empiricus）175 200 204 2,301—2,274—276,range
part0065,塞克斯都·恩披里可（Sextus Empiricus）175 200 204 2,312,285,interp
part0065,塞克斯都·恩披里可（Sextus Empiricus）175 200 204 2,323,295,interp
part0065,塞克斯都·恩披里可（Sextus Empiricus）175 200 204 2,372,341,interp
part0065,塞雷斯（Ceres）71,71,61,term1
part0065,塞诺芬尼（Xenophanes）77 177 253 254—61 263 27,77,67,term
part0065,塞诺芬尼（Xenophanes）77 177 253 254—61 263 27,177,165,term
part0065,塞诺芬尼（Xenophanes）77 177 253 254—61 263 27,253,232,term
part0065,塞诺芬尼（Xenophanes）77 177 253 254—61 263 27,254—61,232—239,range
part0065,塞诺芬尼（Xenophanes）77 177 253 254—61 263 27,263,240,term
part0065,塞诺芬尼（Xenophanes）77 177 253 254—61 263 27,274,249,term
part0065,塞诺芬尼（Xenophanes）77 177 253 254—61 263 27,277,253,term
part0065,塞诺芬尼（Xenophanes）77 177 253 254—61 263 27,312,285,term
part0065,意大利99 115 176—7 208—10 316—7 342,99,88,term
part0065,意大利99 115 176—7 208—10 316—7 342,115,106,term
part0065,意大利99 115 176—7 208—10 316—7 342,176—7,163—165,range
part0065,意大利99 115 176—7 208—10 316—7 342,208—10,191—193,range
part0065,意大利99 115 176—7 208—10 316—7 342,316—7,288—289,range
part0065,意大利99 115 176—7 208—10 316—7 342,342,312,term
part0065,新柏拉图派（Neuplatoniker）55 79 81 102 107 170,55,46,term
part0065,新柏拉图派（Neuplatoniker）55 79 81 102 107 170,79,68,term
part0065,新柏拉图派（Neuplatoniker）55 79 81 102 107 170,81,71,term
part0065,新柏拉图派（Neuplatoniker）55 79 81 102 107 170,102,91,term
part0065,新柏拉图派（Neuplatoniker）55 79 81 102 107 170,107,95,term
part0065,新柏拉图派（Neuplatoniker）55 79 81 102 107 170,170—1,157—159,range
part0065,新柏拉图派（Neuplatoniker）55 79 81 102 107 170,209,192,term
part0065,新柏拉图派（Neuplatoniker）55 79 81 102 107 170,211,194,term
part0065,新柏拉图派（Neuplatoniker）55 79 81 102 107 170,217,199,term
part0065,新学园派（Neuakademiker）105 175,105,93,term
part0065,新学园派（Neuakademiker）105 175,175,163,term
part0065,新毕泰戈拉派（Neupythagoräer）203 217,203,187,term
part0065,新毕泰戈拉派（Neupythagoräer）203 217,217,199,term
part0065,滂波那齐（Pomponazzi）50,50,40,term1
part0065,瑜伽（Yoga）142；~师 132；~行者 142,142,131,term1
part0065,瑜伽（Yoga）142；~师 132；~行者 142,132,120,term1
part0065,瑜伽（Yoga）142；~师 132；~行者 142,142,131,term1
part0065,裸形智者（Gymnosophisten）131,131,120,term1
part0065,路德（Luther）72,72,63,term
part0065,雷缪萨（Rémusat）123—8,123—8,113—118,range
part0065,福千（Photium）216,216,198,interp
part0065,数论133,133,122,term1
part0065,僧佉（Samkhya）133—48,133—48,121—137,range
part0065,歌德（Goethe）32 88 148 204,32,24,term
part0065,歌德（Goethe）32 88 148 204,88,78,term
part0065,歌德（Goethe）32 88 148 204,148,137,term
part0065,歌德（Goethe）32 88 148 204,204,188,term
part0065,赫西阿德（Hesiod）69 202 212 214 260 312,69,59,term
part0065,赫西阿德（Hesiod）69 202 212 214 260 312,202,186,term
part0065,赫西阿德（Hesiod）69 202 212 214 260 312,212,195,term
part0065,赫西阿德（Hesiod）69 202 212 214 260 312,214,196,term
part0065,赫西阿德（Hesiod）69 202 212 214 260 312,260,238,term
part0065,赫西阿德（Hesiod）69 202 212 214 260 312,312,285,term
part0065,赫拉克利特（Heraklit）175 177—8 199 201 277 293,175,163,term
part0065,赫拉克利特（Heraklit）175 177—8 199 201 277 293,177—8,164—166,range
part0065,赫拉克利特（Heraklit）175 177—8 199 201 277 293,199,184,term
part0065,赫拉克利特（Heraklit）175 177—8 199 201 277 293,201,186,term
part0065,赫拉克利特（Heraklit）175 177—8 199 201 277 293,277,253,term
part0065,赫拉克利特（Heraklit）175 177—8 199 201 277 293,293—316,267—288,range
part0065,赫拉克利特（Heraklit）175 177—8 199 201 277 293,317—20,288—292,range
part0065,赫拉克利特（Heraklit）175 177—8 199 201 277 293,321—2,292—294,range
part0065,赫拉克利特（Heraklit）175 177—8 199 201 277 293,325,297,term
part0065,赫拉克利特（Heraklit）175 177—8 199 201 277 293,326—8,297—300,range
part0065,赫拉克利特（Heraklit）175 177—8 199 201 277 293,352,322,term
part0065,赫拉克利特（Heraklit）175 177—8 199 201 277 293,360—1,329—331,range
part0065,赫拉克利德（Heraclides）316,316,288,interp
part0065,赫尔米亚（Hermias）200,200,184,interp
part0065,赫尔米波（Hermippos）163,163,151,term1
part0065,赫尔德（Herder）10,10,2,term1
part0065,赫尔特利希（Herdtrich）118,118,109,interp
part0065,赫尔谟多罗（Hermodoros）295,295,270,term1
part0065,赫尔摩底谟（Hermetimos）342 350,342,313,term
part0065,赫尔摩底谟（Hermetimos）342 350,350,320,term
part0065,赫罗多德（Herodotus）78 112 164—5 169 179—81 2,78,68,term
part0065,赫罗多德（Herodotus）78 112 164—5 169 179—81 2,112,100,term
part0065,赫罗多德（Herodotus）78 112 164—5 169 179—81 2,164—5,152—154,range
part0065,赫罗多德（Herodotus）78 112 164—5 169 179—81 2,169,157,term
part0065,赫罗多德（Herodotus）78 112 164—5 169 179—81 2,179—81,166—169,range
part0065,赫罗多德（Herodotus）78 112 164—5 169 179—81 2,205—8,188—192,range
part0065,赫罗多德（Herodotus）78 112 164—5 169 179—81 2,244,224,term
part0065,《缪斯》（Musen）296,296,270,term1
part0065,墨西拿（Messina）254,254,233,term1
part0065,德昂，斯密尔那的（Theon Smyrnaeus）224,224,205,interp
part0065,德娄泰戈拉（Teleutagoras）272,272,248,term1
part0065,德梅特留（Demetrius）297,297,271,term1
part0065,德国4 59 133 157,4,,none
part0065,德国4 59 133 157,59,50,term
part0065,德国4 59 133 157,133,121,term
part0065,德国4 59 133 157,157,145,term
part0065,德尔斐（Delphi）37 181,37,28,term
part0065,德尔斐（Delphi）37 181,181,168,term
part0065,德奥弗拉斯特（Theophrastus）255 269,255,233,term1
part0065,德奥弗拉斯特（Theophrastus）255 269,269,245,term
part0065,德欧（Teos）164,164,153,term1
part0065,德谛斯（Tethys）183,183,170,term1
part0070,《大希比亚》篇（Hippias major）254,254,616,interp
part0070,大希腊149,149,516,term1
part0070,大留士（Darius）262,262,623,term1
part0070,《大伦理学》（Magna moralia）67 339,67,432,interp
part0070,《大伦理学》（Magna moralia）67 339,339,698,term1
part0070,大夏（Baktrien）261,261,622,term1
part0070,大卫（David）247,247,609,term1
part0070,小亚细亚258,258,620,term
part0070,《工具论》（Organon）317 347 353 355,317,677,term
part0070,《工具论》（Organon）317 347 353 355,347,706,term
part0070,《工具论》（Organon）317 347 353 355,353,712,term
part0070,《工具论》（Organon）317 347 353 355,355,713,term
part0070,马其顿（macedonien）104 257 259 262,104,468,term
part0070,马其顿（macedonien）104 257 259 262,257,619,term
part0070,马其顿（macedonien）104 257 259 262,259,620,term
part0070,马其顿（macedonien）104 257 259 262,262,623,term
part0070,中国33 261,33,399,term
part0070,中国33 261,261,622,term
part0070,《分析篇》（Analytica）54—5,54—5,418—420,range
part0070,天后（Juno）55,55,420,term1
part0070,尤比德·阿蒙（Jupiter Ammon）262,262,623,term1
part0070,巴克特里亚（Baktrien）261,261,622,term
part0070,巴里斯（Paris）128,128,490,term1
part0070,巴门尼德（Parmenides）157 194 198,157,523,term
part0070,巴门尼德（Parmenides）157 194 198,194,559,term
part0070,巴门尼德（Parmenides）157 194 198,198,562,term
part0070,206—7 212 219；《～》篇161 190 197 199 204 20,206—7,570—572,range
part0070,206—7 212 219；《～》篇161 190 197 199 204 20,212,576,term
part0070,206—7 212 219；《～》篇161 190 197 199 204 20,219,583,term
part0070,206—7 212 219；《～》篇161 190 197 199 204 20,161,527,term
part0070,206—7 212 219；《～》篇161 190 197 199 204 20,190,555,term
part0070,206—7 212 219；《～》篇161 190 197 199 204 20,197,562,term
part0070,206—7 212 219；《～》篇161 190 197 199 204 20,199,564,term
part0070,206—7 212 219；《～》篇161 190 197 199 204 20,204,569,term
part0070,206—7 212 219；《～》篇161 190 197 199 204 20,206,571,term
part0070,206—7 212 219；《～》篇161 190 197 199 204 20,208—9,572—574,range
part0070,巴拉塔里亚（Barataria）116,116,480,term1
part0070,文艺复兴267,267,628,term1
part0070,比提娅（Pythia）258,258,620,term1
part0070,《气象学》（Meteorologia）290 316,290,650,term
part0070,《气象学》（Meteorologia）290 316,316,676,term
part0070,火神（Vulkan）55,55,420,term1
part0070,犬儒派（Cyniker）110 122 125,110,473,term
part0070,犬儒派（Cyniker）110 122 125,122,484,term
part0070,犬儒派（Cyniker）110 122 125,125,487,term
part0070,136—44 164 171,136—44,497,range
part0070,136—44 164 171,164,530,term
part0070,136—44 164 171,171,536,term
part0070,邓尼曼（Tennemann）45 49 88 97,45,410,interp
part0070,邓尼曼（Tennemann）45 49 88 97,49,414,term
part0070,邓尼曼（Tennemann）45 49 88 97,88,452,term
part0070,邓尼曼（Tennemann）45 49 88 97,97,461,term
part0070,121 155 162 194 267 334,121,484,term
part0070,121 155 162 194 267 334,155,521,term
part0070,121 155 162 194 267 334,162,528,term
part0070,121 155 162 194 267 334,194,559,term
part0070,121 155 162 194 267 334,267,628,term
part0070,121 155 162 194 267 334,334,694,term
part0070,贝西斯特拉德（Pisistratos）143,143,504,interp
part0070,乌尔夫（Wolf）168 196,168,533,term
part0070,乌尔夫（Wolf）168 196,196,561,term
part0070,卡吕布狄（Charybdis）37,37,403,term1
part0070,卡利奥斯特罗（Cagliostro）96,96,459,term1
part0070,卡骚滂（Casaubonus）116,116,479,interp
part0070,加尔西斯（Chalcis）263,263,625,term1
part0070,包萨尼亚（Pausanias）84,84,449,term1
part0070,史莱尔马赫（Schleiermacher）154,154,520,term1
part0070,尼各马可（Nikomachos）257；《～伦,257,619,term
part0070,理学》339 342—3,339,698,term
part0070,理学》339 342—3,342—3,700—702,range
part0070,尼加诺尔（Nikanor）257,257,619,term1
part0070,尼格罗班特（Negropont）263,263,625,term1
part0070,布勒（Buhle）120 257 336 352 355,120,483,interp
part0070,布勒（Buhle）120 257 336 352 355,257,619,interp
part0070,布勒（Buhle）120 257 336 352 355,336,695,interp
part0070,布勒（Buhle）120 257 336 352 355,352,710,term
part0070,布勒（Buhle）120 257 336 352 355,355,713,interp
part0070,布鲁克尔（Brucker）113,113,477,interp
part0070,布鲁诺（Bruno）354,354,712,term1
part0070,布兰狄斯（Brandis）154,154,520,term1
part0070,《正位篇》（Topica）12 354,12,379,term
part0070,《正位篇》（Topica）12 354,354,712,term
part0070,皮罗（Pyrrhon）28 30,28,394,interp
part0070,皮罗（Pyrrhon）28 30,30,396,interp
part0070,印度33 261—2,33,399,term
part0070,印度33 261—2,261—2,622—624,range
part0070,卢梭（Rousseau）253,253,615,term
part0070,兰普萨克（Lampsakus）362,362,721,term1
part0070,《圣经》26—7 65 196,26—7,392—393,range
part0070,《圣经》26—7 65 196,65,429,term
part0070,《圣经》26—7 65 196,196,561,term
part0070,伏尔夫（Wolf）214,214,578,term
part0070,伏尔康（Vulkan）16,16,383,term1
part0070,优比亚（Euböa）277,277,638,interp
part0070,优利披德（Euripides）74—5,74—5,438—440,range
part0070,《会饮》篇（Symposion）45 49,45,410,term
part0070,《会饮》篇（Symposion）45 49,49,414,term
part0070,伊各（Ikkos）14,14,381,term1
part0070,《伊利亚德》（Iliad）288,288,649,interp
part0070,伊洛克人（Irokesen）237,237,600,term1
part0070,伊斯班德（Ispander）262,262,623,term1
part0070,伊奥尼亚派（Ionier） 42 190,42,407,term
part0070,伊奥尼亚派（Ionier） 42 190,190,555,term
part0070,伊璧鸠鲁（Epikur）363 366；～主义,363,721,term
part0070,伊璧鸠鲁（Epikur）363 366；～主义,366,724,term
part0070,110 131；～派126—7 135—7 139 372,110,474,term
part0070,110 131；～派126—7 135—7 139 372,131,493,term
part0070,110 131；～派126—7 135—7 139 372,126—7,488—490,range
part0070,110 131；～派126—7 135—7 139 372,135—7,496—499,range
part0070,110 131；～派126—7 135—7 139 372,139,500,term
part0070,110 131；～派126—7 135—7 139 372,372,,none
part0070,再洗礼派（Wiedertäufer）99,99,463,term1
part0070,多瑙河（Donau）262,262,623,term1
part0070,多德威尔（Dodwell）147,147,513,term1
part0070,安尼托（Anytos）93 95,93,457,term
part0070,安尼托（Anytos）93 95,95,459,term
part0070,安尼克里（Annikeris）127 131 135—6,127,489,term
part0070,安尼克里（Annikeris）127 131 135—6,131,493,term
part0070,安尼克里（Annikeris）127 131 135—6,135—6,496—498,range
part0070,安底斯泰纳（Antisthenes）108 138—9,108,472,term
part0070,安底斯泰纳（Antisthenes）108 138—9,138—9,499—501,range
part0070,141—3,141—3,502—505,range
part0070,安莫纽·萨加（Ammonius Saccas）258,258,620,interp
part0070,安提贡（Antigon）41 98 121,41,406,term
part0070,安提贡（Antigon）41 98 121,98,462,term
part0070,安提贡（Antigon）41 98 121,121,483,term
part0070,安费波利（Amphipolis）46,46,411,term1
part0070,《地理学》（Erdkunde）261,261,622,interp
part0070,托勒密王朝（Ptolemäer）114 135 264,114,477,interp
part0070,托勒密王朝（Ptolemäer）114 135 264,135,497,term
part0070,托勒密王朝（Ptolemäer）114 135 264,264,626,term
part0070,托勒密·索特尔（Ptolemäus Soter）121,121,483,term1
part0070,朱丽叶（Juliet）148,148,515,term1
part0070,米内瓦（Minerva）16,16,383,term1
part0070,米西亚（Mysien）258,258,620,term1
part0070,米利都（Miletos）113,113,476,term1
part0070,米底勒尼（Mithylene）258,258,620,term
part0070,艾斯其纳（Aeschines）108,108,472,term
part0070,色雷斯（Thracien）45 138 257,45,410,term
part0070,色雷斯（Thracien）45 138 257,138,499,term
part0070,色雷斯（Thracien）45 138 257,257,619,term
part0070,达赖喇嘛262,262,624,term1
part0070,西门（Simon）51,51,416,term
part0070,西西里（Sicilien）27 32 149—50 152,27,393,term
part0070,西西里（Sicilien）27 32 149—50 152,32,398,term
part0070,西西里（Sicilien）27 32 149—50 152,149—50,515—517,range
part0070,西西里（Sicilien）27 32 149—50 152,152,518,term
part0070,西塞罗（Ciceron）19 43 111 135 156,19,386,term
part0070,西塞罗（Ciceron）19 43 111 135 156,43,408,term
part0070,西塞罗（Ciceron）19 43 111 135 156,111,475,interp
part0070,西塞罗（Ciceron）19 43 111 135 156,135,497,term
part0070,西塞罗（Ciceron）19 43 111 135 156,156,521,term
part0070,266 354 363,266,627,term
part0070,266 354 363,354,712,term
part0070,266 354 363,363,721,term
part0070,西蒙尼德（Simonides）271,271,633,term1
part0070,吕古尔各（Lykurg）153,153,519,term1
part0070,吕克昂（Lykeon）263 266,263,624,term
part0070,吕克昂（Lykeon）263 266,266,627,term
part0070,吕克欧（Lykeios）263,263,624,term1
part0070,《吕锡斯》篇（Lysis）60,60,425,term1
part0070,芝诺（Zenon）9 33 35 158 206 311,9,376,term
part0070,芝诺（Zenon）9 33 35 158 206 311,33,398,term
part0070,芝诺（Zenon）9 33 35 158 206 311,35,400,term
part0070,芝诺（Zenon）9 33 35 158 206 311,158,524,term
part0070,芝诺（Zenon）9 33 35 158 206 311,206,571,term
part0070,芝诺（Zenon）9 33 35 158 206 311,311,671,term
part0070,亚历山大（Alexander）104 120 259—,104,468,term
part0070,亚历山大（Alexander）104 120 259—,120,483,term
part0070,亚历山大（Alexander）104 120 259—,259,620,term
part0070,65 290 346,65,430,interp
part0070,65 290 346,290,650,term
part0070,65 290 346,346,705,term
part0070,亚历山大里亚（Alexandrien）135 264—,135,497,term
part0070,亚历山大里亚（Alexandrien）135 264—,264,626,term
part0070,5 267,5,373,interp
part0070,5 267,267,628,term
part0070,亚里士多德（Aristoteles）5 12 26 33 35,5,372,term
part0070,亚里士多德（Aristoteles）5 12 26 33 35,12,379,term
part0070,亚里士多德（Aristoteles）5 12 26 33 35,26,392,term
part0070,亚里士多德（Aristoteles）5 12 26 33 35,33,398,term
part0070,亚里士多德（Aristoteles）5 12 26 33 35,35,400,term
part0070,67—8 78 114—5 120 130 145 149,67—8,431—433,range
part0070,67—8 78 114—5 120 130 145 149,78,443,term
part0070,67—8 78 114—5 120 130 145 149,114—5,477—479,range
part0070,67—8 78 114—5 120 130 145 149,120,483,term
part0070,67—8 78 114—5 120 130 145 149,130,492,term
part0070,67—8 78 114—5 120 130 145 149,145,512,term
part0070,67—8 78 114—5 120 130 145 149,149,515,term
part0070,154—5 160 180 214 255— 366； ～派135,154—5,520—522,range
part0070,154—5 160 180 214 255— 366； ～派135,160,526,term
part0070,154—5 160 180 214 255— 366； ～派135,180,545,term
part0070,154—5 160 180 214 255— 366； ～派135,214,578,term
part0070,154—5 160 180 214 255— 366； ～派135,255,617,term
part0070,154—5 160 180 214 255— 366； ～派135,366,724,term
part0070,154—5 160 180 214 255— 366； ～派135,135,497,term
part0070,亚里士多克勒（Aristokles）147,147,514,term1
part0070,亚里斯底德（Aristides）167,167,533,term1
part0070,亚洲261—3,261—3,622—625,range
part0070,《伦理学》（Ethica）317,317,677,term
part0070,毕泰戈拉（Pythagoras）156 194 219,156,522,term
part0070,毕泰戈拉（Pythagoras）156 194 219,194,559,term
part0070,毕泰戈拉（Pythagoras）156 194 219,219,583,term
part0070,262；~定理149；~派149 152 156—7 213—4 222 228,262,623,term
part0070,262；~定理149；~派149 152 156—7 213—4 222 228,149,516,term1
part0070,262；~定理149；~派149 152 156—7 213—4 222 228,149,516,term
part0070,262；~定理149；~派149 152 156—7 213—4 222 228,152,518,term
part0070,262；~定理149；~派149 152 156—7 213—4 222 228,156—7,522—524,range
part0070,262；~定理149；~派149 152 156—7 213—4 222 228,213—4,577—579,range
part0070,262；~定理149；~派149 152 156—7 213—4 222 228,222,586,term
part0070,262；~定理149；~派149 152 156—7 213—4 222 228,228,591,term
part0070,262；~定理149；~派149 152 156—7 213—4 222 228,266,627,term
part0070,262；~定理149；~派149 152 156—7 213—4 222 228,274,636,term
part0070,毕提亚（Pythia）89 92—3,89,454,term
part0070,毕提亚（Pythia）89 92—3,92—3,456—458,range
part0070,毕莱乌（Piräus）138,138,500,term1
part0070,《论友爱》（De fraterno amore）113,113,477,interp
part0070,《论天》（De caelo）289 312,289,650,term1
part0070,《论天》（De caelo）289 312,312,672,interp
part0070,ptione）289 315,289,650,interp
part0070,ptione）289 315,315,675,interp
part0070,《论动物》（De animalis）290,290,650,term
part0070,《论植物》（De plantis）290,290,651,term1
part0070,《论灵魂》（De anima）316,316,676,term
part0070,《论解释》（De interpretatione）353,353,712,term
part0070,355,355,714,term
part0070,"《论塞诺芬尼、芝诺和高尔吉亚》（De Xenophane, Zenone et ",33,398,term1
part0070,"《论塞诺芬尼、芝诺和高尔吉亚》（De Xenophane, Zenone et ",35,400,interp
part0070,克吕西波（Chrysippos）116,116,479,term1
part0070,克里多（Krito）45,45,410,term1
part0070,克里底亚（Kritias）103 147；《～》篇,103,467,term
part0070,克里底亚（Kritias）103 147；《～》篇,147,514,term
part0070,190 253,190,555,term
part0070,190 253,253,615,term
part0070,克里特（Kreta）142,142,503,term
part0070,克拉底（Krates）122 144,122,484,term
part0070,克拉底（Krates）122 144,144,505,term
part0070,克罗依采尔（Kreutzer）223,223,587,term1
part0070,克须兰（Xyland）113 124,113,477,interp
part0070,克须兰（Xyland）113 124,124,487,interp
part0070,克塞尼亚德（Xeniades）142,142,503,term1
part0070,克塞诺封（Xenophon）26 45—6 50—1,26,392,interp
part0070,克塞诺封（Xenophon）26 45—6 50—1,45—6,410—412,range
part0070,克塞诺封（Xenophon）26 45—6 50—1,50—1,415—416,range
part0070,57 60 69—71 82 83—5 89—90 93—4 107—8 158,57,421,term
part0070,57 60 69—71 82 83—5 89—90 93—4 107—8 158,60,425,term
part0070,57 60 69—71 82 83—5 89—90 93—4 107—8 158,69—71,433—436,range
part0070,57 60 69—71 82 83—5 89—90 93—4 107—8 158,82,446,term
part0070,57 60 69—71 82 83—5 89—90 93—4 107—8 158,83—5,447—450,range
part0070,57 60 69—71 82 83—5 89—90 93—4 107—8 158,89—90,453—455,range
part0070,57 60 69—71 82 83—5 89—90 93—4 107—8 158,93—4,457—458,range
part0070,57 60 69—71 82 83—5 89—90 93—4 107—8 158,107—8,470—472,range
part0070,57 60 69—71 82 83—5 89—90 93—4 107—8 158,158,524,term
part0070,伯里克条尼（Periktione）147,147,514,term1
part0070,伯罗奔尼撒（Peloponnesos）5 32 45,5,372,term
part0070,伯罗奔尼撒（Peloponnesos）5 32 45,32,398,term
part0070,伯罗奔尼撒（Peloponnesos）5 32 45,45,410,term
part0070,63 104 147,63,428,term
part0070,63 104 147,104,468,term
part0070,63 104 147,147,514,term
part0070,佛教262,262,623,term
part0070,麦加拉（Megara）108 111 149；～派,108,472,term
part0070,麦加拉（Megara）108 111 149；～派,111,474,term
part0070,麦加拉（Megara）108 111 149；～派,149,515,term
part0070,108—10 110—25 355,108—10,472—474,range
part0070,108—10 110—25 355,110—25,473—488,range
part0070,108—10 110—25 355,355,713,term
part0070,麦里梭（Melissos）35,35,400,term1
part0070,希巴尔其姬（Hipparchia）144,144,505,interp
part0070,希比亚（Hippias）14 70,14,380,term
part0070,希比亚（Hippias）14 70,70,435,term
part0070,希波格拉底（Hippokrates）13—5,13—5,380—382,range
part0070,希腊5 9—11 19—21 26 33 39—40 44,5,372,term
part0070,希腊5 9—11 19—21 26 33 39—40 44,9—11,376—379,range
part0070,希腊5 9—11 19—21 26 33 39—40 44,19—21,385—388,range
part0070,希腊5 9—11 19—21 26 33 39—40 44,26,392,term
part0070,希腊5 9—11 19—21 26 33 39—40 44,33,398,term
part0070,希腊5 9—11 19—21 26 33 39—40 44,39—40,404—406,range
part0070,希腊5 9—11 19—21 26 33 39—40 44,44,409,term
part0070,49 63 69 81—5 91—2 101 103 113—4 120 126,49,414,term
part0070,49 63 69 81—5 91—2 101 103 113—4 120 126,63,427,term
part0070,49 63 69 81—5 91—2 101 103 113—4 120 126,69,434,term
part0070,49 63 69 81—5 91—2 101 103 113—4 120 126,81—5,445—450,range
part0070,49 63 69 81—5 91—2 101 103 113—4 120 126,91—2,455—457,range
part0070,49 63 69 81—5 91—2 101 103 113—4 120 126,101,465,term
part0070,49 63 69 81—5 91—2 101 103 113—4 120 126,103,467,term
part0070,49 63 69 81—5 91—2 101 103 113—4 120 126,113—4,476—478,range
part0070,49 63 69 81—5 91—2 101 103 113—4 120 126,120,483,term
part0070,49 63 69 81—5 91—2 101 103 113—4 120 126,126,488,term
part0070,49 63 69 81—5 91—2 101 103 113—4 120 126,130,493,term
part0070,49 63 69 81—5 91—2 101 103 113—4 120 126,148,514,term
part0070,49 63 69 81—5 91—2 101 103 113—4 120 126,152—3,518—519,range
part0070,49 63 69 81—5 91—2 101 103 113—4 120 126,161,527,term
part0070,49 63 69 81—5 91—2 101 103 113—4 120 126,167,533,term
part0070,49 63 69 81—5 91—2 101 103 113—4 120 126,213,577,term
part0070,49 63 69 81—5 91—2 101 103 113—4 120 126,237—9,599—602,range
part0070,49 63 69 81—5 91—2 101 103 113—4 120 126,248,610,term
part0070,49 63 69 81—5 91—2 101 103 113—4 120 126,253,614,term
part0070,49 63 69 81—5 91—2 101 103 113—4 120 126,257—8,618—620,range
part0070,49 63 69 81—5 91—2 101 103 113—4 120 126,260—2,621—624,range
part0070,49 63 69 81—5 91—2 101 103 113—4 120 126,265,626,term
part0070,49 63 69 81—5 91—2 101 103 113—4 120 126,345—6,703—705,range
part0070,49 63 69 81—5 91—2 101 103 113—4 120 126,363,721,term
part0070,《形而上学》（Metaphysica）271 273,271,632,term
part0070,《形而上学》（Metaphysica）271 273,273,634,term
part0070,怀疑派（Skeptiker）34 120 362 366,34,399,term
part0070,怀疑派（Skeptiker）34 120 362 366,120,483,term
part0070,怀疑派（Skeptiker）34 120 362 366,362,720,term
part0070,怀疑派（Skeptiker）34 120 362 366,366,724,term
part0070,262,262,624,interp
part0070,狄翁（Dion）149—52,149—52,515—518,range
part0070,狄凯（Dike）214,214,578,term1
part0070,狄奥尼修（Dionysius）127 150—2 259,127,490,term
part0070,狄奥尼修（Dionysius）127 150—2 259,150—2,516—518,range
part0070,狄奥尼修（Dionysius）127 150—2 259,259,621,term
part0070,苏以达（Suidas）116,116,479,interp
part0070,苏拉（Sulla）265,265,626,term1
part0070,苏格拉底（Sokrates）5 7 13—4 19 21—4,5,372,term
part0070,苏格拉底（Sokrates）5 7 13—4 19 21—4,7,374,term
part0070,苏格拉底（Sokrates）5 7 13—4 19 21—4,13—4,380—381,range
part0070,苏格拉底（Sokrates）5 7 13—4 19 21—4,19,386,term
part0070,苏格拉底（Sokrates）5 7 13—4 19 21—4,21—4,387—391,range
part0070,26—9 39—104 107—9 120 124—6 128 130 138—,26—9,392—395,range
part0070,26—9 39—104 107—9 120 124—6 128 130 138—,39—104,404—468,range
part0070,26—9 39—104 107—9 120 124—6 128 130 138—,107—9,470—473,range
part0070,26—9 39—104 107—9 120 124—6 128 130 138—,120,483,term
part0070,26—9 39—104 107—9 120 124—6 128 130 138—,124—6,486—489,range
part0070,26—9 39—104 107—9 120 124—6 128 130 138—,128,490,term
part0070,26—9 39—104 107—9 120 124—6 128 130 138—,130,492,term
part0070,26—9 39—104 107—9 120 124—6 128 130 138—,138—40,499—502,range
part0070,26—9 39—104 107—9 120 124—6 128 130 138—,145—9,,none
part0070,26—9 39—104 107—9 120 124—6 128 130 138—,162,528,term
part0070,26—9 39—104 107—9 120 124—6 128 130 138—,165—6,530—532,range
part0070,26—9 39—104 107—9 120 124—6 128 130 138—,170—1,535—537,range
part0070,26—9 39—104 107—9 120 124—6 128 130 138—,174,539,term
part0070,26—9 39—104 107—9 120 124—6 128 130 138—,176,541,term
part0070,26—9 39—104 107—9 120 124—6 128 130 138—,182—3,547—548,range
part0070,26—9 39—104 107—9 120 124—6 128 130 138—,191,556,term
part0070,26—9 39—104 107—9 120 124—6 128 130 138—,195,560,term
part0070,26—9 39—104 107—9 120 124—6 128 130 138—,197,562,term
part0070,26—9 39—104 107—9 120 124—6 128 130 138—,204,568,term
part0070,26—9 39—104 107—9 120 124—6 128 130 138—,208,572,term
part0070,26—9 39—104 107—9 120 124—6 128 130 138—,248,610,term
part0070,26—9 39—104 107—9 120 124—6 128 130 138—,253,614,term
part0070,26—9 39—104 107—9 120 124—6 128 130 138—,257,619,term
part0070,26—9 39—104 107—9 120 124—6 128 130 138—,271,632,term
part0070,26—9 39—104 107—9 120 124—6 128 130 138—,277,637,term
part0070,26—9 39—104 107—9 120 124—6 128 130 138—,341,700,term
part0070,26—9 39—104 107—9 120 124—6 128 130 138—,5,372,term
part0070,26—9 39—104 107—9 120 124—6 128 130 138—,7,374,term
part0070,26—9 39—104 107—9 120 124—6 128 130 138—,105—44,468,range
part0070,26—9 39—104 107—9 120 124—6 128 130 138—,174,539,term
part0070,26—9 39—104 107—9 120 124—6 128 130 138—,82,446,term
part0070,26—9 39—104 107—9 120 124—6 128 130 138—,86,450,term
part0070,26—9 39—104 107—9 120 124—6 128 130 138—,91,455,term
part0070,26—9 39—104 107—9 120 124—6 128 130 138—,47,412,term
part0070,26—9 39—104 107—9 120 124—6 128 130 138—,77,441,term
part0070,26—9 39—104 107—9 120 124—6 128 130 138—,56,420,term1
part0070,辛普里丘（Simplicius）124,124,487,interp
part0070,阿加德摩（Akademos）150,150,516,term1
part0070,阿卡底（Arkadien）152,152,518,term1
part0070,阿尔其比亚德（Alkibiades）45—6 49 103 147,45—6,410—412,range
part0070,阿尔其比亚德（Alkibiades）45—6 49 103 147,49,414,term
part0070,阿尔其比亚德（Alkibiades）45—6 49 103 147,103,467,term
part0070,阿尔其比亚德（Alkibiades）45—6 49 103 147,147,514,term
part0070,阿尔刻劳（Archelaus）45,45,410,term1
part0070,阿尔基塔（Archytas）149 152,149,516,term
part0070,阿尔基塔（Archytas）149 152,152,518,term
part0070,阿布德拉（Abdera）26,26,392,term1
part0070,阿里斯同（Ariston）147,147,514,term1
part0070,阿里斯多芬（Aristophanes）50 56 74—8 88 158,50,415,term
part0070,阿里斯多芬（Aristophanes）50 56 74—8 88 158,56,420,term
part0070,阿里斯多芬（Aristophanes）50 56 74—8 88 158,74—8,438—443,range
part0070,阿里斯多芬（Aristophanes）50 56 74—8 88 158,88,452,term
part0070,阿里斯多芬（Aristophanes）50 56 74—8 88 158,158,524,term
part0070,阿里斯托吉顿（Aristgiton）143,143,504,term1
part0070,阿里斯底波（Aristipp）125—31 142；,125—31,487—493,range
part0070,阿里斯底波（Aristipp）125—31 142；,142,503,term
part0070,小～127,127,489,interp
part0070,阿那克萨戈拉（Anaxagoras）5—7 27,5—7,372—375,range
part0070,阿那克萨戈拉（Anaxagoras）5—7 27,27,393,term
part0070,39—40 45 61 90 100 314,39—40,404—406,range
part0070,39—40 45 61 90 100 314,45,410,term
part0070,39—40 45 61 90 100 314,61,426,term
part0070,39—40 45 61 90 100 314,90,454,term
part0070,39—40 45 61 90 100 314,100,463,term
part0070,39—40 45 61 90 100 314,314,674,term
part0070,阿明塔（Amyntas）257,257,619,term1
part0070,阿拉伯360,360,719,term
part0070,阿波罗（Apollon）92 263,92,456,term
part0070,阿波罗（Apollon）92 263,263,624,term
part0070,阿金努色（Arginuse）46,46,412,term1
part0070,阿柏利康（Apellikon）265,265,626,term1
part0070,阿斯巴西姬（Aspasia）100,100,464,interp
part0070,阿斯特（Ast）55,55,419,term
part0070,阿斯特尔（Aster）148,148,514,term
part0070,阿基里斯（Achilles）100,100,464,term1
part0070,阿塔尔尼亚（Atarnea）258,258,620,term1
part0070,阿塔泽尔士（Artaxerxes）258,258,620,term
part0070,阿提卡（Attica）50—1,50—1,415—416,range
part0070,阿蒙教（Ammonier）262,262,624,interp
part0070,阿嘉通（Agathon）49—50 158,49—50,414—415,range
part0070,阿嘉通（Agathon）49—50 158,158,524,term
part0070,Vernunft）352,352,710,interp
part0070,依斯特（Ister）262,262,623,term1
part0070,刻卜勒（Kepler）233,233,596,interp
part0070,孟德尔森（Mendelssohn）125 196,125,488,term
part0070,孟德尔森（Mendelssohn）125 196,196,561,term
part0070,居勒尼（Cyrene）125 149 152；～派,125,487,term
part0070,居勒尼（Cyrene）125 149 152；～派,149,515,term
part0070,居勒尼（Cyrene）125 149 152；～派,152,518,term
part0070,109—10 125—36 137 147 164,109—10,472—474,range
part0070,109—10 125—36 137 147 164,125—36,487—498,range
part0070,109—10 125—36 137 147 164,137,498,term
part0070,109—10 125—36 137 147 164,147,514,term
part0070,109—10 125—36 137 147 164,164,530,term
part0070,居诺萨格（Cynosarges）138,138,499,term1
part0070,《国家》篇（Staat）60 165 168 185 187,60,425,term
part0070,《国家》篇（Staat）60 165 168 185 187,165,531,term
part0070,《国家》篇（Staat）60 165 168 185 187,168,534,term
part0070,《国家》篇（Staat）60 165 168 185 187,185,550,term
part0070,《国家》篇（Staat）60 165 168 185 187,187,552,term
part0070,190 213 232,190,555,term
part0070,190 213 232,213,577,term
part0070,190 213 232,232,595,term
part0070,帖撒利（Thessalien）33,33,398,term1
part0070,所罗门（Salomon）114,114,477,term1
part0070,奈美西（Nemesis）214,214,578,term
part0070,奈勒乌（Neleus）264,264,626,term
part0070,宗教改革267,267,628,term1
part0070,宙斯（Zeus）16 55 181 246 294 346,16,383,term
part0070,宙斯（Zeus）16 55 181 246 294 346,55,420,term
part0070,宙斯（Zeus）16 55 181 246 294 346,181,546,term
part0070,宙斯（Zeus）16 55 181 246 294 346,246,609,term
part0070,宙斯（Zeus）16 55 181 246 294 346,294,654,term
part0070,宙斯（Zeus）16 55 181 246 294 346,346,705,term
part0070,拉里萨（Larissa）33,33,398,term1
part0070,欧几里德（Euklid）108 110 111—3 149,108,472,term
part0070,欧几里德（Euklid）108 110 111—3 149,110,474,term
part0070,欧几里德（Euklid）108 110 111—3 149,111—3,474—477,range
part0070,欧几里德（Euklid）108 110 111—3 149,149,515,term
part0070,欧布里德（Eubulides）112 113—20,112,476,term
part0070,欧布里德（Eubulides）112 113—20,113—20,476—483,range
part0070,欧洲20 152,20,387,term
part0070,欧洲20 152,152,518,interp
part0070,《欧德米伦理学》（Ethica Eudemia）339,339,698,term1
part0070,欧蒂德谟（Euthydemos）24 73—4；《～》篇24,24,391,interp
part0070,欧蒂德谟（Euthydemos）24 73—4；《～》篇24,73—4,437—439,range
part0070,欧蒂德谟（Euthydemos）24 73—4；《～》篇24,24,391,interp
part0070,波尔费留（Porphyrius）355,355,713,term1
part0070,波奥底亚（Botien）46,46,411,term1
part0070,波提代亚（Potidäa）45,45,410,term1
part0070,波斯258 260 262—3,258,620,term
part0070,波斯258 260 262—3,260,622,term
part0070,波斯258 260 262—3,262—3,623—625,range
part0070,波斯波里（Perspolis）262,262,623,term
part0070,法国13 168 257 270 365；～革命,13,380,term
part0070,法国13 168 257 270 365；～革命,168,533,term
part0070,法国13 168 257 270 365；～革命,257,618,term
part0070,法国13 168 257 270 365；～革命,270,631,term
part0070,法国13 168 257 270 365；～革命,365,723,term
part0070,152,152,518,interp
part0070,《物理学》（Physica）289 310,289,649,term
part0070,《物理学》（Physica）289 310,310,671,term
part0070,罗马49 84 98 168 265,49,414,term
part0070,罗马49 84 98 168 265,84,448,term
part0070,罗马49 84 98 168 265,98,462,term
part0070,罗马49 84 98 168 265,168,533,term
part0070,罗马49 84 98 168 265,265,626,term
part0070,罗密欧（Romeo）148,148,515,term1
part0070,非洲125 128 140 149,125,488,term
part0070,非洲125 128 140 149,128,491,term
part0070,非洲125 128 140 149,140,502,term
part0070,非洲125 128 140 149,149,515,term
part0070,英国97 99 167,97,461,term
part0070,英国97 99 167,99,462,term
part0070,英国97 99 167,167,532,term
part0070,《范畴论》（Categoriae）348—58,348—58,706—717,range
part0070,凯撒（C.sar）264,264,626,term1
part0070,经院哲学（Scholastik）267,267,628,term
part0070,《经济学》（Oeconomica）317,317,677,term1
part0070,《诗学》（Poetica）266,266,627,term1
part0070,诡辩派（Eristiker）110,110,474,term
part0070,图居第德（Thukydides）27 32 48 63,27,393,term
part0070,图居第德（Thukydides）27 32 48 63,32,398,term
part0070,图居第德（Thukydides）27 32 48 63,48,413,term
part0070,图居第德（Thukydides）27 32 48 63,63,428,term
part0070,泽尔士（Xerxes）262,262,624,term
part0070,俄罗斯237,237,600,term1
part0070,叙利亚（Syrien）261,261,622,term1
part0070,叙拉古（Syrakus）150,150,516,term
part0070,品达（Pindar）177,177,542,term1
part0070,哈尔谟第乌（Harmodius）143,143,504,term1
part0070,哈勒（Halle）214,214,578,term1
part0070,战神（Mars）55,55,420,term1
part0070,《政治学》（Politica）317,317,677,term
part0070,施塔尔（Stahl）373,373,,none
part0070,施雷格尔（Schlegel， Friedrich von）55,55,419,term1
part0070,柯斯（Kos）116,116,479,term1
part0070,柏加孟（Pergama）265,265,626,term1
part0070,柏克尔（Bekker）12,12,379,interp
part0070,柏里克勒（Perikles）10 17 27 48 98,10,377,term
part0070,柏里克勒（Perikles）10 17 27 48 98,17,384,term
part0070,柏里克勒（Perikles）10 17 27 48 98,27,393,term
part0070,柏里克勒（Perikles）10 17 27 48 98,48,413,term
part0070,柏里克勒（Perikles）10 17 27 48 98,98,462,term
part0070,100 104 147 263,100,463,term
part0070,100 104 147 263,104,468,term
part0070,100 104 147 263,147,514,term
part0070,100 104 147 263,263,624,term
part0070,柏拉图（Platon）5 9 13 19 21—3 26 28—30 40—2 ,5,372,term
part0070,柏拉图（Platon）5 9 13 19 21—3 26 28—30 40—2 ,9,376,term
part0070,柏拉图（Platon）5 9 13 19 21—3 26 28—30 40—2 ,13,380,term
part0070,柏拉图（Platon）5 9 13 19 21—3 26 28—30 40—2 ,19,386,term
part0070,柏拉图（Platon）5 9 13 19 21—3 26 28—30 40—2 ,21—3,387—390,range
part0070,柏拉图（Platon）5 9 13 19 21—3 26 28—30 40—2 ,26,392,term
part0070,柏拉图（Platon）5 9 13 19 21—3 26 28—30 40—2 ,28—30,393—396,range
part0070,柏拉图（Platon）5 9 13 19 21—3 26 28—30 40—2 ,40—2,405—408,range
part0070,柏拉图（Platon）5 9 13 19 21—3 26 28—30 40—2 ,45,410,term
part0070,柏拉图（Platon）5 9 13 19 21—3 26 28—30 40—2 ,49—51,414—416,range
part0070,柏拉图（Platon）5 9 13 19 21—3 26 28—30 40—2 ,56—60,420—425,range
part0070,柏拉图（Platon）5 9 13 19 21—3 26 28—30 40—2 ,64—5,428—430,range
part0070,柏拉图（Platon）5 9 13 19 21—3 26 28—30 40—2 ,70,434,term
part0070,柏拉图（Platon）5 9 13 19 21—3 26 28—30 40—2 ,89,453,term
part0070,柏拉图（Platon）5 9 13 19 21—3 26 28—30 40—2 ,100,464,term
part0070,柏拉图（Platon）5 9 13 19 21—3 26 28—30 40—2 ,105,468,term
part0070,柏拉图（Platon）5 9 13 19 21—3 26 28—30 40—2 ,107,471,term
part0070,柏拉图（Platon）5 9 13 19 21—3 26 28—30 40—2 ,109,472,term
part0070,柏拉图（Platon）5 9 13 19 21—3 26 28—30 40—2 ,114—5,477—479,range
part0070,柏拉图（Platon）5 9 13 19 21—3 26 28—30 40—2 ,127,490,term
part0070,柏拉图（Platon）5 9 13 19 21—3 26 28—30 40—2 ,130,492,term
part0070,柏拉图（Platon）5 9 13 19 21—3 26 28—30 40—2 ,142—3,503—505,range
part0070,柏拉图（Platon）5 9 13 19 21—3 26 28—30 40—2 ,145—255,,none
part0070,柏拉图（Platon）5 9 13 19 21—3 26 28—30 40—2 ,255—9,616—621,range
part0070,柏拉图（Platon）5 9 13 19 21—3 26 28—30 40—2 ,262,623,term
part0070,柏拉图（Platon）5 9 13 19 21—3 26 28—30 40—2 ,267,628,term
part0070,柏拉图（Platon）5 9 13 19 21—3 26 28—30 40—2 ,269,630,term
part0070,柏拉图（Platon）5 9 13 19 21—3 26 28—30 40—2 ,271—4,632—636,range
part0070,柏拉图（Platon）5 9 13 19 21—3 26 28—30 40—2 ,280—1,640—642,range
part0070,柏拉图（Platon）5 9 13 19 21—3 26 28—30 40—2 ,340,699,term
part0070,柏拉图（Platon）5 9 13 19 21—3 26 28—30 40—2 ,344—6,702—705,range
part0070,柏拉图（Platon）5 9 13 19 21—3 26 28—30 40—2 ,363—4,721—723,range
part0070,柏拉图（Platon）5 9 13 19 21—3 26 28—30 40—2 ,84,449,term1
part0070,柏拉图（Platon）5 9 13 19 21—3 26 28—30 40—2 ,156—9,522—526,range
part0070,柏拉图（Platon）5 9 13 19 21—3 26 28—30 40—2 ,162,527,term
part0070,柏拉图（Platon）5 9 13 19 21—3 26 28—30 40—2 ,196,561,term
part0070,柏拉图（Platon）5 9 13 19 21—3 26 28—30 40—2 ,184,549,term
part0070,洛克（Locke）257,257,618,term
part0070,美洲33,33,399,term1
part0070,美神（Grazien）139,139,501,term
part0070,美诺（Menon）21 59—60；《~》篇59,21,388,interp
part0070,美诺（Menon）21 59—60；《~》篇59,59—60,423—425,range
part0070,美诺（Menon）21 59—60；《~》篇59,59,424,term
part0070,美兰窦（Melantho）129,129,491,term1
part0070,胡顿（Hutten）124,124,487,interp
part0070,费希特（Fichte）55 328,55,419,term
part0070,费希特（Fichte）55 328,328,687,term
part0070,费娜雷特（Phnarete）44,44,410,term1
part0070,费罗劳（Philolaus）149,149,516,term1
part0070,贺拉西（Horaz）128,128,490,interp
part0070,原子论39 212,39,404,term
part0070,原子论39 212,212,576,term
part0070,哥白尼（Kopernikus）33,33,399,term1
part0070,哥林特（Korinthos）142,142,503,term1
part0070,《唐·吉诃德》（Don Quixote）116,116,480,term1
part0070,高尔吉亚（Gorgias）26 32—8 138； 《～》篇23,26,392,term
part0070,高尔吉亚（Gorgias）26 32—8 138； 《～》篇23,32—8,397—404,range
part0070,高尔吉亚（Gorgias）26 32—8 138； 《～》篇23,138,500,term
part0070,高尔吉亚（Gorgias）26 32—8 138； 《～》篇23,23,390,term1
part0070,高德鲁（Kodrus）147,147,514,term1
part0070,埃及149 254 261,149,516,term
part0070,埃及149 254 261,254,615,term
part0070,埃及149 254 261,261,622,term
part0070,埃多尼（Edonis）46,46,411,term1
part0070,恩培多克勒（Empedokles）33 294,33,398,term
part0070,恩培多克勒（Empedokles）33 294,294,655,term
part0070,桑差·邦札（Sancho Panza）116—7,116—7,479—481,range
part0070,格劳孔（Glaukon）165—6 170,165—6,530—532,range
part0070,格劳孔（Glaukon）165—6 170,170,535,term
part0070,《泰阿泰德》篇（Theätet）28—30,28—30,393—396,range
part0070,特罗亚（Troja）260,260,622,term1
part0070,特拜（Thebes）144 301,144,505,term
part0070,特拜（Thebes）144 301,301,662,term
part0070,留基波（Leukipp）171 281 363,171,537,term
part0070,留基波（Leukipp）171 281 363,281,642,term
part0070,留基波（Leukipp）171 281 363,363,721,term
part0070,索夫罗尼斯库（Sophroniskus）44,44,410,term1
part0070,索福克勒（Sophokles）41 48 75 98,41,406,term
part0070,索福克勒（Sophokles）41 48 75 98,48,413,term
part0070,索福克勒（Sophokles）41 48 75 98,75,439,term
part0070,索福克勒（Sophokles）41 48 75 98,98,462,term
part0070,爱伯哈尔特（Eberhardt）125,125,488,term1
part0070,爱利亚（Elea）9；～派25 33 111—2,9,376,term
part0070,爱利亚（Elea）9；～派25 33 111—2,25,392,term
part0070,爱利亚（Elea）9；～派25 33 111—2,33,398,term
part0070,爱利亚（Elea）9；～派25 33 111—2,111—2,474—476,range
part0070,149 156 195 274,149,515,term
part0070,149 156 195 274,156,522,term
part0070,149 156 195 274,195,560,term
part0070,149 156 195 274,274,635,term
part0070,爱庇米修（Epimetheus）16,16,383,term
part0070,爱神（Aphrodite）55,55,420,term
part0070,爱勒克特拉（Elektra）118,118,481,term
part0070,爱斯基勒（Aeschyles）74,74,438,term1
part0070,爱琴拿（Aegina）142,142,503,term1
part0070,莎士比亚（Shakespeare）148,148,515,term1
part0070,荷马（Homer）14 55 100 158 214,14,381,term
part0070,荷马（Homer）14 55 100 158 214,55,420,term
part0070,荷马（Homer）14 55 100 158 214,100,464,term
part0070,荷马（Homer）14 55 100 158 214,158,524,term
part0070,荷马（Homer）14 55 100 158 214,214,578,term
part0070,逍遥派（Peripetatiker）135 363,135,497,term
part0070,逍遥派（Peripetatiker）135 363,363,721,term
part0070,基督102 123 196,102,466,term
part0070,基督102 123 196,123,486,term
part0070,基督102 123 196,196,561,term
part0070,基督教22 146 167 218 235 253 360,22,388,term
part0070,基督教22 146 167 218 235 253 360,146,513,term
part0070,基督教22 146 167 218 235 253 360,167,533,term
part0070,基督教22 146 167 218 235 253 360,218,582,term
part0070,基督教22 146 167 218 235 253 360,235,597,term
part0070,基督教22 146 167 218 235 253 360,253,615,term
part0070,基督教22 146 167 218 235 253 360,360,719,term
part0070,康德（Kant）29 31 38 42 125 292,29,395,term
part0070,康德（Kant）29 31 38 42 125 292,31,397,term
part0070,康德（Kant）29 31 38 42 125 292,38,403,term
part0070,康德（Kant）29 31 38 42 125 292,42,407,term
part0070,康德（Kant）29 31 38 42 125 292,125,488,term
part0070,康德（Kant）29 31 38 42 125 292,292,653,term
part0070,296 298 317,296,657,term
part0070,296 298 317,298,657,term
part0070,296 298 317,317,677,term
part0070,教友派（Quäker）99 235—6,99,463,term
part0070,教友派（Quäker）99 235—6,235—6,598—599,range
part0070,梭仑（Solon）147 153,147,514,term
part0070,梭仑（Solon）147 153,153,519,term
part0070,梅内德谟（Menedemos）111 117,111,474,term
part0070,梅内德谟（Menedemos）111 117,117,480,term
part0070,梅利托（Melitos）96,96,460,interp
part0070,梅罗（Melos）147,147,514,term1
part0070,梅纳鸠（Menagius）44 116,44,409,interp
part0070,梅纳鸠（Menagius）44 116,116,479,interp
part0070,梅菲斯特菲勒斯（Mephistopheles）56,56,421,interp
part0070,盖斯福（Gaisford）113,113,477,interp
part0070,第开亚尔可（Dicäarchos）362,362,721,term1
part0070,第亚戈拉（Diagoras）147,147,514,term1
part0070,第欧尼修多罗（Dionysiodoros）24,24,391,interp
part0070,第欧多罗（Diodorus）111 114,111,474,term
part0070,第欧多罗（Diodorus）111 114,114,477,term
part0070,第欧多罗·西古鲁（Diodorus Sikulas）32,32,398,term1
part0070,Sinope） 140—1,140—1,501—503,range
part0070,26—7 42 108 121 190 264,26—7,392—393,range
part0070,26—7 42 108 121 190 264,42,407,term
part0070,26—7 42 108 121 190 264,108,472,term
part0070,26—7 42 108 121 190 264,121,484,term
part0070,26—7 42 108 121 190 264,190,555,term
part0070,26—7 42 108 121 190 264,264,625,term
part0070,《菲利布》篇（Philebos）197 204 212,197,562,term
part0070,《菲利布》篇（Philebos）197 204 212,204,569,term
part0070,《菲利布》篇（Philebos）197 204 212,212,576,term
part0070,提德曼（Tiedemann）33 209,33,399,term
part0070,提德曼（Tiedemann）33 209,209,574,term
part0070,提兰尼奥（Tyrannio）265,265,626,term1
part0070,斐多（Phaidon）108；《~》篇158 196,108,472,term
part0070,斐多（Phaidon）108；《~》篇158 196,158,524,term
part0070,斐多（Phaidon）108；《~》篇158 196,196,561,term
part0070,斐勒塔（Philetas）116,116,479,term1
part0070,斐德罗（Phaidros）158；《~》篇158,158,524,term
part0070,斐德罗（Phaidros）158；《~》篇158,158,524,term
part0070,177—8 182 202 216,177—8,542—544,range
part0070,177—8 182 202 216,182,547,term
part0070,177—8 182 202 216,202,567,term
part0070,177—8 182 202 216,216,580,term
part0070,斯巴达（Sparta）46 63 104,46,411,term
part0070,斯巴达（Sparta）46 63 104,63,427,term
part0070,斯巴达（Sparta）46 63 104,104,468,term
part0070,斯多葛派（Stoiker）110 116 130 135—7,110,474,term
part0070,斯多葛派（Stoiker）110 116 130 135—7,116,479,term
part0070,斯多葛派（Stoiker）110 116 130 135—7,130,492,term
part0070,斯多葛派（Stoiker）110 116 130 135—7,135—7,496—499,range
part0070,139 232 362 366,139,500,term
part0070,139 232 362 366,232,595,term
part0070,139 232 362 366,362,720,term
part0070,139 232 362 366,366,724,term
part0070,斯托拜欧（Stobäus）113,113,477,interp
part0070,斯居拉（Scylla）37,37,403,term1
part0070,斯底尔波（Stilpo）111—2 115 119,111—2,474—476,range
part0070,斯底尔波（Stilpo）111—2 115 119,115,479,term
part0070,斯底尔波（Stilpo）111—2 115 119,119,482,term
part0070,120—5,120—5,482—488,range
part0070,斯特方（Stephanus）13,13,380,interp
part0070,斯特吕摩尼亚（Strymonien）46 257,46,411,term
part0070,斯特吕摩尼亚（Strymonien）46 257,257,619,term
part0070,斯特拉波（Strabo）265,265,626,interp
part0070,斯特拉陀（Strato）362,362,721,term
part0070,斯特雷普夏德（Strepsiades）76—8,76—8,440—443,range
part0070,斯塔吉拉（Stagira）257,257,619,term1
part0070,斯彪西波（Speusippos）258,258,619,term
part0070,智者（Sophisten）5 7—38 40—1 45 53,5,372,term
part0070,智者（Sophisten）5 7—38 40—1 45 53,7—38,374—404,range
part0070,智者（Sophisten）5 7—38 40—1 45 53,40—1,405—407,range
part0070,智者（Sophisten）5 7—38 40—1 45 53,45,410,term
part0070,智者（Sophisten）5 7—38 40—1 45 53,53,417,term
part0070,55 61 70 90 96 111 114 147 156,55,419,term
part0070,55 61 70 90 96 111 114 147 156,61,425,term
part0070,55 61 70 90 96 111 114 147 156,70,435,term
part0070,55 61 70 90 96 111 114 147 156,90,454,term
part0070,55 61 70 90 96 111 114 147 156,96,460,term
part0070,55 61 70 90 96 111 114 147 156,111,474,term
part0070,55 61 70 90 96 111 114 147 156,114,477,term
part0070,55 61 70 90 96 111 114 147 156,147,514,term
part0070,55 61 70 90 96 111 114 147 156,156,522,term
part0070,160 174 185 195 198—9 201—2; 《～》篇197—8,160,526,term
part0070,160 174 185 195 198—9 201—2; 《～》篇197—8,174,540,term
part0070,160 174 185 195 198—9 201—2; 《～》篇197—8,185,550,term
part0070,160 174 185 195 198—9 201—2; 《～》篇197—8,195,560,term
part0070,160 174 185 195 198—9 201—2; 《～》篇197—8,198—9,562—564,range
part0070,160 174 185 195 198—9 201—2; 《～》篇197—8,201—2,565—567,range
part0070,160 174 185 195 198—9 201—2; 《～》篇197—8,197—8,561—563,range
part0070,114—5 120 355,114—5,477—479,range
part0070,114—5 120 355,120,483,term
part0070,114—5 120 355,355,713,term
part0070,普里尼（Plinius）263,263,624,term
part0070,普罗米修（Prometheus）16,16,383,term
part0070,普罗克洛（Proklus）209,209,574,term1
part0070,普罗克塞那（Proxenus）257,257,619,term
part0070,普罗第科（Prodikus）14 26 45,14,380,term
part0070,普罗第科（Prodikus）14 26 45,26,392,term
part0070,普罗第科（Prodikus）14 26 45,45,410,term
part0070,普罗泰戈拉（Protagoras）13—8 20 26—32 33 39—40 ,13—8,380—385,range
part0070,普罗泰戈拉（Protagoras）13—8 20 26—32 33 39—40 ,20,387,term
part0070,普罗泰戈拉（Protagoras）13—8 20 26—32 33 39—40 ,26—32,392—398,range
part0070,普罗泰戈拉（Protagoras）13—8 20 26—32 33 39—40 ,33,399,term
part0070,普罗泰戈拉（Protagoras）13—8 20 26—32 33 39—40 ,39—40,404—406,range
part0070,普罗泰戈拉（Protagoras）13—8 20 26—32 33 39—40 ,67,431,term
part0070,普罗泰戈拉（Protagoras）13—8 20 26—32 33 39—40 ,90,454,term
part0070,普罗泰戈拉（Protagoras）13—8 20 26—32 33 39—40 ,174,540,term
part0070,普罗泰戈拉（Protagoras）13—8 20 26—32 33 39—40 ,186,551,term
part0070,普罗泰戈拉（Protagoras）13—8 20 26—32 33 39—40 ,199,564,term
part0070,普罗泰戈拉（Protagoras）13—8 20 26—32 33 39—40 ,200,565,term
part0070,普罗泰戈拉（Protagoras）13—8 20 26—32 33 39—40 ,13—21,380—388,range
part0070,普鲁泰克（Plutarch）27 113 124 153,27,393,interp
part0070,普鲁泰克（Plutarch）27 113 124 153,113,477,interp
part0070,普鲁泰克（Plutarch）27 113 124 153,124,487,interp
part0070,普鲁泰克（Plutarch）27 113 124 153,153,519,interp
part0070,湿婆（Siwa）262,262,623,term1
part0070,腓立（Philip）257 259,257,619,term
part0070,腓立（Philip）257 259,259,620,term
part0070,腓特力（Friedrich）168,168,533,term1
part0070,道卜（Daub）223,223,587,term1
part0070,黑格尔（Hegel）152 210 249—50 252,152,518,interp
part0070,黑格尔（Hegel）152 210 249—50 252,210,574,interp
part0070,黑格尔（Hegel）152 210 249—50 252,249—50,611—612,range
part0070,黑格尔（Hegel）152 210 249—50 252,252,614,interp
part0070,黑梅斯（Hermes）16,16,383,term
part0070,奥尔斐（Ozpheus）14,14,381,term
part0070,奥拉·格利乌（Aulus Gellius）111 260,111,475,interp
part0070,奥拉·格利乌（Aulus Gellius）111 260,260,622,interp
part0070,奥林比娅（Olympia）259,259,621,term1
part0070,奥勒留，马尔可（Aurelius， Marcus）167,167,533,term
part0070,奥勒斯特（Orest）118,118,481,term
part0070,《奥德赛》（Odysee）129,129,491,term1
part0070,塔仑丁（Tarentin）14 149 152,14,381,term
part0070,塔仑丁（Tarentin）14 149 152,149,516,term
part0070,塔仑丁（Tarentin）14 149 152,152,518,term
part0070,蒂迈欧（Tim.eus）《～》篇157 163,157,523,term
part0070,蒂迈欧（Tim.eus）《～》篇157 163,163,529,term
part0070,165 190 211 213—4 223 229 246,165,530,term
part0070,165 190 211 213—4 223 229 246,190,555,term
part0070,165 190 211 213—4 223 229 246,211,576,term
part0070,165 190 211 213—4 223 229 246,213—4,577—579,range
part0070,165 190 211 213—4 223 229 246,223,587,term
part0070,165 190 211 213—4 223 229 246,229,592,term
part0070,165 190 211 213—4 223 229 246,246,608,term
part0070,253—4 269,253—4,614—616,range
part0070,253—4 269,269,631,term
part0070,雅典（Athenes）13 16 27 32 39 42 44—6,13,380,term
part0070,雅典（Athenes）13 16 27 32 39 42 44—6,16,383,term
part0070,雅典（Athenes）13 16 27 32 39 42 44—6,27,393,term
part0070,雅典（Athenes）13 16 27 32 39 42 44—6,32,398,term
part0070,雅典（Athenes）13 16 27 32 39 42 44—6,39,404,term
part0070,雅典（Athenes）13 16 27 32 39 42 44—6,42,408,term
part0070,雅典（Athenes）13 16 27 32 39 42 44—6,44—6,409—412,range
part0070,51 62—3 74—6 80 87—9 93 96—104 109 111 1,51,416,term
part0070,51 62—3 74—6 80 87—9 93 96—104 109 111 1,62—3,427—428,range
part0070,51 62—3 74—6 80 87—9 93 96—104 109 111 1,74—6,438—441,range
part0070,51 62—3 74—6 80 87—9 93 96—104 109 111 1,80,444,term
part0070,51 62—3 74—6 80 87—9 93 96—104 109 111 1,87—9,451—454,range
part0070,51 62—3 74—6 80 87—9 93 96—104 109 111 1,93,457,term
part0070,51 62—3 74—6 80 87—9 93 96—104 109 111 1,96—104,460—468,range
part0070,51 62—3 74—6 80 87—9 93 96—104 109 111 1,109,472,term
part0070,51 62—3 74—6 80 87—9 93 96—104 109 111 1,111,475,term
part0070,51 62—3 74—6 80 87—9 93 96—104 109 111 1,121,484,term
part0070,51 62—3 74—6 80 87—9 93 96—104 109 111 1,126,488,term
part0070,51 62—3 74—6 80 87—9 93 96—104 109 111 1,138,499,term
part0070,51 62—3 74—6 80 87—9 93 96—104 109 111 1,147,513,term
part0070,51 62—3 74—6 80 87—9 93 96—104 109 111 1,149—50,515—517,range
part0070,51 62—3 74—6 80 87—9 93 96—104 109 111 1,153,519,term
part0070,51 62—3 74—6 80 87—9 93 96—104 109 111 1,159,524,term
part0070,51 62—3 74—6 80 87—9 93 96—104 109 111 1,190,555,term
part0070,51 62—3 74—6 80 87—9 93 96—104 109 111 1,215,579,term
part0070,51 62—3 74—6 80 87—9 93 96—104 109 111 1,258,620,term
part0070,51 62—3 74—6 80 87—9 93 96—104 109 111 1,262—3,623—625,range
part0070,51 62—3 74—6 80 87—9 93 96—104 109 111 1,265,626,term
part0070,51 62—3 74—6 80 87—9 93 96—104 109 111 1,301,662,term
part0070,《雅典纪事》（Noctes atticae）111 116 260,111,475,interp
part0070,《雅典纪事》（Noctes atticae）111 116 260,116,479,interp
part0070,《雅典纪事》（Noctes atticae）111 116 260,260,622,interp
part0070,锐德（Ritter）261,261,623,term1
part0070,谢林（Schelling）284,284,645,term1
part0070,塞克斯都·恩披里可（Sextus Empiricus）26 33—4 147,26,392,term
part0070,塞克斯都·恩披里可（Sextus Empiricus）26 33—4 147,33—4,398—400,range
part0070,塞克斯都·恩披里可（Sextus Empiricus）26 33—4 147,147,514,term
part0070,塞林布里亚（Selymbrien）14,14,381,term1
part0070,塞诺芬尼（Xenophanes）33 35,33,398,term1
part0070,塞诺芬尼（Xenophanes）33 35,35,400,interp
part0070,新亚里士多德派（Neuaristotelianer）267,267,628,term1
part0070,新柏拉图派（Neuplatoniker）161 209—10 267,161,527,term
part0070,新柏拉图派（Neuplatoniker）161 209—10 267,209—10,573—575,range
part0070,新柏拉图派（Neuplatoniker）161 209—10 267,267,628,term
part0070,新学园派（Neuakademiker）130 255,130,492,term
part0070,新学园派（Neuakademiker）130 255,255,617,term
part0070,362,362,720,term
part0070,新毕泰戈拉派（Neupythagoräer） 267,267,628,term1
part0070,新教（Protestant）185,185,550,term
part0070,雷昂丘（Leontium）32,32,398,term1
part0070,福布斯（Phöbus）92,92,456,term1
part0070,福里斯（Fries）196,196,561,term1
part0070,裴汭洛佩（Penelope）129,129,491,term1
part0070,赫尔米亚（Hermias）258—60 263,258—60,619—622,range
part0070,赫尔米亚（Hermias）258—60 263,263,625,term
part0070,赫尔库勒（Herkules）26,26,392,term1
part0070,赫西阿德（Hesiod）14 246,14,381,term
part0070,赫西阿德（Hesiod）14 246,246,609,term
part0070,赫拉克利特（Heraklit）7 30—1 148—9,7,374,term
part0070,赫拉克利特（Heraklit）7 30—1 148—9,30—1,396—397,range
part0070,赫拉克利特（Heraklit）7 30—1 148—9,148—9,514—516,range
part0070,156 194—5 274,156,522,term
part0070,156 194—5 274,194—5,558—560,range
part0070,156 194—5 274,274,635,term
part0070,赫罗多德（Herodotus）84,84,449,interp
part0070,赫罗第科（Herodikus）14,14,381,term1
part0070,赫格西亚（Hegesias）127 131 133—5,127,489,term
part0070,赫格西亚（Hegesias）127 131 133—5,131,493,term
part0070,赫格西亚（Hegesias）127 131 133—5,133—5,494—497,range
part0070,缪塞（Musäus）14,14,381,term1
part0070,墨西拿（Messina）38 362,38,403,term
part0070,墨西拿（Messina）38 362,362,721,term
part0070,撒母尔（Samuel）247,247,609,term1
part0070,德尔斐（Delphi）92—3 149 258,92—3,456—458,range
part0070,德尔斐（Delphi）92—3 149 258,149,516,term
part0070,德尔斐（Delphi）92—3 149 258,258,620,term
part0070,德米斯多克勒（Themistokles）167,167,533,term1
part0070,德利欧（Delium）46,46,411,term1
part0070,德国74 113,74,439,term
part0070,德国74 113,113,477,term
part0070,德洛（Delos）149,149,516,term1
part0070,德约斯（Tejos）265,265,626,term1
part0070,德梅特留·法来留（Demetrius Phalereus）262,262,624,term1
part0070,liorcetes）120—1,120—1,482—484,range
part0070,德奥弗拉斯特（Theophrastus）264—5 362,264—5,625—626,range
part0070,德奥弗拉斯特（Theophrastus）264—5 362,362,720,term
part0079,《九章集》（Ennead）181,181,920,interp
part0079,十字军273 331 327,273,1013,term
part0079,十字军273 331 327,331,1072,term
part0079,十字军273 331 327,327,1063,term
part0079,大卫（David von Dinanto）295 299,295,1034,term
part0079,大卫（David von Dinanto）295 299,299,1037,term
part0079,大阿尔柏特（Albertus Magnus）295—6 300—2 310,295—6,1033—1034,range
part0079,大阿尔柏特（Albertus Magnus）295—6 300—2 310,300—2,1037—1040,range
part0079,大阿尔柏特（Albertus Magnus）295—6 300—2 310,310,1046,term
part0079,大马士革（Damascus）176 251,176,916,term
part0079,大马士革（Damascus）176 251,251,991,term
part0079,小亚细亚50 206,50,789,term
part0079,小亚细亚50 206,206,943,term
part0079,《工具论》（Organon）257 278 367,257,996,term
part0079,《工具论》（Organon）257 278 367,278,1018,term
part0079,《工具论》（Organon）257 278 367,367,1103,term
part0079,土耳其327 332,327,1062,term
part0079,土耳其327 332,332,1072,term
part0079,于格诺派（Huguenot）367,367,1104,term1
part0079,马尔柯（Marcus）170,170,911,term1
part0079,马可曼人（Markomannen）14,14,755,interp
part0079,马里奴（Marinus）206 207 224,206,942,term
part0079,马里奴（Marinus）206 207 224,207,944,term
part0079,马里奴（Marinus）206 207 224,224,959,term
part0079,马其顿（Macedonien）13,13,754,term1
part0079,马克西谟（Maximus）：底尔的～176；伐勒留～97,176,916,term1
part0079,马克西谟（Maximus）：底尔的～176；伐勒留～97,97,833,interp
part0079,马拉拉（Joan Malala）224,224,959,interp
part0079,马格努斯（Magnus）300,300,1038,term1
part0079,马约尔加（Majorka）316,316,1051,term1
part0079,马基雅弗利（Machiavelli）368,368,1104,term1
part0079,马孟（al-Mamon）251 257,251,991,term
part0079,马孟（al-Mamon）251 257,257,996,term
part0079,内安德（Neander）264,264,1004,interp
part0079,《反数学家》（Adversus mathematicos）115,115,849,term1
part0079,天主教293 342—3 361—4 374,293,1031,term
part0079,天主教293 342—3 361—4 374,342—3,1080—1082,range
part0079,天主教293 342—3 361—4 374,361—4,1097—1101,range
part0079,天主教293 342—3 361—4 374,374,1110,term
part0079,开西纳（C.cina）301,301,1039,term1
part0079,巴门尼德（Parmenides）111 165 174 186 212; 《～》,111,846,term
part0079,巴门尼德（Parmenides）111 165 174 186 212; 《～》,165,906,term
part0079,巴门尼德（Parmenides）111 165 174 186 212; 《～》,174,914,term
part0079,巴门尼德（Parmenides）111 165 174 186 212; 《～》,186,925,term
part0079,巴门尼德（Parmenides）111 165 174 186 212; 《～》,212,949,interp
part0079,巴门尼德（Parmenides）111 165 174 186 212; 《～》,210,946,term
part0079,巴门尼德（Parmenides）111 165 174 186 212; 《～》,212,949,interp
part0079,巴比伦（Babylonien）15,15,756,term1
part0079,巴尔布（Michael Barbus）284,284,1024,term1
part0079,巴尔拉安（Barlaam）332,332,1072,term1
part0079,巴尔·科赫巴斯（Bar Cochebas）168,168,909,term1
part0079,巴西利德（Basilides）170,170,910,term
part0079,巴托罗缪之夜（Bartholomäus-Nacht）367,367,1104,term1
part0079,巴杜亚（Padua）300 343,300,1038,term
part0079,巴杜亚（Padua）300 343,343,1081,term
part0079,巴格达（Bagdad）250 251 258,250,989,term
part0079,巴格达（Bagdad）250 251 258,251,991,term
part0079,巴格达（Bagdad）250 251 258,258,996,term
part0079,巴奈修（Panaetius）15,15,756,term1
part0079,巴塞尔（Basel）251,251,990,interp
part0079,巴黎207 275 297 299 300 316 341—2 353—60 3,207,944,term
part0079,巴黎207 275 297 299 300 316 341—2 353—60 3,275,1015,term
part0079,巴黎207 275 297 299 300 316 341—2 353—60 3,297,1035,term
part0079,巴黎207 275 297 299 300 316 341—2 353—60 3,299,1037,term
part0079,巴黎207 275 297 299 300 316 341—2 353—60 3,300,1037,term
part0079,巴黎207 275 297 299 300 316 341—2 353—60 3,316,1052,term
part0079,巴黎207 275 297 299 300 316 341—2 353—60 3,341—2,1080—1081,range
part0079,巴黎207 275 297 299 300 316 341—2 353—60 3,353—60,1090—1097,range
part0079,巴黎207 275 297 299 300 316 341—2 353—60 3,366,1102,term
part0079,巴黎207 275 297 299 300 316 341—2 353—60 3,372—4,1107—1110,range
part0079,巴黎207 275 297 299 300 316 341—2 353—60 3,293,1032,term
part0079,巴黎207 275 297 299 300 316 341—2 353—60 3,300,1037,term
part0079,巴黎207 275 297 299 300 316 341—2 353—60 3,309,1046,term
part0079,巴锡耳（Basilius）332,332,1072,term1
part0079,戈尔地安（Gordian）177,177,917,term1
part0079,戈尔宾（Gorbin）353,353,1090,term1
part0079,丹纳乌（Lambertus Danaeus）275,275,1014,term1
part0079,文艺复兴331—77,331—77,1071—1112,range
part0079,方济各派（Franziskaner）297 304—9,297,1035,term
part0079,方济各派（Franziskaner）297 304—9,304—9,1041—1046,range
part0079,日内瓦275 342,275,1015,term
part0079,日内瓦275 342,342,1081,term
part0079,日耳曼306 343,306,1043,term
part0079,日耳曼306 343,343,1081,term
part0079,比亚士（Bias）111,111,846,term1
part0079,比埃尔·隆巴德（Petrus Lombardus， Pierre Lombard,275,1014,term
part0079,比埃尔·隆巴德（Petrus Lombardus， Pierre Lombard,294—5,1032—1034,range
part0079,比埃尔·隆巴德（Petrus Lombardus， Pierre Lombard,301,1039,term
part0079,比埃尔·隆巴德（Petrus Lombardus， Pierre Lombard,312,1048,term
part0079,比柯（Picus，Pico）335,335,1074,term1
part0079,牛津284,284,1024,term
part0079,犬儒派（Cyniker）9—10 12 82,9—10,750—752,range
part0079,犬儒派（Cyniker）9—10 12 82,12,754,term
part0079,犬儒派（Cyniker）9—10 12 82,82,819,term
part0079,以色列（Israel）168 244 302,168,909,term
part0079,以色列（Israel）168 244 302,244,983,term
part0079,以色列（Israel）168 244 302,302,1039,term
part0079,以得撒（Edessa）250,250,989,term1
part0079,以撒克（Isaacus）302,302,1039,term1
part0079,瓦格纳（Wagner）351,351,1088,interp
part0079,邓尼曼（Tennemann）279 312,279,1019,interp
part0079,邓尼曼（Tennemann）279 312,312,1048,interp
part0079,邓斯（Duns Scotus）274 283 297—8,274,1014,term
part0079,邓斯（Duns Scotus）274 283 297—8,283,1023,term
part0079,邓斯（Duns Scotus）274 283 297—8,297—8,1035—1037,range
part0079,304,304,1041,term
part0079,《历史批判词典》（Dictionnaire critique et histor,371,1107,interp
part0079,贝内文特（Benevent）334,334,1073,term1
part0079,贝尔（Pierre Bayle）363 364,363,1099,term
part0079,贝尔（Pierre Bayle）363 364,364,1101,term
part0079,贝兹（Peza，Bèze）342,342,1081,term1
part0079,贝鲁特（Beirut）250,250,989,term1
part0079,贝萨里翁（Bessarion）334,334,1074,term1
part0079,乌尔夫（Wolf）102,102,837,term
part0079,卡巴拉（Kabbala）167；～派167—70 259 335 341,167,908,term
part0079,卡巴拉（Kabbala）167；～派167—70 259 335 341,167—70,907—911,range
part0079,卡巴拉（Kabbala）167；～派167—70 259 335 341,259,997,term
part0079,卡巴拉（Kabbala）167；～派167—70 259 335 341,335,1074,term
part0079,卡巴拉（Kabbala）167；～派167—70 259 335 341,341,1079,term
part0079,卡尔丹（Cardanus，Cardano）338—41 342 361,338—41,1077—1080,range
part0079,卡尔丹（Cardanus，Cardano）338—41 342 361,342,1080,term
part0079,卡尔丹（Cardanus，Cardano）338—41 342 361,361,1097,term
part0079,卡尔内亚德（Karneades）15 52 86 97—105 116 143,15,756,term
part0079,卡尔内亚德（Karneades）15 52 86 97—105 116 143,52,791,term
part0079,卡尔内亚德（Karneades）15 52 86 97—105 116 143,86,822,term
part0079,卡尔内亚德（Karneades）15 52 86 97—105 116 143,97—105,832—841,range
part0079,卡尔内亚德（Karneades）15 52 86 97—105 116 143,116,850,term
part0079,卡尔内亚德（Karneades）15 52 86 97—105 116 143,143,875,interp
part0079,卡西奥多尔（Cassiodorus）283 298,283,1023,term
part0079,卡西奥多尔（Cassiodorus）283 298,298,1036,term
part0079,卡拉布里亚（Kalabrien）332 341,332,1072,term
part0079,卡拉布里亚（Kalabrien）332 341,341,1080,term
part0079,卡拉拉（Carrara）129,129,862,term1
part0079,加布利（Gabriel Sionita）260,260,1000,interp
part0079,加尔文（Calvin）342,342,1081,term1
part0079,加尔西斯（Chalcis）50,50,789,term1
part0079,加扎里（al-Gazel）258,258,996,term1
part0079,加札（Gaza）224,224,959,term1
part0079,加里古拉（Caligula）161,161,902,term1
part0079,古桑（Cousin）207,207,944,term
part0079,史太因哈特（Steinhart）187,187,927,interp
part0079,史瓦本（Schwaben）300 335,300,1038,term
part0079,史瓦本（Schwaben）300 335,335,1074,term
part0079,尼古劳（Nicolaus Damascenus）176 224,176,916,term1
part0079,尼古劳（Nicolaus Damascenus）176 224,224,959,interp
part0079,尼可波利（Nikopolis）15,15,757,term1
part0079,尼格林（Nigrin）353,353,1090,term1
part0079,尼德兰（Niederlande）328,328,1064,term1
part0079,尼禄（Nero）45,45,784,term
part0079,布里丹（Buridan）309—10,309—10,1045—1047,range
part0079,布拉优（Bulaeus）309,309,1045,interp
part0079,布拉格343 353,343,1081,term
part0079,布拉格343 353,353,1090,term
part0079,布哈拉（Bohara）257,257,996,term1
part0079,布勒（Buhle）343,343,1081,term
part0079,布勒西亚（Brescia）370,370,1106,term1
part0079, Lüneburg）348,348,1086,interp
part0079,布鲁克尔（Brucker）174 284,174,914,term
part0079,布鲁克尔（Brucker）174 284,284,1024,term
part0079,布鲁诺（Brunus， Bruno）343 342—60,343,1081,term
part0079,布鲁诺（Brunus， Bruno）343 342—60,342—60,1080—1097,range
part0079,370,370,1106,term
part0079,弗兰哥诺（Franconus）360,360,1097,term1
part0079,弗里亚西亚（Phliasien）114,114,848,term1
part0079,弗朗克福（Frankfurt）161 168 351 353,161,902,term
part0079,弗朗克福（Frankfurt）161 168 351 353,168,908,term
part0079,弗朗克福（Frankfurt）161 168 351 353,351,1088,term
part0079,弗朗克福（Frankfurt）161 168 351 353,353,1091,term
part0079,弗朗索（Johann Franz Picus）335,335,1074,term1
part0079,未鲁斯（Lucius Aurelius Verus）16,16,757,term1
part0079,白克（Bec）286,286,1025,term1
part0079,皮罗（Pyrrhon）88 111 111—4 115 119；,88,824,term
part0079,皮罗（Pyrrhon）88 111 111—4 115 119；,111,846,term
part0079,皮罗（Pyrrhon）88 111 111—4 115 119；,111—4,846—849,range
part0079,皮罗（Pyrrhon）88 111 111—4 115 119；,115,849,term1
part0079,皮罗（Pyrrhon）88 111 111—4 115 119；,119,853,term
part0079,～派113—4 119；《～学说要旨》85 115,113—4,847—849,range
part0079,～派113—4 119；《～学说要旨》85 115,119,853,term
part0079,～派113—4 119；《～学说要旨》85 115,85,821,interp
part0079,～派113—4 119；《～学说要旨》85 115,115,849,term
part0079,皮蒙特（Piemont）385,385,,none
part0079,汉堡（Hamburg）161 182,161,902,interp
part0079,汉堡（Hamburg）161 182,182,921,interp
part0079,兰伯特（Lambertus）275,275,1014,term1
part0079,兰普萨克（Lampsarkus）50,50,789,term1
part0079,叶尔生（Jerson）315,315,1051,term1
part0079,印度151 177 274 328；—331,151,892,term
part0079,印度151 177 274 328；—331,177,917,term
part0079,印度151 177 274 328；—331,274,1013,term
part0079,印度151 177 274 328；—331,328,1064,term
part0079,印度151 177 274 328；—331,331,1071,term
part0079,伏尔泰（Voltaire）365,365,1102,term1
part0079,伐仑丁（Valentin）171,171,911,term1
part0079,伐勒留（Valerius Maximus）97,97,833,interp
part0079,伊本·阿达（Ibn Adda）252,252,991,term1
part0079,伊西多罗（Isidorus）224,224,959,term1
part0079,伊里拉（Abraham Cohen Irira）168,168,909,term1
part0079,伊斯迈尔人（Ismaelit）250 251—4,250,990,term
part0079,伊斯迈尔人（Ismaelit）250 251—4,251—4,990—993,range
part0079,伊璧鸠鲁（Epikur）5 8—9 10 21 35 49—85 85 87—9,5,747,term
part0079,伊璧鸠鲁（Epikur）5 8—9 10 21 35 49—85 85 87—9,8—9,750—751,range
part0079,伊璧鸠鲁（Epikur）5 8—9 10 21 35 49—85 85 87—9,10,751,term
part0079,伊璧鸠鲁（Epikur）5 8—9 10 21 35 49—85 85 87—9,21,762,term
part0079,伊璧鸠鲁（Epikur）5 8—9 10 21 35 49—85 85 87—9,35,775,term
part0079,伊璧鸠鲁（Epikur）5 8—9 10 21 35 49—85 85 87—9,49—85,788—822,range
part0079,伊璧鸠鲁（Epikur）5 8—9 10 21 35 49—85 85 87—9,85,821,term
part0079,伊璧鸠鲁（Epikur）5 8—9 10 21 35 49—85 85 87—9,87—91,823—827,range
part0079,伊璧鸠鲁（Epikur）5 8—9 10 21 35 49—85 85 87—9,98—9,833—835,range
part0079,伊璧鸠鲁（Epikur）5 8—9 10 21 35 49—85 85 87—9,103,838,term
part0079,伊璧鸠鲁（Epikur）5 8—9 10 21 35 49—85 85 87—9,105,840,term
part0079,伊璧鸠鲁（Epikur）5 8—9 10 21 35 49—85 85 87—9,108,843,term
part0079,伊璧鸠鲁（Epikur）5 8—9 10 21 35 49—85 85 87—9,114,849,term
part0079,伊璧鸠鲁（Epikur）5 8—9 10 21 35 49—85 85 87—9,120,854,term
part0079,伊璧鸠鲁（Epikur）5 8—9 10 21 35 49—85 85 87—9,126,859,term
part0079,伊璧鸠鲁（Epikur）5 8—9 10 21 35 49—85 85 87—9,132,865,term
part0079,伊璧鸠鲁（Epikur）5 8—9 10 21 35 49—85 85 87—9,134,867,term
part0079,伊璧鸠鲁（Epikur）5 8—9 10 21 35 49—85 85 87—9,139,873,term
part0079,伊璧鸠鲁（Epikur）5 8—9 10 21 35 49—85 85 87—9,143,875,interp
part0079,伊璧鸠鲁（Epikur）5 8—9 10 21 35 49—85 85 87—9,148,890,term
part0079,伊璧鸠鲁（Epikur）5 8—9 10 21 35 49—85 85 87—9,158,899,term
part0079,伊璧鸠鲁（Epikur）5 8—9 10 21 35 49—85 85 87—9,181—3,920—923,range
part0079,伊璧鸠鲁（Epikur）5 8—9 10 21 35 49—85 85 87—9,277,1017,term
part0079,伊璧鸠鲁（Epikur）5 8—9 10 21 35 49—85 85 87—9,301,1039,term
part0079,伊璧鸠鲁（Epikur）5 8—9 10 21 35 49—85 85 87—9,333—40,1072—1079,range
part0079,伊璧鸠鲁（Epikur）5 8—9 10 21 35 49—85 85 87—9,361,1098,term
part0079,多米提安（Domitian）15,15,757,term1
part0079,多明我派（Dominikaner）300 304 306,300,1038,term
part0079,多明我派（Dominikaner）300 304 306,304,1041,term
part0079,多明我派（Dominikaner）300 304 306,306,1043,term
part0079,309 342,309,1046,term
part0079,309 342,342,1081,term
part0079,多瑙河（Donau）300,300,1038,term1
part0079,安托宁（Marcus Aurelius Antoninius） 15—6 39 ,15—6,756—758,range
part0079,安托宁（Marcus Aurelius Antoninius） 15—6 39 ,39,779,term
part0079,安托宁（Marcus Aurelius Antoninius） 15—6 39 ,47,786,term
part0079,安托宁（Marcus Aurelius Antoninius） 15—6 39 ,146,879,term
part0079,安达鲁西亚（Andalusien）292,292,1031,interp
part0079,176—7,176—7,915—917,range
part0079,安德罗尼柯（Andronicus Rhodius）178,178,917,interp
part0079,安提贡（Antigon）13,13,754,term1
part0079,安提阿（Antiochien）250,250,989,term1
part0079,安瑟尔谟（Anselmus）286—92 322,286—92,1025—1031,range
part0079,安瑟尔谟（Anselmus）286—92 322,322,1058,term
part0079,托勒多（Toledo）311,311,1048,term
part0079,托勒密（Ptolemäus）171 251；～王朝,171,911,term
part0079,托勒密（Ptolemäus）171 251；～王朝,251,991,term
part0079,174 176,174,915,term
part0079,174 176,176,915,term
part0079,托马斯（Thomas von Strasburg）313,313,1049,term
part0079,托马斯·阿奎那（Thomas Aquinas）275 296 301 304—6,275,1014,term
part0079,托马斯·阿奎那（Thomas Aquinas）275 296 301 304—6,296,1034,term
part0079,托马斯·阿奎那（Thomas Aquinas）275 296 301 304—6,301,1038,term
part0079,托马斯·阿奎那（Thomas Aquinas）275 296 301 304—6,304—6,1041—1043,range
part0079,托马斯·阿奎那（Thomas Aquinas）275 296 301 304—6,310,1046,term
part0079,托马斯·阿奎那（Thomas Aquinas）275 296 301 304—6,308,1045,interp
part0079,托马斯·阿奎那（Thomas Aquinas）275 296 301 304—6,314,1050,interp
part0079,米兰（Milan）339,339,1078,term
part0079,米兰多拉（Mirandula，Mirandola）335,335,1074,term1
part0079,米底勒尼（Mitylene）50,50,789,term1
part0079,米凯尔（Michael）：～·巴尔布284,284,1024,term1
part0079,色雷斯（Thracien）50,50,789,term1
part0079,达马斯丘（Damascius）224,224,959,term1
part0079,达赖喇嘛241 327,241,980,term
part0079,达赖喇嘛241 327,327,1063,term
part0079,亚历山大（Alexander von Hales）299,299,1037,term
part0079,亚历山大（Alexander Aphrodisiensis） 177 334,177,916,term
part0079,亚历山大（Alexander Aphrodisiensis） 177 334,334,1073,term
part0079,亚历山大大帝（Alexander der Große） 113,113,847,term1
part0079,亚历山大里亚（Alexandrien）114 154 160,114,849,term
part0079,亚历山大里亚（Alexandrien）114 154 160,154,895,term
part0079,亚历山大里亚（Alexandrien）114 154 160,160,902,term
part0079,174 176 207 227；～派147 161 172—227 252 26,174,913,term
part0079,174 176 207 227；～派147 161 172—227 252 26,176,916,term
part0079,174 176 207 227；～派147 161 172—227 252 26,207,944,interp
part0079,174 176 207 227；～派147 161 172—227 252 26,227,961,term
part0079,174 176 207 227；～派147 161 172—227 252 26,147,880,term
part0079,174 176 207 227；～派147 161 172—227 252 26,161,902,term
part0079,174 176 207 227；～派147 161 172—227 252 26,172—227,911,range
part0079,174 176 207 227；～派147 161 172—227 252 26,252,991,term
part0079,174 176 207 227；～派147 161 172—227 252 26,262,1002,term
part0079,亚伯拉罕（Abraham）163；～·科亨·伊里拉168,163,904,interp
part0079,亚伯拉罕（Abraham）163；～·科亨·伊里拉168,168,909,term1
part0079,亚当（Adam Cadmon）98 165 168 169,98,833,term
part0079,亚当（Adam Cadmon）98 165 168 169,165,906,term
part0079,亚当（Adam Cadmon）98 165 168 169,168,908,term
part0079,亚当（Adam Cadmon）98 165 168 169,169,910,term
part0079,233 263 313 363 365,233,971,term
part0079,233 263 313 363 365,263,1003,term
part0079,233 263 313 363 365,313,1049,term
part0079,233 263 313 363 365,363,1100,term
part0079,233 263 313 363 365,365,1102,term
part0079,亚里士多德（Aristoteles）5 6 8—13 17 20 27 31 4,5,747,term
part0079,亚里士多德（Aristoteles）5 6 8—13 17 20 27 31 4,6,748,term
part0079,亚里士多德（Aristoteles）5 6 8—13 17 20 27 31 4,8—13,750—755,range
part0079,亚里士多德（Aristoteles）5 6 8—13 17 20 27 31 4,17,758,term
part0079,亚里士多德（Aristoteles）5 6 8—13 17 20 27 31 4,20,761,term
part0079,亚里士多德（Aristoteles）5 6 8—13 17 20 27 31 4,27,768,term
part0079,亚里士多德（Aristoteles）5 6 8—13 17 20 27 31 4,31,771,term
part0079,亚里士多德（Aristoteles）5 6 8—13 17 20 27 31 4,42,782,term
part0079,亚里士多德（Aristoteles）5 6 8—13 17 20 27 31 4,50—62,788—800,range
part0079,亚里士多德（Aristoteles）5 6 8—13 17 20 27 31 4,70,807,term
part0079,亚里士多德（Aristoteles）5 6 8—13 17 20 27 31 4,86,823,term
part0079,亚里士多德（Aristoteles）5 6 8—13 17 20 27 31 4,91,827,term
part0079,亚里士多德（Aristoteles）5 6 8—13 17 20 27 31 4,112,847,term
part0079,亚里士多德（Aristoteles）5 6 8—13 17 20 27 31 4,120,854,interp
part0079,亚里士多德（Aristoteles）5 6 8—13 17 20 27 31 4,143,876,term
part0079,亚里士多德（Aristoteles）5 6 8—13 17 20 27 31 4,149,890,term
part0079,亚里士多德（Aristoteles）5 6 8—13 17 20 27 31 4,154—7,895—899,range
part0079,亚里士多德（Aristoteles）5 6 8—13 17 20 27 31 4,173—9,912—919,range
part0079,亚里士多德（Aristoteles）5 6 8—13 17 20 27 31 4,180,919,term
part0079,亚里士多德（Aristoteles）5 6 8—13 17 20 27 31 4,183,922,term
part0079,亚里士多德（Aristoteles）5 6 8—13 17 20 27 31 4,186,925,term
part0079,亚里士多德（Aristoteles）5 6 8—13 17 20 27 31 4,191,930,interp
part0079,亚里士多德（Aristoteles）5 6 8—13 17 20 27 31 4,204,941,term
part0079,亚里士多德（Aristoteles）5 6 8—13 17 20 27 31 4,204,941,term
part0079,亚里士多德（Aristoteles）5 6 8—13 17 20 27 31 4,206,943,term
part0079,亚里士多德（Aristoteles）5 6 8—13 17 20 27 31 4,215,951,term
part0079,亚里士多德（Aristoteles）5 6 8—13 17 20 27 31 4,224,959,term
part0079,亚里士多德（Aristoteles）5 6 8—13 17 20 27 31 4,226,961,term
part0079,亚里士多德（Aristoteles）5 6 8—13 17 20 27 31 4,251—5,990—994,range
part0079,亚里士多德（Aristoteles）5 6 8—13 17 20 27 31 4,258—64,996,range
part0079,亚里士多德（Aristoteles）5 6 8—13 17 20 27 31 4,267—9,1006—1009,range
part0079,亚里士多德（Aristoteles）5 6 8—13 17 20 27 31 4,283—4,1022—1024,range
part0079,亚里士多德（Aristoteles）5 6 8—13 17 20 27 31 4,287,1027,term
part0079,亚里士多德（Aristoteles）5 6 8—13 17 20 27 31 4,296—305,1034—1042,range
part0079,亚里士多德（Aristoteles）5 6 8—13 17 20 27 31 4,309,1045,term
part0079,亚里士多德（Aristoteles）5 6 8—13 17 20 27 31 4,314,1050,term
part0079,亚里士多德（Aristoteles）5 6 8—13 17 20 27 31 4,323,1058,term
part0079,亚里士多德（Aristoteles）5 6 8—13 17 20 27 31 4,333—4,1072—1074,range
part0079,亚里士多德（Aristoteles）5 6 8—13 17 20 27 31 4,346,1084,term
part0079,亚里士多德（Aristoteles）5 6 8—13 17 20 27 31 4,352,1089,term
part0079,亚里士多德（Aristoteles）5 6 8—13 17 20 27 31 4,360,1096,term
part0079,亚里士多德（Aristoteles）5 6 8—13 17 20 27 31 4,366,1102,term
part0079,亚里士多德（Aristoteles）5 6 8—13 17 20 27 31 4,368,1104,term
part0079,亚里士多德（Aristoteles）5 6 8—13 17 20 27 31 4,173,913,term
part0079,亚里士多德（Aristoteles）5 6 8—13 17 20 27 31 4,179,919,term
part0079,亚里士多德（Aristoteles）5 6 8—13 17 20 27 31 4,333—4,1072—1074,range
part0079,亚里士多德（Aristoteles）5 6 8—13 17 20 27 31 4,154,895,term
part0079,亚里士多德（Aristoteles）5 6 8—13 17 20 27 31 4,179,919,term
part0079,亚洲113 316,113,847,term
part0079,亚洲113 316,316,1052,term
part0079,西尔维斯特二世（Silvester II）299,299,1037,term1
part0079,西亚细亚250,250,989,term1
part0079,西西里（Sicilien）179,179,918,term1
part0079,西里西亚（Cilicien）14,14,755,term1
part0079,西班牙258 298 315—6 335 363,258,997,term
part0079,西班牙258 298 315—6 335 363,298,1036,term
part0079,西班牙258 298 315—6 335 363,315—6,1050—1052,range
part0079,西班牙258 298 315—6 335 363,335,1074,term
part0079,西班牙258 298 315—6 335 363,363,1100,term
part0079,西奥披乌（Scioppius）343,343,1081,term1
part0079,西塞罗（Cicero）8—9 15—6 19 20 21 33 36 50 53,8—9,750—751,range
part0079,西塞罗（Cicero）8—9 15—6 19 20 21 33 36 50 53,15—6,756—758,range
part0079,西塞罗（Cicero）8—9 15—6 19 20 21 33 36 50 53,19,760,term
part0079,西塞罗（Cicero）8—9 15—6 19 20 21 33 36 50 53,20,760,term
part0079,西塞罗（Cicero）8—9 15—6 19 20 21 33 36 50 53,21,762,term
part0079,西塞罗（Cicero）8—9 15—6 19 20 21 33 36 50 53,33,773,term
part0079,西塞罗（Cicero）8—9 15—6 19 20 21 33 36 50 53,36,776,term
part0079,西塞罗（Cicero）8—9 15—6 19 20 21 33 36 50 53,50,790,term
part0079,西塞罗（Cicero）8—9 15—6 19 20 21 33 36 50 53,53,791,term
part0079,西塞罗（Cicero）8—9 15—6 19 20 21 33 36 50 53,79,816,term
part0079,西塞罗（Cicero）8—9 15—6 19 20 21 33 36 50 53,89,825,term
part0079,西塞罗（Cicero）8—9 15—6 19 20 21 33 36 50 53,114,849,term
part0079,西塞罗（Cicero）8—9 15—6 19 20 21 33 36 50 53,132,865,term
part0079,西塞罗（Cicero）8—9 15—6 19 20 21 33 36 50 53,149,890,term
part0079,西塞罗（Cicero）8—9 15—6 19 20 21 33 36 50 53,274,1014,term
part0079,西塞罗（Cicero）8—9 15—6 19 20 21 33 36 50 53,301,1039,term
part0079,西塞罗（Cicero）8—9 15—6 19 20 21 33 36 50 53,333,1073,term
part0079,西塞罗（Cicero）8—9 15—6 19 20 21 33 36 50 53,336—7,1075—1076,range
part0079,西墨恩（Schimeon ben Jochai）168,168,909,term1
part0079,西藏241,241,980,term1
part0079,回教251 253；～徒316,251,990,term
part0079,回教251 253；～徒316,253,992,term
part0079,回教251 253；～徒316,316,1052,term
part0079,"吉罗尼谟（Hieronymus, Gironimo）339",339,1078,term1
part0079,迈尔（Mayer）168,168,908,term
part0079,迈蒙尼德（Moces Maimonides）250 254—6 258—9,250,989,term
part0079,迈蒙尼德（Moces Maimonides）250 254—6 258—9,254—6,993—995,range
part0079,迈蒙尼德（Moces Maimonides）250 254—6 258—9,258—9,996—997,range
part0079,毕大尼（Pitane）88,88,824,term1
part0079,毕泰戈拉（Pythagoras）149 154 175 182 191 202 ,149,890,term
part0079,毕泰戈拉（Pythagoras）149 154 175 182 191 202 ,154,895,term
part0079,毕泰戈拉（Pythagoras）149 154 175 182 191 202 ,175,915,term
part0079,毕泰戈拉（Pythagoras）149 154 175 182 191 202 ,182,921,term
part0079,毕泰戈拉（Pythagoras）149 154 175 182 191 202 ,191,930,interp
part0079,毕泰戈拉（Pythagoras）149 154 175 182 191 202 ,202,938,term
part0079,毕泰戈拉（Pythagoras）149 154 175 182 191 202 ,204,941,term
part0079,毕泰戈拉（Pythagoras）149 154 175 182 191 202 ,302,1039,term
part0079,毕泰戈拉（Pythagoras）149 154 175 182 191 202 ,360,1096,term
part0079,毕泰戈拉（Pythagoras）149 154 175 182 191 202 ,51,790,term
part0079,毕泰戈拉（Pythagoras）149 154 175 182 191 202 ,173,913,term
part0079,毕泰戈拉（Pythagoras）149 154 175 182 191 202 ,175—7,914—917,range
part0079,毕泰戈拉（Pythagoras）149 154 175 182 191 202 ,263,1002,term
part0079,毕泰戈拉（Pythagoras）149 154 175 182 191 202 ,335,1074,term
part0079,毕泰戈拉（Pythagoras）149 154 175 182 191 202 ,154,895,term
part0079,吕其亚（Lycien）206,206,943,term1
part0079,芝诺（Zenon der Stoiker）11—14 18 23 88 186,11—14,752—756,range
part0079,芝诺（Zenon der Stoiker）11—14 18 23 88 186,18,759,term
part0079,芝诺（Zenon der Stoiker）11—14 18 23 88 186,23,763,term
part0079,芝诺（Zenon der Stoiker）11—14 18 23 88 186,88,824,term
part0079,芝诺（Zenon der Stoiker）11—14 18 23 88 186,186,925,term
part0079,那瓦尔（Navarre）366,366,1102,term1
part0079,约旦（Jordan）327,327,1063,term1
part0079,约尔丹（Jourdain）299,299,1037,interp
part0079,约瑟夫（Josephus）161,161,902,interp
part0079,约翰尼（Johannes）：～麦苏爱251；文法家～253,251,991,term
part0079,约翰尼（Johannes）：～麦苏爱251；文法家～253,253,992,interp
part0079,伦敦284 343,284,1024,term
part0079,伦敦284 343,343,1081,term
part0079,讲说者（Medabberim）253 253—6,253,992,term
part0079,讲说者（Medabberim）253 253—6,253—6,992—995,range
part0079,克吕西波（Chrysipp）14 22 23 29 52,14,755,term
part0079,克吕西波（Chrysipp）14 22 23 29 52,22,762,term
part0079,克吕西波（Chrysipp）14 22 23 29 52,23,764,term
part0079,克吕西波（Chrysipp）14 22 23 29 52,29,769,term
part0079,克吕西波（Chrysipp）14 22 23 29 52,52,791,term
part0079,克里托劳（Kritolaus）15 97,15,756,term
part0079,克里托劳（Kritolaus）15 97,97,832,term
part0079,克里特（Kreta）112,112,847,term
part0079,克里索罗拉（Chrysoloras）337,337,1076,interp
part0079,克拉米科（Kramikos）13,13,755,term1
part0079,克拉底（Krates）89,89,825,term1
part0079,克拉墨尔（Kramer）275,275,1015,term1
part0079,克罗依采尔（Kreuzer）179 207,179,918,term
part0079,克罗依采尔（Kreuzer）179 207,207,944,term
part0079,克劳第（Claudius）161,161,902,term1
part0079,克特尔（Keter）169,169,910,term1
part0079,克散陀（Xanthus）206,206,943,term1
part0079,克塞诺格拉底（Xenokrates）12 50,12,754,term
part0079,克塞诺格拉底（Xenokrates）12 50,50,789,term
part0079,克雷门七世（Clemens VII） 334,334,1074,term1
part0079,克雷多马科（Kleitomachos）143,143,875,interp
part0079,克雷安特（Kleanth）13—4 17,13—4,754—756,range
part0079,克雷安特（Kleanth）13—4 17,17,758,term
part0079,佛兰西斯（Francis von Assissi）12,12,754,term1
part0079,佛吕吉亚（Phrygien）15,15,757,term1
part0079,佛罗棱萨（Florenz）328 334,328,1064,term
part0079,佛罗棱萨（Florenz）328 334,334,1074,term
part0079,佐万尼（Johann，Giovanni）339,339,1078,interp
part0079,但丁（Dante）335,335,1075,interp
part0079,伽利安（Gallien）178,178,917,term1
part0079,伽利略（Galileo）363,363,1099,term1
part0079,伽桑第（Gassendi）335,335,1074,term
part0079,伽格特（Gargettus）50,50,789,term1
part0079,伽伦（Galen）252,252,991,term1
part0079,伽图（Canton）97,97,832,term
part0079,"沙尔本德（Karpentarius, Charpentier） 367",367,1104,term1
part0079,沙隆（Charron）337 368,337,1076,term
part0079,沙隆（Charron）337 368,368,1104,term
part0079,泛神论（Pantheismus）233 256 344—5,233,971,term
part0079,泛神论（Pantheismus）233 256 344—5,256,995,term
part0079,泛神论（Pantheismus）233 256 344—5,344—5,1082—1084,range
part0079,坎特布里（Cantebury）286,286,1025,term1
part0079,里昂（Lyon）284 296 342 360—1,284,1024,term
part0079,里昂（Lyon）284 296 342 360—1,296,1034,term
part0079,里昂（Lyon）284 296 342 360—1,342,1081,term
part0079,里昂（Lyon）284 296 342 360—1,360—1,1096—1098,range
part0079,里海257,257,996,term1
part0079,麦加拉（Megara）12,12,754,term1
part0079,麦苏爱（Johannes Mesue）251,251,991,term
part0079,希波格拉底（Hippokrates）254,254,993,interp
part0079,希罗波利（Hieropolis）15,15,757,term1
part0079,希伯来文258 283,258,997,term
part0079,希伯来文258 283,283,1023,term
part0079,希约尔特（Hort）284,284,1024,term1
part0079,希腊7 10 12 48 71 88 144 150—1 155 161 175,7,749,term
part0079,希腊7 10 12 48 71 88 144 150—1 155 161 175,10,752,term
part0079,希腊7 10 12 48 71 88 144 150—1 155 161 175,12,754,interp
part0079,希腊7 10 12 48 71 88 144 150—1 155 161 175,48,788,term
part0079,希腊7 10 12 48 71 88 144 150—1 155 161 175,71,808,term
part0079,希腊7 10 12 48 71 88 144 150—1 155 161 175,88,824,term
part0079,希腊7 10 12 48 71 88 144 150—1 155 161 175,144,876,interp
part0079,希腊7 10 12 48 71 88 144 150—1 155 161 175,150—1,891—893,range
part0079,希腊7 10 12 48 71 88 144 150—1 155 161 175,155,897,term
part0079,希腊7 10 12 48 71 88 144 150—1 155 161 175,161,902,term
part0079,希腊7 10 12 48 71 88 144 150—1 155 161 175,175,915,term
part0079,希腊7 10 12 48 71 88 144 150—1 155 161 175,207,944,term
part0079,希腊7 10 12 48 71 88 144 150—1 155 161 175,225,960,term
part0079,希腊7 10 12 48 71 88 144 150—1 155 161 175,231,969,term
part0079,希腊7 10 12 48 71 88 144 150—1 155 161 175,247,986,term
part0079,希腊7 10 12 48 71 88 144 150—1 155 161 175,250,989,term
part0079,希腊7 10 12 48 71 88 144 150—1 155 161 175,253—6,992—995,range
part0079,希腊7 10 12 48 71 88 144 150—1 155 161 175,283,1023,term
part0079,希腊7 10 12 48 71 88 144 150—1 155 161 175,284,1023,term
part0079,希腊7 10 12 48 71 88 144 150—1 155 161 175,301,1039,term
part0079,希腊7 10 12 48 71 88 144 150—1 155 161 175,312,1048,term
part0079,希腊7 10 12 48 71 88 144 150—1 155 161 175,319,1055,term
part0079,希腊7 10 12 48 71 88 144 150—1 155 161 175,335,1074,term
part0079,希腊7 10 12 48 71 88 144 150—1 155 161 175,339,1078,interp
part0079,希腊7 10 12 48 71 88 144 150—1 155 161 175,97,833,term
part0079,希腊7 10 12 48 71 88 144 150—1 155 161 175,161,902,term
part0079,希腊7 10 12 48 71 88 144 150—1 155 161 175,225—8,960,range
part0079,希腊7 10 12 48 71 88 144 150—1 155 161 175,252,991,term
part0079,希腊7 10 12 48 71 88 144 150—1 155 161 175,238,976,interp
part0079,希腊7 10 12 48 71 88 144 150—1 155 161 175,251,991,term
part0079,希腊7 10 12 48 71 88 144 150—1 155 161 175,283,1023,term
part0079,希腊7 10 12 48 71 88 144 150—1 155 161 175,287,1026,interp
part0079,希腊7 10 12 48 71 88 144 150—1 155 161 175,301,1039,term
part0079,希腊7 10 12 48 71 88 144 150—1 155 161 175,305,1042,interp
part0079,希腊7 10 12 48 71 88 144 150—1 155 161 175,335,1074,term
part0079,希腊7 10 12 48 71 88 144 150—1 155 161 175,340,1079,interp
part0079,《形而上学》（Metaphysica）300,300,1037,term
part0079,怀疑派（Skeptiker）2 30 85—9 105 106—47 147 1,2,,none
part0079,怀疑派（Skeptiker）2 30 85—9 105 106—47 147 1,30,770,term
part0079,怀疑派（Skeptiker）2 30 85—9 105 106—47 147 1,85—9,821—825,range
part0079,怀疑派（Skeptiker）2 30 85—9 105 106—47 147 1,105,841,term
part0079,怀疑派（Skeptiker）2 30 85—9 105 106—47 147 1,106—47,841—879,range
part0079,怀疑派（Skeptiker）2 30 85—9 105 106—47 147 1,147,879,term
part0079,怀疑派（Skeptiker）2 30 85—9 105 106—47 147 1,158—9,899—901,range
part0079,怀疑派（Skeptiker）2 30 85—9 105 106—47 147 1,274,1014,term
part0079,狄南多（Dinanto）299,299,1037,term
part0079,狄翁尼修（Dionysius）284 301,284,1023,term
part0079,狄翁尼修（Dionysius）284 301,301,1039,term
part0079,犹太153 161—2 168—9 231 245 250,153,894,term
part0079,犹太153 161—2 168—9 231 245 250,161—2,902—904,range
part0079,犹太153 161—2 168—9 231 245 250,168—9,908—910,range
part0079,犹太153 161—2 168—9 231 245 250,231,969,term
part0079,犹太153 161—2 168—9 231 245 250,245,984,term
part0079,犹太153 161—2 168—9 231 245 250,250,989,term
part0079,276 301；～教162；～哲学258—9,276,1016,term
part0079,276 301；～教162；～哲学258—9,301,1039,term
part0079,276 301；～教162；～哲学258—9,162,903,term
part0079,276 301；～教162；～哲学258—9,258—9,996—997,range
part0079,犹利安（Julian von Toledo）311,311,1048,term
part0079,犹斯底年（Justinian）224,224,959,term1
part0079,李克斯纳（Rixner）275,275,1015,term1
part0079,李普修（Lipsius）335,335,1074,term
part0079,劳英根（Lauingen）300,300,1038,term1
part0079,劳诺伊（Launnoy）275 300,275,1015,term1
part0079,劳诺伊（Launnoy）275 300,300,1038,interp
part0079,苏以达（Suidas）15,15,756,interp
part0079,苏阿勒兹（Suarez）305,305,1042,interp
part0079,苏格兰283 339,283,1023,term
part0079,苏格兰283 339,339,1078,term
part0079,苏格拉底（Sokrates）39 226 291 302；～派12,39,778,term
part0079,苏格拉底（Sokrates）39 226 291 302；～派12,226,960,term
part0079,苏格拉底（Sokrates）39 226 291 302；～派12,291,1030,term
part0079,苏格拉底（Sokrates）39 226 291 302；～派12,302,1039,term
part0079,苏格拉底（Sokrates）39 226 291 302；～派12,12,754,term1
part0079,苏莱（Surrey）305,305,1042,term1
part0079,批判论（Kritizismus）139,139,872,term
part0079,折衷主义（Eklektizismus）173,173,913,term
part0079,忒滔良（Tertullian）335,335,1075,interp
part0079,辛普里丘（Simplicius）224,224,959,term1
part0079,君士坦丁堡（Constantinople）206 284 334,206,942,term
part0079,君士坦丁堡（Constantinople）206 284 334,284,1024,term
part0079,君士坦丁堡（Constantinople）206 284 334,334,1073,term
part0079,来比锡（Leipzig）52,52,791,term1
part0079,阿比安（Apion）162,162,903,interp
part0079,阿比墨勃（Abimelech）358,358,1095,interp
part0079,阿卡廖（Achalius）301,301,1039,term1
part0079,阿布尔法来（Abulfaraius）252,252,991,term1
part0079,阿尔-（al-）～加扎里260；～法拉比,260,1000,interp
part0079,260；～铿地260；～马孟251；~摩塔瓦克尔251；哈伦·～拉希德251,260,1000,interp
part0079,260；～铿地260；～马孟251；~摩塔瓦克尔251；哈伦·～拉希德251,260,1000,interp
part0079,260；～铿地260；～马孟251；~摩塔瓦克尔251；哈伦·～拉希德251,251,991,term
part0079,260；～铿地260；～马孟251；~摩塔瓦克尔251；哈伦·～拉希德251,251,991,term1
part0079,260；～铿地260；～马孟251；~摩塔瓦克尔251；哈伦·～拉希德251,251,990,interp
part0079,阿本·阿地（Aben Adi）251,251,990,term1
part0079,阿达（Ibn Adda）252,252,991,term1
part0079,阿尔克西劳（Arkesilaus）13 86 88—96 98,13,755,term
part0079,阿尔克西劳（Arkesilaus）13 86 88—96 98,86,822,term
part0079,阿尔克西劳（Arkesilaus）13 86 88—96 98,88—96,824—832,range
part0079,阿尔克西劳（Arkesilaus）13 86 88—96 98,98,834,term
part0079,阿西西（Assissi）12,12,754,term1
part0079,阿西亚（Asiah）169,169,910,term1
part0079,阿里安（Arian）15,15,757,term
part0079,阿里阿（Arianus）242,242,981,term
part0079,阿里斯多芬（Aristophanes）335,335,1074,term1
part0079,阿其巴（Akibha）168,168,908,term
part0079,阿其留（Caius Acilius）97,97,833,term1
part0079,阿拉伯168 231 251 255—6 258 301—3；,168,909,term
part0079,阿拉伯168 231 251 255—6 258 301—3；,231,969,term
part0079,阿拉伯168 231 251 255—6 258 301—3；,251,990,term
part0079,阿拉伯168 231 251 255—6 258 301—3；,255—6,993—995,range
part0079,阿拉伯168 231 251 255—6 258 301—3；,258,996,term
part0079,阿拉伯168 231 251 255—6 258 301—3；,301—3,1038—1041,range
part0079,～文251 258 283 301 305 320；～哲学249—59,251,990,term
part0079,～文251 258 283 301 305 320；～哲学249—59,258,996,term
part0079,～文251 258 283 301 305 320；～哲学249—59,283,1023,term
part0079,～文251 258 283 301 305 320；～哲学249—59,301,1039,term
part0079,～文251 258 283 301 305 320；～哲学249—59,305,1042,interp
part0079,～文251 258 283 301 305 320；～哲学249—59,320,1055,interp
part0079,～文251 258 283 301 305 320；～哲学249—59,249—59,987,range
part0079,阿柏拉尔（Abaelardus，Abélard）279,279,1019,term
part0079,286 292—3 306,286,1025,term
part0079,286 292—3 306,292—3,1031—1032,range
part0079,286 292—3 306,306,1042,term
part0079,阿波罗（Apollo）206,206,943,term1
part0079,阿那克萨戈拉（Anaxagoras）121,121,855,term1
part0079,阿那克萨尔科（Anaxarchos）112,112,847,term1
part0079,阿培里（Apelles）118,118,852,term1
part0079,阿马尔里克（Amalrich）295,295,1034,term
part0079,阿诺德（Arnold von Brescia）370,370,1106,term1
part0079,阿勒弗烈（Alfred）284,284,1024,term1
part0079,阿勒曼诺（Nicolaus Alemanus）224,224,959,interp
part0079,阿塔廖（Athalius）301,301,1039,term1
part0079,阿伦（Aaron）352,352,1089,term1
part0079,阿斯克勒比格尼亚（Asklepigenia）206,206,943,term1
part0079,阿基里斯（Achilles）352,352,1089,term1
part0079,阿维罗伊（Averroes）258 310；360,258,996,term
part0079,阿维罗伊（Averroes）258 310；360,310,1046,term
part0079,阿维罗伊（Averroes）258 310；360,360,1097,term
part0079,阿维森那（Avicenna）257,257,996,term1
part0079,阿撒里亚（Assaria）250,250,990,term1
part0079,阿撒森人（Assassinen）250,250,989,interp
part0079,纽伦堡（Nürnberg）314,314,1050,term1
part0079,扬布利可（Jamblicus）204—5,204—5,940—942,range
part0079,玛利亚（Maria）300 319,300,1038,term
part0079,玛利亚（Maria）300 319,319,1054,term
part0079,底尔（Tyrus）176,176,916,term
part0079,居勒尼（Cyrene）96；～派9—10 48 76—8,96,832,term
part0079,居勒尼（Cyrene）96；～派9—10 48 76—8,9—10,750—752,range
part0079,居勒尼（Cyrene）96；～派9—10 48 76—8,48,788,term
part0079,居勒尼（Cyrene）96；～派9—10 48 76—8,76—8,812—815,range
part0079,奈奥克勒（Neokles）50,50,789,term1
part0079,彼得（Petrus）161,161,902,term
part0079,彼得拉克（Petrarch）332 337,332,1072,term
part0079,彼得拉克（Petrarch）332 337,337,1076,term
part0079,宗教改革239 334 377,239,977,term
part0079,宗教改革239 334 377,334,1073,term
part0079,宗教改革239 334 377,377,1113,term
part0079,宙斯（Zeus）32,32,772,term1
part0079,实在论（Realismus）305,305,1042,term
part0079,拉丁文265 274 282 302—3 337 343 349 383,265,1005,term
part0079,拉丁文265 274 282 302—3 337 343 349 383,274,1014,term
part0079,拉丁文265 274 282 302—3 337 343 349 383,282,1023,term
part0079,拉丁文265 274 282 302—3 337 343 349 383,302—3,1039—1041,range
part0079,拉丁文265 274 282 302—3 337 343 349 383,337,1076,term
part0079,拉丁文265 274 282 302—3 337 343 349 383,343,1082,term
part0079,拉丁文265 274 282 302—3 337 343 349 383,349,1086,interp
part0079,拉丁文265 274 282 302—3 337 343 349 383,383,,none
part0079,拉希德（Harun al-Raschid）251,251,991,term
part0079,"拉梅（Petrus Ramus, Pierre de la Ramée）366—",366—9,1102—1106,range
part0079,拉德柏特（Paschasius Radbertus） 312—4,312—4,1048—1050,range
part0079,欧洲153 265 316 342 367,153,895,term
part0079,欧洲153 265 316 342 367,265,1005,term
part0079,欧洲153 265 316 342 367,316,1052,term
part0079,欧洲153 265 316 342 367,342,1080,term
part0079,欧洲153 265 316 342 367,367,1104,term
part0079,欧纳披（Eunapius）224,224,959,term1
part0079,欧瑟比（Eusebius）161,161,902,interp
part0079,波大谟（Potamo）174,174,914,term
part0079,波尔士泰特（Bollstädt）300,300,1038,term1
part0079,波尔费留（Porphyrius）178 180 183 204—5 286,178,918,term
part0079,波尔费留（Porphyrius）178 180 183 204—5 286,180,918,term
part0079,波尔费留（Porphyrius）178 180 183 204—5 286,183,922,interp
part0079,波尔费留（Porphyrius）178 180 183 204—5 286,204—5,940—942,range
part0079,波尔费留（Porphyrius）178 180 183 204—5 286,286,1025,interp
part0079,波兰363,363,1100,term1
part0079,波西顿纽（Posidonius）13,13,755,interp
part0079,波吕格诺特（Polygnot）12,12,754,term1
part0079,波仑亚（Bologna）293 339,293,1032,term
part0079,波仑亚（Bologna）293 339,339,1078,term
part0079,波埃修（Boethius）283 298,283,1023,term
part0079,波埃修（Boethius）283 298,298,1036,term
part0079,波须埃（Bossuet）275,275,1015,term1
part0079,波斯113 177 224,113,847,term
part0079,波斯113 177 224,177,917,term
part0079,波斯113 177 224,224,959,term
part0079,法布里丘（Fabricius）161,161,902,interp
part0079,法拉比（al-Farabi）257,257,996,term1
part0079,法国293 306 310 342—6 361,293,1032,term
part0079,法国293 306 310 342—6 361,306,1043,term
part0079,法国293 306 310 342—6 361,310,1046,term
part0079,法国293 306 310 342—6 361,342—6,1080—1085,range
part0079,法国293 306 310 342—6 361,361,1097,term
part0079,迦伯列（Gabriel Gerbron）290,290,1029,interp
part0079,迦勒底（Chaldäa）287,287,1026,interp
part0079,知神派（Gnostiker）262,262,1002,term
part0079,《物理学》（Physica）299,299,1037,term
part0079,罗吉尔（Roger）：～倍根315,315,1051,term
part0079,罗卡西卡（Roccasicca）296,296,1034,term1
part0079,罗柏特（Robert）：～柯尔采欧299,299,1037,term1
part0079,罗马7 8 10 14 15 46—7 71 97 131 145 146 14,7,749,term
part0079,罗马7 8 10 14 15 46—7 71 97 131 145 146 14,8,750,term
part0079,罗马7 8 10 14 15 46—7 71 97 131 145 146 14,10,752,term
part0079,罗马7 8 10 14 15 46—7 71 97 131 145 146 14,14,755,term
part0079,罗马7 8 10 14 15 46—7 71 97 131 145 146 14,15,756,term
part0079,罗马7 8 10 14 15 46—7 71 97 131 145 146 14,46—7,785—787,range
part0079,罗马7 8 10 14 15 46—7 71 97 131 145 146 14,71,808,term
part0079,罗马7 8 10 14 15 46—7 71 97 131 145 146 14,97,832,term
part0079,罗马7 8 10 14 15 46—7 71 97 131 145 146 14,131,864,term
part0079,罗马7 8 10 14 15 46—7 71 97 131 145 146 14,145,877,interp
part0079,罗马7 8 10 14 15 46—7 71 97 131 145 146 14,146,879,term
part0079,罗马7 8 10 14 15 46—7 71 97 131 145 146 14,149,890,term
part0079,罗马7 8 10 14 15 46—7 71 97 131 145 146 14,150,891,term
part0079,罗马7 8 10 14 15 46—7 71 97 131 145 146 14,155,897,term
part0079,罗马7 8 10 14 15 46—7 71 97 131 145 146 14,169,910,interp
part0079,罗马7 8 10 14 15 46—7 71 97 131 145 146 14,160,901,term
part0079,罗马7 8 10 14 15 46—7 71 97 131 145 146 14,161,902,term
part0079,罗马7 8 10 14 15 46—7 71 97 131 145 146 14,177—8,916—918,range
part0079,罗马7 8 10 14 15 46—7 71 97 131 145 146 14,224,959,term
part0079,罗马7 8 10 14 15 46—7 71 97 131 145 146 14,243,982,term
part0079,罗马7 8 10 14 15 46—7 71 97 131 145 146 14,249,989,term
part0079,罗马7 8 10 14 15 46—7 71 97 131 145 146 14,265—6,1004—1006,range
part0079,罗马7 8 10 14 15 46—7 71 97 131 145 146 14,283,1022,term
part0079,罗马7 8 10 14 15 46—7 71 97 131 145 146 14,339,1078,term
part0079,罗马7 8 10 14 15 46—7 71 97 131 145 146 14,343,1081,term
part0079,罗马7 8 10 14 15 46—7 71 97 131 145 146 14,362,1098,term
part0079,罗得斯（Rhodes）131 176,131,864,term
part0079,罗得斯（Rhodes）131 176,176,916,term
part0079,罗瑟林（Roccelinus）279 302—4 310,279,1019,term
part0079,罗瑟林（Roccelinus）279 302—4 310,302—4,1039—1042,range
part0079,罗瑟林（Roccelinus）279 302—4 310,310,1046,interp
part0079,罗棱索（Lorenz）334,334,1074,term1
part0079,非洲258 316,258,997,term
part0079,非洲258 316,316,1052,term
part0079,帖撒利（Thessalien）50,50,789,term1
part0079,帕沙修（Paschasius）: ～·拉德柏特 312—4,312—4,1048—1050,range
part0079,弥赛亚（Messiah）168；《～》110,168,909,term
part0079,弥赛亚（Messiah）168；《～》110,110,845,term
part0079,明内瓦（Minerva）208,208,945,interp
part0079,学园派（Akademiker）5 10 13 85 111—2 114—7 14,5,747,term
part0079,学园派（Akademiker）5 10 13 85 111—2 114—7 14,10,752,term
part0079,学园派（Akademiker）5 10 13 85 111—2 114—7 14,13,755,term
part0079,学园派（Akademiker）5 10 13 85 111—2 114—7 14,85,821,term
part0079,学园派（Akademiker）5 10 13 85 111—2 114—7 14,111—2,846—847,range
part0079,学园派（Akademiker）5 10 13 85 111—2 114—7 14,114—7,848—852,range
part0079,学园派（Akademiker）5 10 13 85 111—2 114—7 14,143,875,interp
part0079,学园派（Akademiker）5 10 13 85 111—2 114—7 14,226,961,interp
part0079,学园派（Akademiker）5 10 13 85 111—2 114—7 14,8,750,term
part0079,学园派（Akademiker）5 10 13 85 111—2 114—7 14,86,822,term
part0079,学园派（Akademiker）5 10 13 85 111—2 114—7 14,86,822,term
part0079,88；新～，见该条；第四～86；第五～86,88,824,term
part0079,88；新～，见该条；第四～86；第五～86,86,822,term1
part0079,88；新～，见该条；第四～86；第五～86,86,822,term
part0079,英国297 335 342—3 343 360,297,1035,term
part0079,英国297 335 342—3 343 360,335,1074,term
part0079,英国297 335 342—3 343 360,342—3,1080—1082,range
part0079,英国297 335 342—3 343 360,343,1081,term
part0079,英国297 335 342—3 343 360,360,1097,term
part0079,英格兰301,301,1038,term1
part0079,耶可比（Jacobi）346 350,346,1084,interp
part0079,耶可比（Jacobi）346 350,350,1087,interp
part0079,耶齐拉（Jezirah）168；《～》169,168,908,term
part0079,耶齐拉（Jezirah）168；《～》169,169,910,term
part0079,耶路撒冷（Jerusalem）168 270 321,168,908,term
part0079,耶路撒冷（Jerusalem）168 270 321,270,1010,term
part0079,耶路撒冷（Jerusalem）168 270 321,321,1056,term
part0079,耶稣264 312 316,264,1003,term
part0079,耶稣264 312 316,312,1048,term
part0079,耶稣264 312 316,316,1052,term
part0079,凯勒斯特拉妲（Ch.restrata）49,49,788,interp
part0079,凯撒（Caesar） 175；尤里奥·～·梵尼尼，见梵尼尼,175,915,term
part0079,经院哲学（Scholastik）168 225 248 252 260—330 ,168,909,term
part0079,经院哲学（Scholastik）168 225 248 252 260—330 ,225,960,term
part0079,经院哲学（Scholastik）168 225 248 252 260—330 ,248,987,term
part0079,经院哲学（Scholastik）168 225 248 252 260—330 ,252,991,term
part0079,经院哲学（Scholastik）168 225 248 252 260—330 ,260—330,997,range
part0079,经院哲学（Scholastik）168 225 248 252 260—330 ,337,1076,term
part0079,经院哲学（Scholastik）168 225 248 252 260—330 ,351,1089,term
part0079,经院哲学（Scholastik）168 225 248 252 260—330 ,360,1096,term
part0079,经院哲学（Scholastik）168 225 248 252 260—330 ,361,1097,term
part0079,经院哲学（Scholastik）168 225 248 252 260—330 ,368,1104,term
part0079,经院哲学（Scholastik）168 225 248 252 260—330 ,370,1106,term
part0079,经院哲学（Scholastik）168 225 248 252 260—330 ,374,1110,term
part0079,叙利亚（Syrien）204 250—2；～文250 254 332,204,941,term
part0079,叙利亚（Syrien）204 250—2；～文250 254 332,250—2,989—991,range
part0079,叙利亚（Syrien）204 250—2；～文250 254 332,250,989,term
part0079,叙利亚（Syrien）204 250—2；～文250 254 332,254,993,interp
part0079,叙利亚（Syrien）204 250—2；～文250 254 332,332,1072,interp
part0079,哈里发（Kalif）251,251,991,term1
part0079,哈伦（Harun al-Raschid）251,251,991,term1
part0079,哈德良（Hadrian）169,169,908,term1
part0079,施塔耳（Stahr）299,299,1037,interp
part0079,柏拉图（Platon）5 6 8 10 12 17 30 46 50 86—88,5,747,term
part0079,柏拉图（Platon）5 6 8 10 12 17 30 46 50 86—88,6,748,term
part0079,柏拉图（Platon）5 6 8 10 12 17 30 46 50 86—88,8,750,term
part0079,柏拉图（Platon）5 6 8 10 12 17 30 46 50 86—88,10,752,term
part0079,柏拉图（Platon）5 6 8 10 12 17 30 46 50 86—88,12,754,term
part0079,柏拉图（Platon）5 6 8 10 12 17 30 46 50 86—88,17,758,term
part0079,柏拉图（Platon）5 6 8 10 12 17 30 46 50 86—88,30,770,term
part0079,柏拉图（Platon）5 6 8 10 12 17 30 46 50 86—88,46,786,term
part0079,柏拉图（Platon）5 6 8 10 12 17 30 46 50 86—88,50,789,term
part0079,柏拉图（Platon）5 6 8 10 12 17 30 46 50 86—88,86—88,822—825,range
part0079,柏拉图（Platon）5 6 8 10 12 17 30 46 50 86—88,91,827,term
part0079,柏拉图（Platon）5 6 8 10 12 17 30 46 50 86—88,94,830,term
part0079,柏拉图（Platon）5 6 8 10 12 17 30 46 50 86—88,111—2,846—847,range
part0079,柏拉图（Platon）5 6 8 10 12 17 30 46 50 86—88,115,849,term
part0079,柏拉图（Platon）5 6 8 10 12 17 30 46 50 86—88,126,860,term
part0079,柏拉图（Platon）5 6 8 10 12 17 30 46 50 86—88,139,872,term
part0079,柏拉图（Platon）5 6 8 10 12 17 30 46 50 86—88,143,876,term
part0079,柏拉图（Platon）5 6 8 10 12 17 30 46 50 86—88,148—9,880,range
part0079,柏拉图（Platon）5 6 8 10 12 17 30 46 50 86—88,153—4,894—896,range
part0079,柏拉图（Platon）5 6 8 10 12 17 30 46 50 86—88,156,897,term
part0079,柏拉图（Platon）5 6 8 10 12 17 30 46 50 86—88,160—1,901—903,range
part0079,柏拉图（Platon）5 6 8 10 12 17 30 46 50 86—88,163,904,term
part0079,柏拉图（Platon）5 6 8 10 12 17 30 46 50 86—88,166,907,term
part0079,柏拉图（Platon）5 6 8 10 12 17 30 46 50 86—88,173—9,912—919,range
part0079,柏拉图（Platon）5 6 8 10 12 17 30 46 50 86—88,182—3,921—923,range
part0079,柏拉图（Platon）5 6 8 10 12 17 30 46 50 86—88,186,925,term
part0079,柏拉图（Platon）5 6 8 10 12 17 30 46 50 86—88,191,930,interp
part0079,柏拉图（Platon）5 6 8 10 12 17 30 46 50 86—88,193,931,term
part0079,柏拉图（Platon）5 6 8 10 12 17 30 46 50 86—88,202,940,term
part0079,柏拉图（Platon）5 6 8 10 12 17 30 46 50 86—88,206—26,942—962,range
part0079,柏拉图（Platon）5 6 8 10 12 17 30 46 50 86—88,231—3,969—972,range
part0079,柏拉图（Platon）5 6 8 10 12 17 30 46 50 86—88,238,976,term
part0079,柏拉图（Platon）5 6 8 10 12 17 30 46 50 86—88,242—3,980—982,range
part0079,柏拉图（Platon）5 6 8 10 12 17 30 46 50 86—88,246,985,term
part0079,柏拉图（Platon）5 6 8 10 12 17 30 46 50 86—88,252,991,term
part0079,柏拉图（Platon）5 6 8 10 12 17 30 46 50 86—88,259,997,term
part0079,柏拉图（Platon）5 6 8 10 12 17 30 46 50 86—88,268,1007,term
part0079,柏拉图（Platon）5 6 8 10 12 17 30 46 50 86—88,274,1014,term
part0079,柏拉图（Platon）5 6 8 10 12 17 30 46 50 86—88,279,1019,term
part0079,柏拉图（Platon）5 6 8 10 12 17 30 46 50 86—88,283—5,1022—1025,range
part0079,柏拉图（Platon）5 6 8 10 12 17 30 46 50 86—88,303,1040,term
part0079,柏拉图（Platon）5 6 8 10 12 17 30 46 50 86—88,315,1050,term
part0079,柏拉图（Platon）5 6 8 10 12 17 30 46 50 86—88,318,1054,term
part0079,柏拉图（Platon）5 6 8 10 12 17 30 46 50 86—88,333—5,1072—1075,range
part0079,柏拉图（Platon）5 6 8 10 12 17 30 46 50 86—88,254,993,interp
part0079,柏拉图（Platon）5 6 8 10 12 17 30 46 50 86—88,50,789,term
part0079,柏拉图（Platon）5 6 8 10 12 17 30 46 50 86—88,86,822,term
part0079,柏拉图（Platon）5 6 8 10 12 17 30 46 50 86—88,115,849,term
part0079,柏拉图（Platon）5 6 8 10 12 17 30 46 50 86—88,154,895,term
part0079,柏拉图（Platon）5 6 8 10 12 17 30 46 50 86—88,161,902,term
part0079,柏拉图（Platon）5 6 8 10 12 17 30 46 50 86—88,173,913,term
part0079,柏拉图（Platon）5 6 8 10 12 17 30 46 50 86—88,176,915,term
part0079,柏拉图（Platon）5 6 8 10 12 17 30 46 50 86—88,206,942,term
part0079,柏拉图（Platon）5 6 8 10 12 17 30 46 50 86—88,333,1073,term
part0079,柏拉图（Platon）5 6 8 10 12 17 30 46 50 86—88,209—10,945—947,range
part0079,柏拉图（Platon）5 6 8 10 12 17 30 46 50 86—88,216,952,term
part0079,柏拉图（Platon）5 6 8 10 12 17 30 46 50 86—88,221,956,interp
part0079,柏拉图（Platon）5 6 8 10 12 17 30 46 50 86—88,339,1078,interp
part0079,柏罗丁（Plotin）175 177—204 207 209—10 212 21,175,913,term
part0079,柏罗丁（Plotin）175 177—204 207 209—10 212 21,177—204,916—941,range
part0079,柏罗丁（Plotin）175 177—204 207 209—10 212 21,207,944,term
part0079,柏罗丁（Plotin）175 177—204 207 209—10 212 21,209—10,945—947,range
part0079,柏罗丁（Plotin）175 177—204 207 209—10 212 21,212,949,term
part0079,柏罗丁（Plotin）175 177—204 207 209—10 212 21,215—6,951—952,range
part0079,柏罗丁（Plotin）175 177—204 207 209—10 212 21,235,973,interp
part0079,柏罗丁（Plotin）175 177—204 207 209—10 212 21,245,984,interp
part0079,柏罗丁（Plotin）175 177—204 207 209—10 212 21,339,1078,interp
part0079,查理（Karl，Charles）：～大帝275；教皇～285；秃头～285,275,1015,term1
part0079,查理（Karl，Charles）：～大帝275；教皇～285；秃头～285,285,1024,term
part0079,查理（Karl，Charles）：～大帝275；教皇～285；秃头～285,285,1024,term1
part0079,查里尔（Johann Charlier）319,319,1054,interp
part0079,洛克（Locke）63,63,800,term1
part0079,独断论（Dogmatismus）87 89 99 109 116 133 138,87,824,term
part0079,独断论（Dogmatismus）87 89 99 109 116 133 138,89,824,term
part0079,独断论（Dogmatismus）87 89 99 109 116 133 138,99,834,term
part0079,独断论（Dogmatismus）87 89 99 109 116 133 138,109,843,term
part0079,独断论（Dogmatismus）87 89 99 109 116 133 138,116,850,interp
part0079,独断论（Dogmatismus）87 89 99 109 116 133 138,133,866,term
part0079,独断论（Dogmatismus）87 89 99 109 116 133 138,138—9,870—872,range
part0079,独断论（Dogmatismus）87 89 99 109 116 133 138,141,873,term
part0079,独断论（Dogmatismus）87 89 99 109 116 133 138,143—4,875—877,range
part0079,独断论（Dogmatismus）87 89 99 109 116 133 138,202,940,term
part0079,科亨（Cohen）：亚伯拉罕·～·伊里拉168,168,909,term1
part0079,科斯罗（Kosroes）224,224,959,term1
part0079,科斯谟（Kosmus，Cosmo）334；—339,334,1074,term
part0079,科斯谟（Kosmus，Cosmo）334；—339,339,1078,interp
part0079,科隆（K.ln）297 300,297,1035,term
part0079,科隆（K.ln）297 300,300,1038,term
part0079,《神曲》（Comedia divina）338,338,1077,interp
part0079,《神学大全》（Summa theologiae）275 295,275,1015,term
part0079,《神学大全》（Summa theologiae）275 295,295,1034,term1
part0079,《神学要旨》（Institutio theologiae） 207 210,207,944,term1
part0079,《神学要旨》（Institutio theologiae） 207 210,210,947,interp
part0079,《思维四书》（Libri sententiarum）294,294,1032,term
part0079,美兰西敦（Melanchton）342,342,1080,interp
part0079,美因河（Main）343,343,1081,term1
part0079,美洲331,331,1071,term1
part0079,美神（Gracien）12,12,754,term1
part0079,美第奇（Medici）334,334,1074,term
part0079,美诺寇（Menokeos）78,78,815,term1
part0079,胡果（Hugo）48,48,787,term1
part0079,胡斯（Huss）370,370,1106,term1
part0079,拜占庭（Byzantin）265—6 332,265—6,1004—1006,range
part0079,拜占庭（Byzantin）265—6 332,332,1072,term
part0079,威克里夫（Wicliff）370,370,1106,term1
part0079,威尼斯（Venedig）342—3,342—3,1080—1082,range
part0079,威雪尔（Wechel）351 353,351,1088,term
part0079,威雪尔（Wechel）351 353,353,1091,term
part0079,威廉（Wilhelm）301,301,1038,term
part0079,"《迷途指津》（Doctor perplexorum, More Nevochim",250—256,989—995,range
part0079,"《迷途指津》（Doctor perplexorum, More Nevochim",258,997,term
part0079,"《迷途指津》（Doctor perplexorum, More Nevochim",259,997,term
part0079,《修辞学》（Rhetorica）257,257,996,term
part0079,须里安（Syrian）206,206,943,term1
part0079,费其诺（Ficinus， Ficino）195 201 334—5,195,932,interp
part0079,费其诺（Ficinus， Ficino）195 201 334—5,201,938,term
part0079,费其诺（Ficinus， Ficino）195 201 334—5,334—5,1073—1075,range
part0079,费舍尔（Fischer）351 353,351,1088,term1
part0079,费舍尔（Fischer）351 353,353,1091,term
part0079,费希特（Fichte）136,136,869,term1
part0079,费洛（Philon）161 160—7 168 171 186  259 262,161,902,term
part0079,费洛（Philon）161 160—7 168 171 186  259 262,160—7,901—908,range
part0079,费洛（Philon）161 160—7 168 171 186  259 262,168,908,term
part0079,费洛（Philon）161 160—7 168 171 186  259 262,171,911,interp
part0079,费洛（Philon）161 160—7 168 171 186  259 262,186,925,term
part0079,费洛（Philon）161 160—7 168 171 186  259 262,259,997,term
part0079,费洛（Philon）161 160—7 168 171 186  259 262,262,1002,term
part0079,贺奈因（Honain）251,251,991,term1
part0079,原子论（Atomismus）335,335,1074,term
part0079,倍根（Roger Bacon）315,315,1051,term
part0079,哥白尼（Copernicus）363,363,1099,term1
part0079,哥尔多瓦（Cordova）258 298,258,997,term
part0079,哥尔多瓦（Cordova）258 298,298,1037,term
part0079,哥本哈根（Copenhagen）284,284,1024,term1
part0079,哥维安（Goveanus）366—7,366—7,1102—1104,range
part0079,高尼罗（Gaunilo）290,290,1030,term1
part0079,埃及169 177 205—6 327,169,908,term
part0079,埃及169 177 205—6 327,177,917,term
part0079,埃及169 177 205—6 327,205—6,941—943,range
part0079,埃及169 177 205—6 327,327,1063,term
part0079,埃德麦鲁（Edmerus）287,287,1026,interp
part0079,桑克路修（Sancrutius）297,297,1035,interp
part0079,格尔生（Gerson）315,315,1051,term1
part0079,格尔柏特（Gerbert）299,299,1037,term1
part0079,格伯隆（Gabriel Gerberon）287,287,1026,interp
part0079,格罗诺维（Gronovius）16,16,757,interp
part0079,格弗娄勒（Gfrörer）317,317,1053,interp
part0079,栖提雍（Cittium）11,11,753,term
part0079,《浮士德》（Faust）301,301,1038,term1
part0079,泰利士（Thales）126 231,126,860,term
part0079,泰利士（Thales）126 231,231,969,term
part0079,热那亚（Genoa）367,367,1104,interp
part0079,特里德米（Trithemius）299,299,1037,interp
part0079,特拉培宗特（Trapezunt）334,334,1074,term1
part0079,拿玻里（Neapel，Napoli）52 296 341—2,52,791,term
part0079,拿玻里（Neapel，Napoli）52 296 341—2,296,1034,term
part0079,拿玻里（Neapel，Napoli）52 296 341—2,341—2,1080—1081,range
part0079,拿破仑（Napoléon）327,327,1063,term1
part0079,拿撒勒（Nazareth）327,327,1063,term1
part0079,朗几诺（Langinus）176,176,916,term1
part0079,留基波（Leukipp）50 61,50,789,term
part0079,留基波（Leukipp）50 61,61,799,term
part0079,索尔邦（Sorbonne）295 362 366,295,1033,term
part0079,索尔邦（Sorbonne）295 362 366,362,1098,term
part0079,索尔邦（Sorbonne）295 362 366,366,1103,term
part0079,索其尼（Socinus， Sozzini）242,242,981,term
part0079,《索哈尔》（Sohar）168,168,908,term1
part0079,Vernunft）291,291,1030,interp
part0079,爱比克泰德（Epictetus）15—6,15—6,756—758,range
part0079,爱尔兰283,283,1023,term
part0079,爱尔朗根（Erlangen）161,161,902,term1
part0079,爱巴佛罗底特（Epaphroditus）15,15,757,term1
part0079,爱巴地（Ebadi）251,251,991,term1
part0079,爱利亚（Elea）11；～派259,11,753,term
part0079,爱利亚（Elea）11；～派259,259,997,term
part0079,爱利斯（Elis）112,112,847,term1
part0079,爱拉斯谟（Erasmus）313 336,313,1049,term
part0079,爱拉斯谟（Erasmus）313 336,336,1075,term
part0079,爱彼鲁（Epirus）15,15,757,term1
part0079,爱萝伊丝（èIo.se）292,292,1031,term1
part0079,爱讷西德谟（Aenesidemos）114—5；,114—5,848—850,range
part0079,《～》108 123,108,843,interp
part0079,《～》108 123,123,857,interp
part0079,爱奥利亚（Aeolien）88,88,824,term1
part0079,夏娃（Eva）313 363,313,1049,term
part0079,夏娃（Eva）313 363,363,1100,term
part0079,莫甘（Gilbert Mauguin）385,385,,none
part0079,陶罗扎诺（Taurozano）360,360,1097,term1
part0079,都鲁斯（Toulouse）315 361,315,1051,term
part0079,都鲁斯（Toulouse）315 361,361,1097,term
part0079,逍遥派（Peripetatiker）8 15 97 114 361,8,750,term
part0079,逍遥派（Peripetatiker）8 15 97 114 361,15,756,term
part0079,逍遥派（Peripetatiker）8 15 97 114 361,97,832,term
part0079,逍遥派（Peripetatiker）8 15 97 114 361,114,849,term
part0079,逍遥派（Peripetatiker）8 15 97 114 361,361,1098,term
part0079,莱布尼兹（Leibniz）108 123,108,843,term
part0079,莱布尼兹（Leibniz）108 123,123,857,term
part0079,莱茵河（Rhein）328,328,1064,term1
part0079,莱茵霍德（Reinhold）100,100,835,term1
part0079,诺伊希林（卡普尼奥）（Neuchlin 〔Kapnio〕）235,235,973,interp
part0079,诺拉（Nola）342—3 353—5,342—3,1080—1082,range
part0079,诺拉（Nola）342—3 353—5,353—5,1090—1093,range
part0079,诺森柏兰（Northumberland）297,297,1035,term1
part0079,诺斯替派（知神派）（Gnostiker）167 170—2 180 198 20,167,908,term
part0079,诺斯替派（知神派）（Gnostiker）167 170—2 180 198 20,170—2,910—912,range
part0079,诺斯替派（知神派）（Gnostiker）167 170—2 180 198 20,180,920,term
part0079,诺斯替派（知神派）（Gnostiker）167 170—2 180 198 20,198,934,interp
part0079,诺斯替派（知神派）（Gnostiker）167 170—2 180 198 20,200,936,term
part0079,诺斯替派（知神派）（Gnostiker）167 170—2 180 198 20,262,1002,term
part0079,诺斯替派（知神派）（Gnostiker）167 170—2 180 198 20,264,1004,term
part0079,"诺萨斯（Gnossus, Cnossus）114",114,849,term1
part0079,基督241—2 260—2 264—5 267 271—272 313 326 ,241—2,979—981,range
part0079,基督241—2 260—2 264—5 267 271—272 313 326 ,260—2,997,range
part0079,基督241—2 260—2 264—5 267 271—272 313 326 ,264—5,1003—1005,range
part0079,基督241—2 260—2 264—5 267 271—272 313 326 ,267,1007,term
part0079,基督241—2 260—2 264—5 267 271—272 313 326 ,271—272,1010—1012,range
part0079,基督241—2 260—2 264—5 267 271—272 313 326 ,313,1049,term
part0079,基督241—2 260—2 264—5 267 271—272 313 326 ,326,1062,term
part0079,基督241—2 260—2 264—5 267 271—272 313 326 ,327,1063,term
part0079,基督241—2 260—2 264—5 267 271—272 313 326 ,341,1080,term
part0079,基督241—2 260—2 264—5 267 271—272 313 326 ,363,1099,term
part0079,基督241—2 260—2 264—5 267 271—272 313 326 ,7,750,term
part0079,基督241—2 260—2 264—5 267 271—272 313 326 ,153,894,term
part0079,基督241—2 260—2 264—5 267 271—272 313 326 ,182,921,term
part0079,基督241—2 260—2 264—5 267 271—272 313 326 ,185,924,term
part0079,基督241—2 260—2 264—5 267 271—272 313 326 ,231,969,term
part0079,基督241—2 260—2 264—5 267 271—272 313 326 ,246—147,985,term
part0079,基督241—2 260—2 264—5 267 271—272 313 326 ,250—1,989—991,range
part0079,基督241—2 260—2 264—5 267 271—272 313 326 ,253—4,992—993,range
part0079,基督241—2 260—2 264—5 267 271—272 313 326 ,262,1001,term
part0079,基督241—2 260—2 264—5 267 271—272 313 326 ,265,1004,term
part0079,基督241—2 260—2 264—5 267 271—272 313 326 ,286,1025,term
part0079,基督241—2 260—2 264—5 267 271—272 313 326 ,299,1037,term
part0079,基督241—2 260—2 264—5 267 271—272 313 326 ,314,1050,term
part0079,基督241—2 260—2 264—5 267 271—272 313 326 ,326—7,1062—1064,range
part0079,基督241—2 260—2 264—5 267 271—272 313 326 ,333,1073,term
part0079,基督241—2 260—2 264—5 267 271—272 313 326 ,337,1076,term
part0079,基督241—2 260—2 264—5 267 271—272 313 326 ,363,1099,term
part0079,基督教148 150 152—3 156 163—4 167 201—2 206,148,889,term
part0079,基督教148 150 152—3 156 163—4 167 201—2 206,150,891,term
part0079,基督教148 150 152—3 156 163—4 167 201—2 206,152—3,893—895,range
part0079,基督教148 150 152—3 156 163—4 167 201—2 206,156,897,term
part0079,基督教148 150 152—3 156 163—4 167 201—2 206,163—4,904—905,range
part0079,基督教148 150 152—3 156 163—4 167 201—2 206,167,908,term
part0079,基督教148 150 152—3 156 163—4 167 201—2 206,201—2,937—939,range
part0079,基督教148 150 152—3 156 163—4 167 201—2 206,206,943,term
part0079,基督教148 150 152—3 156 163—4 167 201—2 206,231—5,969—974,range
part0079,基督教148 150 152—3 156 163—4 167 201—2 206,237—45,975—984,range
part0079,基督教148 150 152—3 156 163—4 167 201—2 206,248,986,term
part0079,基督教148 150 152—3 156 163—4 167 201—2 206,250—2,989—991,range
part0079,基督教148 150 152—3 156 163—4 167 201—2 206,260,1000,term
part0079,基督教148 150 152—3 156 163—4 167 201—2 206,265—6,1004—1006,range
part0079,基督教148 150 152—3 156 163—4 167 201—2 206,268—9,1007—1009,range
part0079,基督教148 150 152—3 156 163—4 167 201—2 206,273,1013,term
part0079,基督教148 150 152—3 156 163—4 167 201—2 206,244,982,term
part0079,基督教148 150 152—3 156 163—4 167 201—2 206,276,1015,term
part0079,基督教148 150 152—3 156 163—4 167 201—2 206,279,1018,term
part0079,基督教148 150 152—3 156 163—4 167 201—2 206,281,1020,term
part0079,基督教148 150 152—3 156 163—4 167 201—2 206,285,1025,term
part0079,基督教148 150 152—3 156 163—4 167 201—2 206,287,1027,term
part0079,基督教148 150 152—3 156 163—4 167 201—2 206,293,1032,term
part0079,基督教148 150 152—3 156 163—4 167 201—2 206,295,1033,term
part0079,基督教148 150 152—3 156 163—4 167 201—2 206,309,1045,term
part0079,基督教148 150 152—3 156 163—4 167 201—2 206,311,1047,term
part0079,基督教148 150 152—3 156 163—4 167 201—2 206,314,1050,term
part0079,基督教148 150 152—3 156 163—4 167 201—2 206,316,1052,term
part0079,基督教148 150 152—3 156 163—4 167 201—2 206,327,1063,term
part0079,基督教148 150 152—3 156 163—4 167 201—2 206,361—3,1097—1100,range
part0079,基督教148 150 152—3 156 163—4 167 201—2 206,365,1101,term
part0079,基督教148 150 152—3 156 163—4 167 201—2 206,370,1106,term
part0079,基督教148 150 152—3 156 163—4 167 201—2 206,372,1108,term
part0079,基督教148 150 152—3 156 163—4 167 201—2 206,374—7,1109—1112,range
part0079,婆罗门113 177,113,847,term
part0079,婆罗门113 177,177,917,term
part0079,康巴尼亚（Kompanien）178,178,917,term1
part0079,康帕内拉（Campanella）343 341—2,343,1081,interp
part0079,康帕内拉（Campanella）343 341—2,341—2,1080—1081,range
part0079,康德（Kant）37 45 108 123 136 287—1 347,37,777,term
part0079,康德（Kant）37 45 108 123 136 287—1 347,45,785,term
part0079,康德（Kant）37 45 108 123 136 287—1 347,108,843,term
part0079,康德（Kant）37 45 108 123 136 287—1 347,123,857,term
part0079,康德（Kant）37 45 108 123 136 287—1 347,136,869,term
part0079,康德（Kant）37 45 108 123 136 287—1 347,287—1,1026,term
part0079,康德（Kant）37 45 108 123 136 287—1 347,347,1084,term
part0079,唯心论（Idealismus）136—139 303 305；,136—139,868—872,range
part0079,唯心论（Idealismus）136—139 303 305；,303,1040,term
part0079,唯心论（Idealismus）136—139 303 305；,305,1042,term
part0079,主观～86 121,86,823,term
part0079,主观～86 121,121,855,term
part0079,唯名论（Nominalismus）279 285 302—4 306 309—3,279,1019,term
part0079,唯名论（Nominalismus）279 285 302—4 306 309—3,285,1025,term
part0079,唯名论（Nominalismus）279 285 302—4 306 309—3,302—4,1039—1042,range
part0079,唯名论（Nominalismus）279 285 302—4 306 309—3,306,1043,term
part0079,唯名论（Nominalismus）279 285 302—4 306 309—3,309—310,1045—1047,range
part0079,唯实论（Realismus）279 285 296 302—9,279,1019,term
part0079,唯实论（Realismus）279 285 296 302—9,285,1025,term
part0079,唯实论（Realismus）279 285 296 302—9,296,1035,term
part0079,唯实论（Realismus）279 285 296 302—9,302—9,1039—1046,range
part0079,梭瓦松（Soisson）302,302,1040,term1
part0079,梅特罗多罗（Metrodorus）52,52,791,term
part0079,梵尼尼（Julius Caesar Vanini）343 347 360—5 3,343,1081,interp
part0079,梵尼尼（Julius Caesar Vanini）343 347 360—5 3,347,1085,interp
part0079,梵尼尼（Julius Caesar Vanini）343 347 360—5 3,360—5,1096—1102,range
part0079,梵尼尼（Julius Caesar Vanini）343 347 360—5 3,377,1112,interp
part0079,笛卡尔（Descartes）334,334,1074,term1
part0079,第欧根尼（Diogenes der Stoiker）97,97,832,term
part0079,第欧根尼（Diogenes Seleusiensis）13 20,13,754,term
part0079,第欧根尼（Diogenes Seleusiensis）13 20,20,761,interp
part0079,第欧根尼·拉尔修（Diogenes Laertius）11—4 29 50—2 ,11—4,752—756,range
part0079,第欧根尼·拉尔修（Diogenes Laertius）11—4 29 50—2 ,29,770,interp
part0079,第欧根尼·拉尔修（Diogenes Laertius）11—4 29 50—2 ,50—2,788—792,range
part0079,第欧根尼·拉尔修（Diogenes Laertius）11—4 29 50—2 ,60,799,term
part0079,第欧根尼·拉尔修（Diogenes Laertius）11—4 29 50—2 ,75—7,811—814,range
part0079,第欧根尼·拉尔修（Diogenes Laertius）11—4 29 50—2 ,174,914,term
part0079,教父哲学（Patristik）265,265,1005,term1
part0079,《菲利布》篇（Philebus）215—6,215—6,951—952,range
part0079,维也纳335,335,1074,term1
part0079,维尔曼多瓦（Vermandois）366,366,1102,term1
part0079,维顿堡（Wittenberg）343,343,1081,term1
part0079,颇尔图斯（Portus）182,182,921,interp
part0079,颇柯克（Pocock）257,257,996,interp
part0079,萨克斯（Hans Sachs）314,314,1050,term1
part0079,萨卡斯（Saccas）176—7 179,176—7,915—917,range
part0079,萨卡斯（Saccas）176—7 179,179,918,interp
part0079,萨利斯伯雷（John Salisbery）304,304,1041,interp
part0079,萨拜德（Sabeyde）315,315,1051,term1
part0079,萨摩斯（Samos）50,50,789,term
part0079,提德曼（Tiedemann）14 275,14,756,term
part0079,提德曼（Tiedemann）14 275,275,1015,term
part0079,敦斯顿（Dunston）297,297,1035,term1
part0079,斯多葛派（Stoiker）9 10—48 49 51 143 146 148 1,9,751,term
part0079,斯多葛派（Stoiker）9 10—48 49 51 143 146 148 1,10—48,751—788,range
part0079,斯多葛派（Stoiker）9 10—48 49 51 143 146 148 1,49,788,term
part0079,斯多葛派（Stoiker）9 10—48 49 51 143 146 148 1,51,790,term
part0079,斯多葛派（Stoiker）9 10—48 49 51 143 146 148 1,143,875,interp
part0079,斯多葛派（Stoiker）9 10—48 49 51 143 146 148 1,146,879,term
part0079,斯多葛派（Stoiker）9 10—48 49 51 143 146 148 1,148,890,term
part0079,斯多葛派（Stoiker）9 10—48 49 51 143 146 148 1,153—5,894—897,range
part0079,斯多葛派（Stoiker）9 10—48 49 51 143 146 148 1,158,899,term
part0079,斯多葛派（Stoiker）9 10—48 49 51 143 146 148 1,174,913,term
part0079,斯多葛派（Stoiker）9 10—48 49 51 143 146 148 1,180—1,919—921,range
part0079,斯多葛派（Stoiker）9 10—48 49 51 143 146 148 1,277,1017,term
part0079,斯多葛派（Stoiker）9 10—48 49 51 143 146 148 1,302,1039,term
part0079,斯多葛派（Stoiker）9 10—48 49 51 143 146 148 1,334,1073,term
part0079,斯多葛派（Stoiker）9 10—48 49 51 143 146 148 1,361,1098,term
part0079,斯托拜欧（Stobäus）13,13,755,term1
part0079,斯提罗（Stylo）341,341,1080,term1
part0079,斯底尔波（Stilpo）12,12,754,term
part0079,斯图伽特（Stuttgart）317,317,1053,interp
part0079,斯宾诺莎（Spinoza）18 133 139 254 315 345 348 ,18,759,term
part0079,斯宾诺莎（Spinoza）18 133 139 254 315 345 348 ,133,867,term
part0079,斯宾诺莎（Spinoza）18 133 139 254 315 345 348 ,139,872,term
part0079,斯宾诺莎（Spinoza）18 133 139 254 315 345 348 ,254,993,term
part0079,斯宾诺莎（Spinoza）18 133 139 254 315 345 348 ,315,1051,term
part0079,斯宾诺莎（Spinoza）18 133 139 254 315 345 348 ,345,1083,term
part0079,斯宾诺莎（Spinoza）18 133 139 254 315 345 348 ,348,1086,term
part0079,斯宾诺莎（Spinoza）18 133 139 254 315 345 348 ,354,1091,term
part0079,斯特方（Stephanus）193,193,931,interp
part0079,斯彪西波（Speusipp）89 302,89,825,term
part0079,斯彪西波（Speusipp）89 302,302,1039,term
part0079,斯特拉陀（Straton）5,5,747,term1
part0079,智者（Sophisten）279,279,1018,term
part0079,普弗尔兹海姆（Pforzheim）335,335,1074,term1
part0079,普罗克洛（Proclus）176 206—24 233 244 252 284 ,176,916,term
part0079,普罗克洛（Proclus）176 206—24 233 244 252 284 ,206—24,942—960,range
part0079,普罗克洛（Proclus）176 206—24 233 244 252 284 ,233,971,term
part0079,普罗克洛（Proclus）176 206—24 233 244 252 284 ,244,983,term
part0079,普罗克洛（Proclus）176 206—24 233 244 252 284 ,252,991,term
part0079,普罗克洛（Proclus）176 206—24 233 244 252 284 ,284,1023,term
part0079,普罗克洛（Proclus）176 206—24 233 244 252 284 ,295,1034,term
part0079,普罗克洛（Proclus）176 206—24 233 244 252 284 ,309,1045,term
part0079,普罗克洛（Proclus）176 206—24 233 244 252 284 ,334—5,1073—1075,range
part0079,普罗克洛（Proclus）176 206—24 233 244 252 284 ,354,1092,term
part0079,普罗克洛（Proclus）176 206—24 233 244 252 284 ,355,1092,term
part0079,普罗克洛（Proclus）176 206—24 233 244 252 284 ,358,1094,term
part0079,普罗科比（Procopius）224,224,959,interp
part0079,普莱恩（Pulleyn）：罗伯特·～294,294,1033,term1
part0079,普鲁泰克（Plutarch）19 206,19,760,interp
part0079,普鲁泰克（Plutarch）19 206,206,942,term
part0079,腓特力二世（Friedrich II）299,299,1037,term1
part0079,舒尔兹（Schulze）108 123 144,108,843,term
part0079,舒尔兹（Schulze）108 123 144,123,856,term
part0079,舒尔兹（Schulze）108 123 144,144,876,interp
part0079,黑格尔216 278 343—4,216,952,interp
part0079,黑格尔216 278 343—4,278,1018,interp
part0079,黑格尔216 278 343—4,343—4,1081—1083,range
part0079,黑梅斯（Hermes）206,206,943,term
part0079,黑梅斯–阿芙罗狄（Hermaphrodit）173,173,913,interp
part0079,奥古斯丁（Augustinus）283 296 298；,283,1023,term
part0079,奥古斯丁（Augustinus）283 296 298；,296,1034,term
part0079,奥古斯丁（Augustinus）283 296 298；,298,1036,term
part0079,～第二296,296,1034,term1
part0079,奥古斯都（Augustus）175,175,914,term1
part0079,奥尔斐（Orpheus）206—7,206—7,942—944,range
part0079,奥利振（Orgen）176,176,916,term1
part0079,奥拉·格利乌（Aulus Gellius）16,16,757,interp
part0079,奥勒利（Orellius）52—3,52—3,791—793,range
part0079,奥斯达（Aosta）286,286,1025,term1
part0079,奥康（William Occam）305—9；～派309,305—9,1042—1046,range
part0079,奥康（William Occam）305—9；～派309,309,1046,term
part0079,塔西佗（Tacitus）8 45,8,750,term1
part0079,塔西佗（Tacitus）8 45,45,785,interp
part0079,葛廷根（G.ttingen）108 123 343,108,843,term
part0079,葛廷根（G.ttingen）108 123 343,123,856,term
part0079,葛廷根（G.ttingen）108 123 343,343,1081,term
part0079,《蒂迈欧》篇（Timäus）87—8 207,87—8,823—825,range
part0079,《蒂迈欧》篇（Timäus）87—8 207,207,944,term
part0079,蒂孟（Timon）114,114,848,term1
part0079,葡萄牙258,258,997,term1
part0079,雅典（Athen）11—6 39 50 88 97 113,11—6,752—758,range
part0079,雅典（Athen）11—6 39 50 88 97 113,39,778,term
part0079,雅典（Athen）11—6 39 50 88 97 113,50,789,term
part0079,雅典（Athen）11—6 39 50 88 97 113,88,824,term
part0079,雅典（Athen）11—6 39 50 88 97 113,97,832,term
part0079,雅典（Athen）11—6 39 50 88 97 113,113,847,term
part0079,—4 175 206—7 224；《～纪事》16,4,,none
part0079,—4 175 206—7 224；《～纪事》16,175,915,interp
part0079,—4 175 206—7 224；《～纪事》16,206—7,942—944,range
part0079,—4 175 206—7 224；《～纪事》16,224,959,interp
part0079,—4 175 206—7 224；《～纪事》16,16,757,interp
part0079,雅典娜（Athena）206,206,943,term1
part0079,鲁其里奥（Lucilius， Lucilio）360,360,1097,term1
part0079,鲁路斯（Raimund Lullus）318 345 351—4 359,318,1053,term
part0079,鲁路斯（Raimund Lullus）318 345 351—4 359,345,1083,term
part0079,鲁路斯（Raimund Lullus）318 345 351—4 359,351—4,1088—1092,range
part0079,鲁路斯（Raimund Lullus）318 345 351—4 359,359,1095,term
part0079,谟纳塞阿（Mneseas）13,13,755,term1
part0079,铿地（al-Kendi）257,257,996,term1
part0079,塞内卡（Seneca）15—6 39 40 44—5 53 76 83,15—6,756—758,range
part0079,塞内卡（Seneca）15—6 39 40 44—5 53 76 83,39,779,term
part0079,塞内卡（Seneca）15—6 39 40 44—5 53 76 83,40,779,term
part0079,塞内卡（Seneca）15—6 39 40 44—5 53 76 83,44—5,784—785,range
part0079,塞内卡（Seneca）15—6 39 40 44—5 53 76 83,53,791,term
part0079,塞内卡（Seneca）15—6 39 40 44—5 53 76 83,76,813,term
part0079,塞内卡（Seneca）15—6 39 40 44—5 53 76 83,83,820,term
part0079,塞克斯都·恩披里可（Sextus Empiricus） 16 30 50 53 ,16,757,term
part0079,塞克斯都·恩披里可（Sextus Empiricus） 16 30 50 53 ,30,770,term
part0079,塞克斯都·恩披里可（Sextus Empiricus） 16 30 50 53 ,50,789,interp
part0079,塞克斯都·恩披里可（Sextus Empiricus） 16 30 50 53 ,53,791,term
part0079,塞克斯都·恩披里可（Sextus Empiricus） 16 30 50 53 ,89,825,term
part0079,塞克斯都·恩披里可（Sextus Empiricus） 16 30 50 53 ,96,832,interp
part0079,塞克斯都·恩披里可（Sextus Empiricus） 16 30 50 53 ,111—2,846—847,range
part0079,塞克斯都·恩披里可（Sextus Empiricus） 16 30 50 53 ,118,852,term
part0079,塞克斯都·恩披里可（Sextus Empiricus） 16 30 50 53 ,121,855,interp
part0079,塞克斯都·恩披里可（Sextus Empiricus） 16 30 50 53 ,124,857,term
part0079,塞克斯都·恩披里可（Sextus Empiricus） 16 30 50 53 ,126,859,term
part0079,塞克斯都·恩披里可（Sextus Empiricus） 16 30 50 53 ,132,865,term
part0079,塞克斯都·恩披里可（Sextus Empiricus） 16 30 50 53 ,134,867,interp
part0079,塞克斯都·恩披里可（Sextus Empiricus） 16 30 50 53 ,143,876,term
part0079,塞路西亚（Seleucia）15,15,756,term1
part0079,177,177,917,term1
part0079,塞诺芬尼（Xenophanes）111,111,846,term1
part0079,意大利286 293 296 300 328 332—3 337 342—3 3,286,1025,term
part0079,意大利286 293 296 300 328 332—3 337 342—3 3,293,1032,term
part0079,意大利286 293 296 300 328 332—3 337 342—3 3,296,1034,term
part0079,意大利286 293 296 300 328 332—3 337 342—3 3,300,1038,term
part0079,意大利286 293 296 300 328 332—3 337 342—3 3,328,1064,term
part0079,意大利286 293 296 300 328 332—3 337 342—3 3,332—3,1072—1073,range
part0079,意大利286 293 296 300 328 332—3 337 342—3 3,337,1076,term
part0079,意大利286 293 296 300 328 332—3 337 342—3 3,342—3,1080—1082,range
part0079,意大利286 293 296 300 328 332—3 337 342—3 3,370,1106,interp
part0079,新柏拉图派（Neuplatoniker）89 91 148—227 231—3 ,89,824,term
part0079,新柏拉图派（Neuplatoniker）89 91 148—227 231—3 ,91,827,term
part0079,新柏拉图派（Neuplatoniker）89 91 148—227 231—3 ,148—227,880,range
part0079,新柏拉图派（Neuplatoniker）89 91 148—227 231—3 ,231—3,969—972,range
part0079,新柏拉图派（Neuplatoniker）89 91 148—227 231—3 ,238,976,term
part0079,新柏拉图派（Neuplatoniker）89 91 148—227 231—3 ,242—3,980—982,range
part0079,新柏拉图派（Neuplatoniker）89 91 148—227 231—3 ,246,985,term
part0079,新柏拉图派（Neuplatoniker）89 91 148—227 231—3 ,252,991,term
part0079,新柏拉图派（Neuplatoniker）89 91 148—227 231—3 ,285,1025,term
part0079,新柏拉图派（Neuplatoniker）89 91 148—227 231—3 ,309,1045,term
part0079,新柏拉图派（Neuplatoniker）89 91 148—227 231—3 ,315,1050,term
part0079,新柏拉图派（Neuplatoniker）89 91 148—227 231—3 ,318,1054,term
part0079,新柏拉图派（Neuplatoniker）89 91 148—227 231—3 ,333,1073,term
part0079,新柏拉图派（Neuplatoniker）89 91 148—227 231—3 ,354,1092,term
part0079,新亚里士多德派（Neuaristotelianer） 154 179,154,895,term
part0079,新亚里士多德派（Neuaristotelianer） 154 179,179,919,term
part0079,新学园派（Neuakademiker）8 85 86— 106 112 114—,8,750,term
part0079,新学园派（Neuakademiker）8 85 86— 106 112 114—,85,821,term
part0079,新学园派（Neuakademiker）8 85 86— 106 112 114—,86,822,term
part0079,新学园派（Neuakademiker）8 85 86— 106 112 114—,106,841,interp
part0079,新学园派（Neuakademiker）8 85 86— 106 112 114—,112,846,term
part0079,新学园派（Neuakademiker）8 85 86— 106 112 114—,114—6,848—851,range
part0079,新教334 336 343 363 374,334,1073,term
part0079,新教334 336 343 363 374,336,1075,term
part0079,新教334 336 343 363 374,343,1081,term
part0079,新教334 336 343 363 374,363,1099,term
part0079,新教334 336 343 363 374,374,1110,term
part0079,333—4 364,333—4,1072—1074,range
part0079,333—4 364,364,1100,interp
part0079,蒙田（Montaigne）368,368,1104,term
part0079,蒙泰格纳（Montagne）304,304,1041,term
part0079,路易（Louis）：虔敬的～284；巴伐利亚的～306,284,1024,term1
part0079,路易（Louis）：虔敬的～284；巴伐利亚的～306,306,1043,term1
part0079,路德（Martin Luther）238 271 337 369—72,238,977,term
part0079,路德（Martin Luther）238 271 337 369—72,271,1012,term
part0079,路德（Martin Luther）238 271 337 369—72,337,1076,term
part0079,路德（Martin Luther）238 271 337 369—72,369—72,1105—1108,range
part0079,雷斯博（Lesbos）50,50,789,term1
part0079,雷奥（Leo）257；～十世334,257,996,interp
part0079,雷奥（Leo）257；～十世334,334,1073,term
part0079,雷蒙（Raimund von Sabunde）316—8,316—8,1051—1054,range
part0079,裴拉几（Pelagius）265,265,1004,term1
part0079,裴斐尔（Pfeiffer）161,161,902,term1
part0079,赫尔古朗（Herkulanum）52—3,52—3,791—793,range
part0079,赫尔姆士泰德（Helmstädt）343,343,1081,term1
part0079,赫尔蒙特（Helmont）335,335,1075,term1
part0079,赫尔库勒（Hercules）352,352,1089,term1
part0079,赫西阿德（Hesiod）50 301,50,789,term
part0079,赫西阿德（Hesiod）50 301,301,1039,term
part0079,赫拉克利特（Heraklit）12 17—9 20—1 111 175 362,12,754,term
part0079,赫拉克利特（Heraklit）12 17—9 20—1 111 175 362,17—9,758—760,range
part0079,赫拉克利特（Heraklit）12 17—9 20—1 111 175 362,20—1,760—762,range
part0079,赫拉克利特（Heraklit）12 17—9 20—1 111 175 362,111,846,term
part0079,赫拉克利特（Heraklit）12 17—9 20—1 111 175 362,175,915,interp
part0079,赫拉克利特（Heraklit）12 17—9 20—1 111 175 362,362,1099,interp
part0079,赫勒纽（Herennius）352,352,1089,term1
part0079,慕尼黑（München）306,306,1043,term1
part0079,摩西（Moses）161 165 167—168；《～五经》259；～·迈蒙尼德,161,903,term
part0079,摩西（Moses）161 165 167—168；《～五经》259；～·迈蒙尼德,165,906,interp
part0079,摩西（Moses）161 165 167—168；《～五经》259；～·迈蒙尼德,167—168,907—909,range
part0079,摩西（Moses）161 165 167—168；《～五经》259；～·迈蒙尼德,259,997,term1
part0079,摩尼教（Manichäismus）198 201 263—4 364,198,934,interp
part0079,摩尼教（Manichäismus）198 201 263—4 364,201,938,interp
part0079,摩尼教（Manichäismus）198 201 263—4 364,263—4,1002—1004,range
part0079,摩尼教（Manichäismus）198 201 263—4 364,364,1101,term
part0079,摩塔瓦克尔（al-Motawakel）251,251,991,term1
part0079,德丁努（Tetinus）301,301,1039,term1
part0079,德来斯登（Dresden）343,343,1081,term1
part0079,德国368,368,1104,term
part0079,德奥弗拉斯特（Theophrast）5 50 88,5,747,term
part0079,德奥弗拉斯特（Theophrast）5 50 88,50,789,term
part0079,德奥弗拉斯特（Theophrast）5 50 88,88,824,term
part0079,德谟克里特（Demokrit）50,50,789,term
part0079,橄榄山（Oelberg）327,327,1063,term1
part0079,穆尔太齐赖派（Muatzali）250,250,990,term1
part0088,爱（Liebe/love）：310,310,1169,interp
part0088,波墨，405,405,1251,interp
part0088,斯宾诺莎，415,415,1259,term
part0088,马勒伯朗士，604,604,1427,interp
part0088,▲对神的理智的爱404，对上帝的爱636，永恒的爱320，对自然的爱415,404,1250,interp
part0088,▲对神的理智的爱404，对上帝的爱636，永恒的爱320，对自然的爱415,636,1454,term1
part0088,▲对神的理智的爱404，对上帝的爱636，永恒的爱320，对自然的爱415,320,1177,term
part0088,▲对神的理智的爱404，对上帝的爱636，永恒的爱320，对自然的爱415,415,1259,interp
part0088,爱己（Selbstliebe/self-love）：自在存在的自然物510〔法国,510,1346,term
part0088,爱己（Selbstliebe/self-love）：自在存在的自然物510〔法国,525,1358,term
part0088,爱利亚派（Eleaten/the Eleatics）：376,376,1228,term
part0088,白板（拉fabula rasa）：557洛克,557,1390,term1
part0088,被动的自然/派生的自然/被创造的自然（拉natura naturata）：392,392,1240,term
part0088,被动的自然/派生的自然/被创造的自然（拉natura naturata）：392,395,1243,term
part0088,被动能力（das liedendes Vermögen/the passive ,461,1295,term1
part0088,被动性（Passivität/passivity）：471,471,1302,interp
part0088,被创造的实体（erschaffene Substanz/created subs,367,1221,term
part0088,本体（拉Noumen ‖ Wesen/Being）：346、350、634,346,1204,term
part0088,本体（拉Noumen ‖ Wesen/Being）：346、350、634,350,1208,term
part0088,本体（拉Noumen ‖ Wesen/Being）：346、350、634,634,1452,term
part0088,▲绝对本体（absolute existence）302〔神〕，绝对完满本体34,302,1164,term
part0088,▲绝对本体（absolute existence）302〔神〕，绝对完满本体34,349,1207,interp
part0088,▲绝对本体（absolute existence）302〔神〕，绝对完满本体34,513,1349,term
part0088,▲绝对本体（absolute existence）302〔神〕，绝对完满本体34,484,1313,term1
part0088,▲绝对本体（absolute existence）302〔神〕，绝对完满本体34,307,1167,interp
part0088,▲绝对本体（absolute existence）302〔神〕，绝对完满本体34,509,1346,term
part0088,本体论（Ontologie/Ontology）：347安瑟伦，478沃尔夫,347,1205,term
part0088,本体论（Ontologie/Ontology）：347安瑟伦，478沃尔夫,478,1308,term
part0088,本能（Instinkt/instinct）：574,574,1403,interp
part0088,——本能是自我意识一种无精神性存在506,506,1343,term
part0088,▲理性的本能514，感性本能260，本能和理性的冲突499,514,1350,term
part0088,▲理性的本能514，感性本能260，本能和理性的冲突499,260,,none
part0088,▲理性的本能514，感性本能260，本能和理性的冲突499,499,1338,interp
part0088,▲感性本性266，内在本性434，精神本性278、518，精神的自在本性501，,266,1133,term1
part0088,▲感性本性266，内在本性434，精神本性278、518，精神的自在本性501，,434,1274,interp
part0088,▲感性本性266，内在本性434，精神本性278、518，精神的自在本性501，,278,1145,term
part0088,▲感性本性266，内在本性434，精神本性278、518，精神的自在本性501，,518,1353,interp
part0088,▲感性本性266，内在本性434，精神本性278、518，精神的自在本性501，,501,1339,term1
part0088,▲感性本性266，内在本性434，精神本性278、518，精神的自在本性501，,405,1251,interp
part0088,▲感性本性266，内在本性434，精神本性278、518，精神的自在本性501，,405,1251,term1
part0088,▲感性本性266，内在本性434，精神本性278、518，精神的自在本性501，,484,1312,term1
part0088,▲感性本性266，内在本性434，精神本性278、518，精神的自在本性501，,349,1207,term
part0088,▲感性本性266，内在本性434，精神本性278、518，精神的自在本性501，,453,1289,interp
part0088,▲感性本性266，内在本性434，精神本性278、518，精神的自在本性501，,615,1436,term1
part0088,   ——本性天赋505西塞罗,505,1343,interp
part0088,本原（Prinzip/principles）：万物的本原467〔单子〕莱布尼茨,467,1299,term1
part0088,本质（拉essentia‖Essenz，Wesen/essence）：合理的现实,269,1136,term
part0088,本质（拉essentia‖Essenz，Wesen/essence）：合理的现实,589,1415,term
part0088,▲本质的本质395、582，绝对本质687〔自身思维着的自我意识〕、665，形成,395,1243,term
part0088,▲本质的本质395、582，绝对本质687〔自身思维着的自我意识〕、665，形成,582,1409,interp
part0088,▲本质的本质395、582，绝对本质687〔自身思维着的自我意识〕、665，形成,687,1496,term
part0088,▲本质的本质395、582，绝对本质687〔自身思维着的自我意识〕、665，形成,665,1478,interp
part0088,▲本质的本质395、582，绝对本质687〔自身思维着的自我意识〕、665，形成,404,1250,interp
part0088,▲本质的本质395、582，绝对本质687〔自身思维着的自我意识〕、665，形成,435,1275,term
part0088,▲本质的本质395、582，绝对本质687〔自身思维着的自我意识〕、665，形成,687,1495,interp
part0088,▲本质的本质395、582，绝对本质687〔自身思维着的自我意识〕、665，形成,589,1415,interp
part0088,——本质去掉了自我意识398斯宾诺莎，本质（Essentiale）先于表象414,398,1245,interp
part0088,——本质去掉了自我意识398斯宾诺莎，本质（Essentiale）先于表象414,414,1258,interp
part0088,本质性（Wesenheit/the implicit）：归入自我意识554康德,554,1387,term1
part0088,保存（die Erhaltung/Preservation）：是继续创造355笛,355,1212,term
part0088,▲灵魂的口袋装思维342，灵魂洗澡376，胃肠中硬块593，世界善恶和买东西46,342,1202,interp
part0088,▲灵魂的口袋装思维342，灵魂洗澡376，胃肠中硬块593，世界善恶和买东西46,376,1228,interp
part0088,▲灵魂的口袋装思维342，灵魂洗澡376，胃肠中硬块593，世界善恶和买东西46,593,1418,interp
part0088,▲灵魂的口袋装思维342，灵魂洗澡376，胃肠中硬块593，世界善恶和买东西46,465,1297,interp
part0088,▲灵魂的口袋装思维342，灵魂洗澡376，胃肠中硬块593，世界善恶和买东西46,465,1297,interp
part0088,▲灵魂的口袋装思维342，灵魂洗澡376，胃肠中硬块593，世界善恶和买东西46,460,1294,interp
part0088,▲灵魂的口袋装思维342，灵魂洗澡376，胃肠中硬块593，世界善恶和买东西46,657,1471,interp
part0088,▲灵魂的口袋装思维342，灵魂洗澡376，胃肠中硬块593，世界善恶和买东西46,556,1389,interp
part0088,▲灵魂的口袋装思维342，灵魂洗澡376，胃肠中硬块593，世界善恶和买东西46,529,1361,term1
part0088,▲灵魂的口袋装思维342，灵魂洗澡376，胃肠中硬块593，世界善恶和买东西46,422,,skip
part0088,▲圆形389，三角形390，七里靴266，蜡和火434，花615，大阴沟472〔,389,1238,term
part0088,▲圆形389，三角形390，七里靴266，蜡和火434，花615，大阴沟472〔,390,1239,term
part0088,▲圆形389，三角形390，七里靴266，蜡和火434，花615，大阴沟472〔,266,1133,interp
part0088,▲圆形389，三角形390，七里靴266，蜡和火434，花615，大阴沟472〔,434,1274,interp
part0088,▲圆形389，三角形390，七里靴266，蜡和火434，花615，大阴沟472〔,615,1436,interp
part0088,▲圆形389，三角形390，七里靴266，蜡和火434，花615，大阴沟472〔,472,1303,term
part0088,▲圆形389，三角形390，七里靴266，蜡和火434，花615，大阴沟472〔,492,1333,interp
part0088,▲圆形389，三角形390，七里靴266，蜡和火434，花615，大阴沟472〔,592,1417,interp
part0088,▲小老鼠409，老田鼠691，死狗537，蜜蜂529德国人,409,1254,term
part0088,▲小老鼠409，老田鼠691，死狗537，蜜蜂529德国人,691,1499,term
part0088,▲小老鼠409，老田鼠691，死狗537，蜜蜂529德国人,537,1373,term1
part0088,▲小老鼠409，老田鼠691，死狗537，蜜蜂529德国人,529,1361,term
part0088,彼岸（Jenseits/the Beyond）：265、278、483、596、,265,1132,term
part0088,彼岸（Jenseits/the Beyond）：265、278、483、596、,278,1145,term
part0088,彼岸（Jenseits/the Beyond）：265、278、483、596、,483,1312,term
part0088,彼岸（Jenseits/the Beyond）：265、278、483、596、,596,1421,term
part0088,彼岸（Jenseits/the Beyond）：265、278、483、596、,633,1452,term
part0088,彼岸（Jenseits/the Beyond）：265、278、483、596、,687,1496,term
part0088,▲毫无规定性的彼岸548,548,1382,term1
part0088,必然性（Notwendigkeit/necessity）：293、432、554,293,1156,term
part0088,必然性（Notwendigkeit/necessity）：293、432、554,432,1273,interp
part0088,必然性（Notwendigkeit/necessity）：293、432、554,554,1388,term
part0088,必然性（Notwendigkeit/necessity）：293、432、554,611,1433,term
part0088,必然性（Notwendigkeit/necessity）：293、432、554,660,1474,term
part0088,——必然性最内在意义535〔思维和存在的统一〕,535,1371,term
part0088,——凝固的必然性缺少自我意识402,402,1249,term
part0088,▲表象的必然性491，自然的必然性274，主观的必然性499〔习惯〕，普遍的必然,491,1332,term1
part0088,▲表象的必然性491，自然的必然性274，主观的必然性499〔习惯〕，普遍的必然,274,1140,interp
part0088,▲表象的必然性491，自然的必然性274，主观的必然性499〔习惯〕，普遍的必然,499,1338,term1
part0088,▲表象的必然性491，自然的必然性274，主观的必然性499〔习惯〕，普遍的必然,495,1335,interp
part0088,▲表象的必然性491，自然的必然性274，主观的必然性499〔习惯〕，普遍的必然,581,1408,term1
part0088,▲表象的必然性491，自然的必然性274，主观的必然性499〔习惯〕，普遍的必然,650,1466,term1
part0088,——神有必然性390斯宾诺莎，知觉中无必然性557休谟,390,1239,interp
part0088,——神有必然性390斯宾诺莎，知觉中无必然性557休谟,557,1390,interp
part0088,——▲理性是辩证的579，▲辩证法使对立双方过渡到统一668,579,1407,interp
part0088,——▲理性是辩证的579，▲辩证法使对立双方过渡到统一668,668,1480,interp
part0088,——辩证的考察424、506,424,1267,interp
part0088,——辩证的考察424、506,506,1343,interp
part0088,——辩证法和：柏拉图共相、谢林的理智性667,667,1479,interp
part0088,▲最生动的辩证法327波墨，敏锐的辩证法家452贝尔,327,1182,term1
part0088,▲最生动的辩证法327波墨，敏锐的辩证法家452贝尔,452,1288,term1
part0088,——辩证法无助于发明287培根，洛克抛弃对经验的辩证考察424，谢林的形式缺乏辩,287,1152,interp
part0088,——辩证法无助于发明287培根，洛克抛弃对经验的辩证考察424，谢林的形式缺乏辩,424,1267,interp
part0088,——辩证法无助于发明287培根，洛克抛弃对经验的辩证考察424，谢林的形式缺乏辩,674,1484,interp
part0088,变相（Affektion/affection；Modifikation/modi,412,1256,term
part0088,▲内容的变相342，众多的变相458（规定性）,342,1202,interp
part0088,▲内容的变相342，众多的变相458（规定性）,458,1293,term1
part0088,——自然、世界是实体的变相373斯宾诺莎,373,1225,interp
part0088,变灭（Untergehen）：418,418,1261,term1
part0088,变革、不变（Veränderlichkeit，Unveränderlichkei,422,,skip
part0088,▲单子的变化468、472，观念的变化508法国哲学，众多性的变化459，肉体、,468,1300,term1
part0088,▲单子的变化468、472，观念的变化508法国哲学，众多性的变化459，肉体、,472,1303,interp
part0088,▲单子的变化468、472，观念的变化508法国哲学，众多性的变化459，肉体、,508,1345,interp
part0088,▲单子的变化468、472，观念的变化508法国哲学，众多性的变化459，肉体、,459,1293,interp
part0088,▲单子的变化468、472，观念的变化508法国哲学，众多性的变化459，肉体、,367,1221,interp
part0088,▲单子的变化468、472，观念的变化508法国哲学，众多性的变化459，肉体、,472,1303,term1
part0088,▲单子的变化468、472，观念的变化508法国哲学，众多性的变化459，肉体、,458,1293,term1
part0088,▲变化的相吻合472〔预定和谐〕,472,1303,interp
part0088,——物质的变化仅仅是运动362笛卡尔,362,1216,term1
part0088,表象（Vorstellung/representation）：394、412、4,394,1242,term
part0088,表象（Vorstellung/representation）：394、412、4,412,1256,term
part0088,表象（Vorstellung/representation）：394、412、4,458,1293,term
part0088,表象（Vorstellung/representation）：394、412、4,630,1449,term
part0088,——先天形而上学以表象为前提350,350,1207,term
part0088,▲表象一般（V. überhaupt/r. in general）469〔单子〕,469,1301,term1
part0088,▲表象一般（V. überhaupt/r. in general）469〔单子〕,584,1411,interp
part0088,▲表象一般（V. überhaupt/r. in general）469〔单子〕,481,1310,term
part0088,▲表象一般（V. überhaupt/r. in general）469〔单子〕,437,1277,interp
part0088,▲表象一般（V. überhaupt/r. in general）469〔单子〕,490,1331,term1
part0088,▲表象一般（V. überhaupt/r. in general）469〔单子〕,484,1313,term1
part0088,▲表象一般（V. überhaupt/r. in general）469〔单子〕,460,1294,interp
part0088,▲表象一般（V. überhaupt/r. in general）469〔单子〕,419,1263,term
part0088,▲表象一般（V. überhaupt/r. in general）469〔单子〕,351,1208,interp
part0088,▲表象一般（V. überhaupt/r. in general）469〔单子〕,414,1258,term1
part0088,▲表象一般（V. überhaupt/r. in general）469〔单子〕,469,1301,term1
part0088,▲表象一般（V. überhaupt/r. in general）469〔单子〕,422,,skip
part0088,▲表象的真理367〔神〕笛卡尔,367,1221,term1
part0088, 表象者在自身内存在（Insichselbstsein des V.） 491,491,1332,interp
part0088,▲基督教内容的标准269，沃尔夫哲学最后标准（Maßstab/standard）,269,1135,interp
part0088,▲基督教内容的标准269，沃尔夫哲学最后标准（Maßstab/standard）,481,1310,interp
part0088,▲基督教内容的标准269，沃尔夫哲学最后标准（Maßstab/standard）,500,1338,interp
part0088,不同性（Ungleichheit）：320,320,1177,term1
part0088,impenetrability）：430（形而上学的概念）,430,1271,interp
part0088,——形体是不可入的412马勒伯朗士,412,1256,term1
part0088,不可把捉性（Nichtgefaßtwerdenkönnen/the inconc,602,1425,term1
part0088,不可捉摸者（das Unbegrifliche）：542（超自然者）耶可比,542,1377,term1
part0088,——抽象实体、一般存在是最不可理解的东西491巴克莱，神理解不可理解的东西472,491,1332,interp
part0088,——抽象实体、一般存在是最不可理解的东西491巴克莱，神理解不可理解的东西472,472,1303,interp
part0088,不可理解性（Unverständlichkeit/the incomprehen,491,1331,term
part0088,不可认识的东西（das Unerkennbare/the unknowable）,523,1356,term
part0088,不死性/不朽/永生（Unsterblichkeit/immortality）：4,478,1308,term1
part0088,不可分的东西（unzertrennlich/inseparable）：339、3,339,1200,term1
part0088,不可分的东西（unzertrennlich/inseparable）：339、3,340,1200,term1
part0088,不一样的（拉heterogenei）：295,295,1157,term1
part0088,差别/区别，有差别的（Unterschied/difference；unters,603,1426,term
part0088,差别/区别，有差别的（Unterschied/difference；unters,659,1473,term
part0088,〔例〕主体客体的区别657费希特，主观、客观的差别663，事物、意识的差别377,657,1471,term
part0088,〔例〕主体客体的区别657费希特，主观、客观的差别663，事物、意识的差别377,663,1476,term
part0088,〔例〕主体客体的区别657费希特，主观、客观的差别663，事物、意识的差别377,377,1229,term
part0088,〔例〕主体客体的区别657费希特，主观、客观的差别663，事物、意识的差别377,489,1330,interp
part0088,▲绝对差别就是所谓概念459,459,1293,interp
part0088,——区别是：固定不移的613〔理智看法〕；区别的：形式665〔因次〕谢林；区别和,613,1435,interp
part0088,——区别是：固定不移的613〔理智看法〕；区别的：形式665〔因次〕谢林；区别和,665,1477,term
part0088,——区别是：固定不移的613〔理智看法〕；区别的：形式665〔因次〕谢林；区别和,394,1242,term1
part0088,——区别是：固定不移的613〔理智看法〕；区别的：形式665〔因次〕谢林；区别和,662,1475,term
part0088,——区别是：固定不移的613〔理智看法〕；区别的：形式665〔因次〕谢林；区别和,395,1243,interp
part0088,▲思维单纯性中的差异348笛卡尔，抽象的差别609（思维理念），意识的差别418,348,1206,interp
part0088,▲思维单纯性中的差异348笛卡尔，抽象的差别609（思维理念），意识的差别418,609,1431,term1
part0088,▲思维单纯性中的差异348笛卡尔，抽象的差别609（思维理念），意识的差别418,418,1262,term1
part0088,▲思维单纯性中的差异348笛卡尔，抽象的差别609（思维理念），意识的差别418,419,1262,term
part0088,▲思维单纯性中的差异348笛卡尔，抽象的差别609（思维理念），意识的差别418,454,1290,interp
part0088,▲思维单纯性中的差异348笛卡尔，抽象的差别609（思维理念），意识的差别418,459,1293,interp
part0088,▲思维单纯性中的差异348笛卡尔，抽象的差别609（思维理念），意识的差别418,666,1478,interp
part0088,——▲精神从差别上升到类295培根，差别独立存在419莱布尼茨，〔18世纪〕普遍,295,1158,interp
part0088,——▲精神从差别上升到类295培根，差别独立存在419莱布尼茨，〔18世纪〕普遍,419,1263,interp
part0088,——▲精神从差别上升到类295培根，差别独立存在419莱布尼茨，〔18世纪〕普遍,418,1261,interp
part0088,▲绝对概念的差别是宇宙一切差别的根源615,615,1436,interp
part0088,——差别是二、多567康德，有差别的东西是观念中的对立666；差别性被纳进无差别,567,1398,interp
part0088,——差别是二、多567康德，有差别的东西是观念中的对立666；差别性被纳进无差别,666,1478,interp
part0088,——差别是二、多567康德，有差别的东西是观念中的对立666；差别性被纳进无差别,676,1485,term
part0088,——差别是二、多567康德，有差别的东西是观念中的对立666；差别性被纳进无差别,661,1474,interp
part0088,——差别是二、多567康德，有差别的东西是观念中的对立666；差别性被纳进无差别,668,1480,interp
part0088,——▲量的差别是一切有限性的根据669谢林,669,1481,interp
part0088,差异（性）/不同（Verschiedenheit/difference，dist,340,1200,interp
part0088,差异（性）/不同（Verschiedenheit/difference，dist,345,1204,interp
part0088,差异（性）/不同（Verschiedenheit/difference，dist,268,1134,term
part0088,差异（性）/不同（Verschiedenheit/difference，dist,593,1418,interp
part0088,▲量的差异不是真正的差别668▲不同不妨害同一性340▲中世纪一个差异观点，近代,668,1480,interp
part0088,▲量的差异不是真正的差别668▲不同不妨害同一性340▲中世纪一个差异观点，近代,340,1200,interp
part0088,▲量的差异不是真正的差别668▲不同不妨害同一性340▲中世纪一个差异观点，近代,268,1135,interp
part0088,——单一东西的差异性459，物质差异性（diversity）668〔色、味〕笛卡,459,1293,interp
part0088,——单一东西的差异性459，物质差异性（diversity）668〔色、味〕笛卡,668,1480,interp
part0088,差异者（Unterschieden/distinguished）：454，有差别,454,1290,term1
part0088,差异者（Unterschieden/distinguished）：454，有差别,459,1293,term
part0088,禅悦境界/狂喜/入神/忘我（希ἔκστασις‖Entzückung des D,667,1479,term
part0088,常识（拉sensus communis ‖ gesunder Menschenv,407,1252,term
part0088,常识（拉sensus communis ‖ gesunder Menschenv,504,1342,term
part0088,常识（拉sensus communis ‖ gesunder Menschenv,515,1351,term
part0088,常识（拉sensus communis ‖ gesunder Menschenv,501,1339,term
part0088,常识（拉sensus communis ‖ gesunder Menschenv,556,1389,term
part0088,常识（拉sensus communis ‖ gesunder Menschenv,651,1466,term
part0088,——常识包含的真理和要求510（直接明了的真理、发现自己的要求）,510,1347,term
part0088,沉思（法méditation ‖ meditation）：370、342、346,370,1223,interp
part0088,沉思（法méditation ‖ meditation）：370、342、346,342,1202,interp
part0088,沉思（法méditation ‖ meditation）：370、342、346,346,1205,interp
part0088,沉思（法méditation ‖ meditation）：370、342、346,353,1210,interp
part0088,"尘世（Erde/earth）：265,（Welt/the world）453",265,1132,term
part0088,"尘世（Erde/earth）：265,（Welt/the world）453",453,1289,term
part0088,尺度（Maßstab/standard）：理智的尺度513法德哲学观标准,513,1349,term1
part0088,崇高（Erhabene/the sublime）：602,602,1425,term
part0088,冲动（Trieb/impluse）：442霍布斯,442,1281,term
part0088,——冲动是：盲目的501，自我意识毫无精神的不动的一定存在506，行为的物质原则,501,1339,term
part0088,——冲动是：盲目的501，自我意识毫无精神的不动的一定存在506，行为的物质原则,506,1344,term
part0088,——冲动是：盲目的501，自我意识毫无精神的不动的一定存在506，行为的物质原则,590,1415,term
part0088,▲冲动决定经验意志590；又见欲望,590,1416,interp
part0088,冲突（Widerstreit/the antagonism）：500理性和本性，,500,1338,term
part0088,冲突（Widerstreit/the antagonism）：500理性和本性，,302,1164,term1
part0088,抽象、〔进行〕抽象（Abstraktion/abstraction； abstr,342,1201,term
part0088,抽象、〔进行〕抽象（Abstraktion/abstraction； abstr,432,1272,term
part0088,抽象、〔进行〕抽象（Abstraktion/abstraction； abstr,533,1364,term
part0088,抽象、〔进行〕抽象（Abstraktion/abstraction； abstr,372,1225,term
part0088,▲抽象是在思维中372▲理智进行抽象，得出实体范畴331▲纯粹思维对一切进行抽象,372,1225,interp
part0088,▲抽象是在思维中372▲理智进行抽象，得出实体范畴331▲纯粹思维对一切进行抽象,331,1193,interp
part0088,▲抽象是在思维中372▲理智进行抽象，得出实体范畴331▲纯粹思维对一切进行抽象,341,1201,interp
part0088,▲哲学的抽象558〔康德的阐述所缺〕，最后的抽象509〔法国哲学、启蒙思想两派区,558,1391,term
part0088,▲哲学的抽象558〔康德的阐述所缺〕，最后的抽象509〔法国哲学、启蒙思想两派区,509,1346,term1
part0088,▲哲学的抽象558〔康德的阐述所缺〕，最后的抽象509〔法国哲学、启蒙思想两派区,606,1429,term1
part0088,▲哲学的抽象558〔康德的阐述所缺〕，最后的抽象509〔法国哲学、启蒙思想两派区,658,1472,term1
part0088,▲哲学的抽象558〔康德的阐述所缺〕，最后的抽象509〔法国哲学、启蒙思想两派区,437,1277,interp
part0088,——康德有个伟大的说法，但只是一个抽象576〔还不是理性具体概念〕，法国人从抽象,576,1404,interp
part0088,——康德有个伟大的说法，但只是一个抽象576〔还不是理性具体概念〕，法国人从抽象,511,1348,interp
part0088,抽象的东西（Abstraktion/abstraction）：367，反例：概念,367,1220,term
part0088,抽象的东西（Abstraktion/abstraction）：367，反例：概念,600,1424,term
part0088,抽象概念（abstrakter Begriff/abstract Notion）,360,1215,term
part0088,抽象概念（abstrakter Begriff/abstract Notion）,563,1394,interp
part0088,▲自在自为的抽象概念必须特殊化283,283,1149,interp
part0088,——经院哲学方法根据极其遥远的抽象概念进行推理281、286,281,1148,interp
part0088,——经院哲学方法根据极其遥远的抽象概念进行推理281、286,286,1151,interp
part0088,抽象的观念（Abstraktion/abstraction）：破坏现实553〔在,553,1386,term
part0088,抽象的观念（Abstraktion/abstraction）：破坏现实553〔在,604,1427,term1
part0088,▲法国哲学有一些抽象思想519〔自然是整体〕▲法国人对无现实意义的抽象思想作战5,519,1354,interp
part0088,▲法国哲学有一些抽象思想519〔自然是整体〕▲法国人对无现实意义的抽象思想作战5,526,1359,interp
part0088,——抽象思想不当作主观思维686柏拉图,686,1495,interp
part0088,抽象思想/抽象看法（Abstraktion/abstraction）：抽象看法6,688,1497,term
part0088,抽象思想/抽象看法（Abstraktion/abstraction）：抽象看法6,645,1462,term
part0088,▲抽象思维把空洞概念〔可能性〕认作第一范畴567,567,1398,interp
part0088,——抽象思维是：可推出可怕结论的东西523，知觉的应用524霍尔巴赫；抽象思维和,523,1356,interp
part0088,——抽象思维是：可推出可怕结论的东西523，知觉的应用524霍尔巴赫；抽象思维和,524,1357,term1
part0088,——抽象思维是：可推出可怕结论的东西523，知觉的应用524霍尔巴赫；抽象思维和,329,1191,interp
part0088,▲无概念的抽象思维467莱布尼茨，抽象的单纯的思维364笛卡尔,467,1299,term1
part0088,▲无概念的抽象思维467莱布尼茨，抽象的单纯的思维364笛卡尔,364,1218,interp
part0088,——笛卡尔开始抽象思维274，费希特方法出现抽象思维641,274,1140,interp
part0088,——笛卡尔开始抽象思维274，费希特方法出现抽象思维641,641,1458,interp
part0088,抽象者（Abstrakte）：608〔上帝的规定〕,608,1430,term1
part0088,抽象原则（abstraktes Prinzip/the abstract pri,450,1286,term1
part0088,抽象性（Astraktion/abstraction）：553,553,1386,term
part0088,抽象物（Abstraktion）：563〔空间〕，空洞的抽象物398〔自为存在〕,563,1395,term
part0088,抽象物（Abstraktion）：563〔空间〕，空洞的抽象物398〔自为存在〕,398,1245,term1
part0088,▲创造不是确定的思想367▲要成为思想、具哲学意义，需进一步规定456,367,1221,interp
part0088,▲创造不是确定的思想367▲要成为思想、具哲学意义，需进一步规定456,456,1291,interp
part0088,——单子通过神一种创造〔活动〕（Schöpfung/creation act）而,456,1291,interp
part0088,▲自然的创造力量650〔理智〕，创造活动（die S．als T.tigkeit,650,1466,term1
part0088,▲自然的创造力量650〔理智〕，创造活动（die S．als T.tigkeit,355,1212,term1
part0088,创造者/创立者（Urheber/the originator）：一和一切的创造者,405,1251,term1
part0088,创造者/创立者（Urheber/the originator）：一和一切的创造者,464,1297,term1
part0088,创世主（Schöpfer/the creator）：350〔神〕，和意志的活动4,350,1208,interp
part0088,创世主（Schöpfer/the creator）：350〔神〕，和意志的活动4,415,1259,term
part0088,创造物（Kreatur/the creature）：415，（erschaffe,415,1259,term
part0088,创造物（Kreatur/the creature）：415，（erschaffe,351,1209,term
part0088,创造物（Kreatur/the creature）：415，（erschaffe,414,1258,term
part0088,——纯粹思维是：内在东西267，空洞本质507，绝对本质545,267,1134,term
part0088,——纯粹思维是：内在东西267，空洞本质507，绝对本质545,507,1345,term
part0088,——纯粹思维是：内在东西267，空洞本质507，绝对本质545,545,1380,term
part0088,——纯粹思维和：存在341〔同一〕,341,1201,term
part0088,——纯粹思维对一切进行抽象341，做出分裂687笛卡尔，进展到主客观对立689,341,1201,term
part0088,——纯粹思维对一切进行抽象341，做出分裂687笛卡尔，进展到主客观对立689,687,1495,interp
part0088,——纯粹思维对一切进行抽象341，做出分裂687笛卡尔，进展到主客观对立689,689,1497,interp
part0088,——笛卡尔把思维看成纯粹思维345，法国哲学不会从纯粹思维重新发展出来509，康,345,1204,term
part0088,——笛卡尔把思维看成纯粹思维345，法国哲学不会从纯粹思维重新发展出来509，康,509,1346,interp
part0088,——笛卡尔把思维看成纯粹思维345，法国哲学不会从纯粹思维重新发展出来509，康,584,1411,interp
part0088,纯粹的存在（das reine Sein/pure Being）：342,342,1202,term
part0088,——意识中有纯粹思想416马勒伯朗士，逻辑方式包含纯粹思想662，出现过把纯粹思,416,1259,term1
part0088,——意识中有纯粹思想416马勒伯朗士，逻辑方式包含纯粹思想662，出现过把纯粹思,662,1475,interp
part0088,——意识中有纯粹思想416马勒伯朗士，逻辑方式包含纯粹思想662，出现过把纯粹思,527,1359,interp
part0088,此岸（Diesseits/the Here）：265、483,265,1132,term
part0088,此岸（Diesseits/the Here）：265、483,483,1312,term
part0088,次序（Folge/succession）：哲学体系递相接连的次序不是偶然的690,690,1499,term
part0088,存在/实存/现有（希’ο‖ Existenz/existence）：553,553,1386,term
part0088,——存在是：概念的外在化584，存在包含在神概念中349笛卡尔，一个规定347,584,1411,term1
part0088,——存在是：概念的外在化584，存在包含在神概念中349笛卡尔，一个规定347,349,1207,term
part0088,——存在是：概念的外在化584，存在包含在神概念中349笛卡尔，一个规定347,347,1205,term
part0088,——存在和：概念399〔互为对方〕，我们习惯把本质（概念）和存在分开351笛卡尔,399,1246,term
part0088,——存在和：概念399〔互为对方〕，我们习惯把本质（概念）和存在分开351笛卡尔,351,1208,term
part0088,——存在和：概念399〔互为对方〕，我们习惯把本质（概念）和存在分开351笛卡尔,379,1231,term
part0088,——存在和：概念399〔互为对方〕，我们习惯把本质（概念）和存在分开351笛卡尔,352,1209,term
part0088,▲不值得费力用存在规定说明精神517,517,1352,interp
part0088,——存在是：精神的自身同一性579，贫乏的规定343，单纯的存在355，意识的对,579,1407,interp
part0088,——存在是：精神的自身同一性579，贫乏的规定343，单纯的存在355，意识的对,343,1202,term1
part0088,——存在是：精神的自身同一性579，贫乏的规定343，单纯的存在355，意识的对,355,1212,term
part0088,——存在是：精神的自身同一性579，贫乏的规定343，单纯的存在355，意识的对,418,1262,term
part0088,▲我们不认识存在372，实在就是存在355,372,1225,interp
part0088,▲我们不认识存在372，实在就是存在355,355,1212,term1
part0088,——存在和：概念351〔二者可分〕，精神491〔二者关系不可理解〕巴克莱，思维3,351,1208,term
part0088,——存在和：概念351〔二者可分〕，精神491〔二者关系不可理解〕巴克莱，思维3,491,1331,term
part0088,——存在和：概念351〔二者可分〕，精神491〔二者关系不可理解〕巴克莱，思维3,355,1211,term
part0088,——存在和：概念351〔二者可分〕，精神491〔二者关系不可理解〕巴克莱，思维3,646,1463,term1
part0088,——存在的：规定339〔在我中〕笛卡尔，等级462,339,1199,term
part0088,——存在的：规定339〔在我中〕笛卡尔，等级462,462,1295,term
part0088,▲作为思维的存在、作为存在的思维339,339,1200,interp
part0088,存在/有（Sein/Being）：巴门尼德686；595，342,686,1495,term1
part0088,存在/有（Sein/Being）：巴门尼德686；595，342,595,1419,term
part0088,存在/有（Sein/Being）：巴门尼德686；595，342,342,1202,term
part0088,▲存在只和纯粹思维同一341,341,1201,interp
part0088,——存在是：对立面统一372斯宾诺莎，被感知489、被知觉506巴克莱,372,1225,interp
part0088,——存在是：对立面统一372斯宾诺莎，被感知489、被知觉506巴克莱,489,1330,term1
part0088,——存在是：对立面统一372斯宾诺莎，被感知489、被知觉506巴克莱,506,1343,term
part0088,▲天空就是存在502阿那克萨戈拉，被思维的存在（Gedachtsein）是存在3,502,1340,interp
part0088,▲天空就是存在502阿那克萨戈拉，被思维的存在（Gedachtsein）是存在3,355,1212,interp
part0088,▲天空就是存在502阿那克萨戈拉，被思维的存在（Gedachtsein）是存在3,399,1246,interp
part0088,▲天空就是存在502阿那克萨戈拉，被思维的存在（Gedachtsein）是存在3,372,1225,term
part0088,▲天空就是存在502阿那克萨戈拉，被思维的存在（Gedachtsein）是存在3,490,1331,interp
part0088,——▲古代哲学家坚持存在，反对二元论331▲英国唯心论把存在转化为为他存在506,331,1192,term1
part0088,——▲古代哲学家坚持存在，反对二元论331▲英国唯心论把存在转化为为他存在506,506,1343,interp
part0088,——▲古代哲学家坚持存在，反对二元论331▲英国唯心论把存在转化为为他存在506,339,1200,interp
part0088,——▲古代哲学家坚持存在，反对二元论331▲英国唯心论把存在转化为为他存在506,586,1413,interp
part0088,存在/特定存在/现在存在/客观存在/具体存在/限有/限在/定在/实在（Dasei,430,1271,term
part0088,存在/特定存在/现在存在/客观存在/具体存在/限有/限在/定在/实在（Dasei,567,1398,term
part0088,▲感性的特定存在（sinnliches Dasein/sensuous pres,578,1406,term
part0088,▲感性的特定存在（sinnliches Dasein/sensuous pres,492,1332,term
part0088,▲感性的特定存在（sinnliches Dasein/sensuous pres,541,1376,term
part0088,▲思想须向存在（Being）过渡614▲自然是思想形式系统的外在存在，精神是这个,614,1436,interp
part0088,▲思想须向存在（Being）过渡614▲自然是思想形式系统的外在存在，精神是这个,673,1483,interp
part0088,▲思想须向存在（Being）过渡614▲自然是思想形式系统的外在存在，精神是这个,355,1212,interp
part0088,存在（Wesen/existence）：610〔意识的对方〕,610,1432,term
part0088,自在存在/潜在/自在/内在之有（Insichsein，Ansich/Being-,509,1346,term
part0088,自在存在/潜在/自在/内在之有（Insichsein，Ansich/Being-,506,1343,term
part0088,——自在存在是：反思的对象268，对他物的僵死抽象606,268,1134,term
part0088,——自在存在是：反思的对象268，对他物的僵死抽象606,606,1428,term
part0088,——自在存在的：环节554，理性的东西（an sich Seienden/imp,554,1387,term
part0088,——自在存在的：环节554，理性的东西（an sich Seienden/imp,430,1271,term
part0088,▲意识内的自在之物425，主体认识作用不包含自在存在572康德,425,1267,interp
part0088,▲意识内的自在之物425，主体认识作用不包含自在存在572康德,572,1401,interp
part0088,——自在存在和：多样性318〔二者非绝对对立〕波墨，为他存在431〔洛克区别二者,318,1175,term
part0088,——自在存在和：多样性318〔二者非绝对对立〕波墨，为他存在431〔洛克区别二者,431,1272,term
part0088,——自在存在和：多样性318〔二者非绝对对立〕波墨，为他存在431〔洛克区别二者,488,1329,interp
part0088,——自在存在和：多样性318〔二者非绝对对立〕波墨，为他存在431〔洛克区别二者,488,1329,interp
part0088,——自在存在和：多样性318〔二者非绝对对立〕波墨，为他存在431〔洛克区别二者,554,1387,term
part0088,——自在存在和：多样性318〔二者非绝对对立〕波墨，为他存在431〔洛克区别二者,596,1420,interp
part0088,▲自觉的自在存在640（自我意识）费希特,640,1458,term1
part0088,——▲洛克忽视自在存在427，波墨主张自在存在449，我们达不到573〔康德唯心,427,1269,interp
part0088,——▲洛克忽视自在存在427，波墨主张自在存在449，我们达不到573〔康德唯心,449,1286,interp
part0088,——▲洛克忽视自在存在427，波墨主张自在存在449，我们达不到573〔康德唯心,573,1402,interp
part0088,为他存在/为他的有（Für-Anderes-Sein/Being-for-ano,488,1330,term1
part0088,——为他存在是：非本质的431，是存在506〔英国唯心论：巴克莱〕，真理原则64,431,1272,term
part0088,——为他存在是：非本质的431，是存在506〔英国唯心论：巴克莱〕，真理原则64,506,1344,term
part0088,——为他存在是：非本质的431，是存在506〔英国唯心论：巴克莱〕，真理原则64,640,1458,interp
part0088,——为他存在是：非本质的431，是存在506〔英国唯心论：巴克莱〕，真理原则64,431,1272,term
part0088,——为他存在和：自为存在318〔互为另方面〕波墨，自我意识488〔为他存在进入自,318,1175,term
part0088,——为他存在和：自为存在318〔互为另方面〕波墨，自我意识488〔为他存在进入自,488,1329,term
part0088,——▲洛克坚持为他物而存在427,427,1269,interp
part0088,自为存在/自为之有/实在（Fürsichsein/Being-for-self）,319,1176,term
part0088,——自为存在是：自我意识的一个方面410〔有两方面〕，精神图式第二题610康德，,410,1255,interp
part0088,——自为存在是：自我意识的一个方面410〔有两方面〕，精神图式第二题610康德，,610,1432,term
part0088,——自为存在是：自我意识的一个方面410〔有两方面〕，精神图式第二题610康德，,508,1346,term
part0088,——自为存在是：自我意识的一个方面410〔有两方面〕，精神图式第二题610康德，,319,1176,term
part0088,——自为存在是：自我意识的一个方面410〔有两方面〕，精神图式第二题610康德，,316,1174,term
part0088,——自为存在是：自我意识的一个方面410〔有两方面〕，精神图式第二题610康德，,470,1302,term
part0088,▲思维的活动为自为存在617,617,1438,interp
part0088,——自为存在的：运动487〔思维主要环节〕，点316〔自我所集中〕波墨,487,1329,term
part0088,——自为存在的：运动487〔思维主要环节〕，点316〔自我所集中〕波墨,316,1174,interp
part0088,——自为存在和：外在存在489〔巴克莱承认二者区别〕，为他存在318〔二者互为另,489,1330,term
part0088,——自为存在和：外在存在489〔巴克莱承认二者区别〕，为他存在318〔二者互为另,318,1175,term
part0088,——▲莱布尼茨重视自为存在449▲波墨认为物质就是自为的存在317,449,1286,interp
part0088,——▲莱布尼茨重视自为存在449▲波墨认为物质就是自为的存在317,317,1174,interp
part0088,——存在物是：样式410斯宾诺莎，自我意识所造489巴克莱，自在物（自然）的形式,410,1255,term
part0088,——存在物是：样式410斯宾诺莎，自我意识所造489巴克莱，自在物（自然）的形式,489,1330,term1
part0088,——存在物是：样式410斯宾诺莎，自我意识所造489巴克莱，自在物（自然）的形式,509,1346,term
part0088,▲对立的存在物457（灵魂、形体）,457,1292,interp
part0088,375（神），不能认识536康德，反例：神之外其他一切375,375,1227,term
part0088,375（神），不能认识536康德，反例：神之外其他一切375,536,1372,interp
part0088,375（神），不能认识536康德，反例：神之外其他一切375,375,1227,term
part0088,▲自在自为存在者为纯粹思维所接近、所把握267,267,1134,interp
part0088,▲非自在自为存在者（Nichtanundfürsichsein/the non-,454,1290,interp
part0088,大全/一个大的整体（法le grand tout ‖ the great Who,520,1355,term
part0088,大全/一个大的整体（法le grand tout ‖ the great Who,646,1463,term
part0088,单子（Monade/monad）：毕达戈拉派术语455，375，449—472莱,455,1290,term
part0088,单子（Monade/monad）：毕达戈拉派术语455，375，449—472莱,375,1227,term
part0088,单子（Monade/monad）：毕达戈拉派术语455，375，449—472莱,449—472,1285—1303,range
part0088,单子（Monade/monad）：毕达戈拉派术语455，375，449—472莱,688,1496,term
part0088,▲太上单子（拉Monas monadum‖die Monad der Monad,410,1255,term
part0088,▲太上单子（拉Monas monadum‖die Monad der Monad,466,1299,term
part0088,▲太上单子（拉Monas monadum‖die Monad der Monad,468,1300,term
part0088,德国的（deutsch）：哲学532〔出发点：休谟、卢梭〕、513〔反对路德教〕,532,1363,term
part0088,德国的（deutsch）：哲学532〔出发点：休谟、卢梭〕、513〔反对路德教〕,513,1349,term
part0088,德国的（deutsch）：哲学532〔出发点：休谟、卢梭〕、513〔反对路德教〕,478,1307,term
part0088,▲德意志精神（German patriotism）的东西是合理的东西518；德国,518,1353,term
part0088,▲德意志精神（German patriotism）的东西是合理的东西518；德国,422,,skip
part0088,点（Punkt/point）：形而上学的点456亚里山大里亚学派，最高点661（,456,1291,term1
part0088,点（Punkt/point）：形而上学的点456亚里山大里亚学派，最高点661（,661,1474,term1
part0088,点（Punkt/point）：形而上学的点456亚里山大里亚学派，最高点661（,662,1475,term
part0088,点（Punkt/point）：形而上学的点456亚里山大里亚学派，最高点661（,678,1488,interp
part0088,点（Punkt/point）：形而上学的点456亚里山大里亚学派，最高点661（,316,1174,term1
part0088,点（Punkt/point）：形而上学的点456亚里山大里亚学派，最高点661（,629,1448,interp
part0088,点（Punkt/point）：形而上学的点456亚里山大里亚学派，最高点661（,580,1408,interp
part0088,地狱（H.lle/hell）：306、317,306,1166,term
part0088,地狱（H.lle/hell）：306、317,317,1174,term
part0088,定义（Definition/definition）：374、406、417、42,374,1226,term
part0088,定义（Definition/definition）：374、406、417、42,406,1252,term
part0088,定义（Definition/definition）：374、406、417、42,417,1261,term
part0088,定义（Definition/definition）：374、406、417、42,424,1267,interp
part0088,定义（Definition/definition）：374、406、417、42,481,1310,term
part0088,定义（Definition/definition）：374、406、417、42,495,1335,term
part0088,定义（Definition/definition）：374、406、417、42,513,1349,term
part0088,定义（Definition/definition）：374、406、417、42,592,1417,term
part0088,定义（Definition/definition）：374、406、417、42,618,1439,term
part0088,——经院哲学从定义出发438，洛克不从定义开始419、432，斯宾诺莎以定义为前,438,1278,term
part0088,——经院哲学从定义出发438，洛克不从定义开始419、432，斯宾诺莎以定义为前,419,1262,term
part0088,——经院哲学从定义出发438，洛克不从定义开始419、432，斯宾诺莎以定义为前,432,1273,term
part0088,——经院哲学从定义出发438，洛克不从定义开始419、432，斯宾诺莎以定义为前,481,1310,term
part0088,独断主义/独断论/教条主义（Dogmatismus/dogmatism）：477,477,1307,term
part0088,独断主义/独断论/教条主义（Dogmatismus/dogmatism）：477,554,1388,term1
part0088,独断主义/独断论/教条主义（Dogmatismus/dogmatism）：477,554,1388,term1
part0088,独立性（Selbstandigkeit/independence）：409,409,1254,term
part0088,——笛卡尔扬弃广延、思维的独立性532,532,1363,term
part0088,独创性（Originalität）：645,645,1462,term
part0088,对立（拉Contrarium‖Gegensatz/the opposition）,320,1177,term
part0088,▲思维、自为思维，存在268、472〔绝对对立〕、482；意识，存在、自然418,268,1134,term
part0088,▲思维、自为思维，存在268、472〔绝对对立〕、482；意识，存在、自然418,472,1303,interp
part0088,▲思维、自为思维，存在268、472〔绝对对立〕、482；意识，存在、自然418,482,1311,interp
part0088,▲思维、自为思维，存在268、472〔绝对对立〕、482；意识，存在、自然418,418,1261,interp
part0088,▲思维、自为思维，存在268、472〔绝对对立〕、482；意识，存在、自然418,492,1333,term
part0088,▲思维、自为思维，存在268、472〔绝对对立〕、482；意识，存在、自然418,269,1135,interp
part0088,▲思维、自为思维，存在268、472〔绝对对立〕、482；意识，存在、自然418,366,1220,interp
part0088,▲思维、自为思维，存在268、472〔绝对对立〕、482；意识，存在、自然418,524,1357,term
part0088,▲概念、存在410，观念、存在585,410,1255,interp
part0088,▲概念、存在410，观念、存在585,585,1412,interp
part0088,▲神的理念、存在272，神、世界482，神、人的自由482，神、罪恶482，我、,272,1138,interp
part0088,▲神的理念、存在272，神、世界482，神、人的自由482，神、罪恶482，我、,482,1311,interp
part0088,▲神的理念、存在272，神、世界482，神、人的自由482，神、罪恶482，我、,482,1311,interp
part0088,▲神的理念、存在272，神、世界482，神、人的自由482，神、罪恶482，我、,482,1311,interp
part0088,▲神的理念、存在272，神、世界482，神、人的自由482，神、罪恶482，我、,273,1139,interp
part0088,▲善、恶273、482，善、世界607，黑暗、光明306,273,1139,interp
part0088,▲善、恶273、482，善、世界607，黑暗、光明306,482,1311,interp
part0088,▲善、恶273、482，善、世界607，黑暗、光明306,607,1429,interp
part0088,▲善、恶273、482，善、世界607，黑暗、光明306,306,1166,interp
part0088,▲灵魂、精神482，感性、理性595、632康德,482,1311,interp
part0088,▲灵魂、精神482，感性、理性595、632康德,595,1420,interp
part0088,▲灵魂、精神482，感性、理性595、632康德,632,1451,interp
part0088,▲人的自由、必然性、自然必然性273，个人理智、宗教虔诚270,273,1139,interp
part0088,▲人的自由、必然性、自然必然性273，个人理智、宗教虔诚270,270,1136,interp
part0088,▲主体、客体666，主观客观666、689，实体性、个体性330,666,1478,interp
part0088,▲主体、客体666，主观客观666、689，实体性、个体性330,666,1478,interp
part0088,▲主体、客体666，主观客观666、689，实体性、个体性330,689,1497,interp
part0088,▲主体、客体666，主观客观666、689，实体性、个体性330,330,1192,interp
part0088,▲自我、非我627费希特，自我，表象、物自体627康德，非我、我348,627,1446,interp
part0088,▲自我、非我627费希特，自我，表象、物自体627康德，非我、我348,627,1446,interp
part0088,▲自我、非我627费希特，自我，表象、物自体627康德，非我、我348,348,1206,interp
part0088,▲普遍、特殊666，直接知识、间接知识550，感性物、普遍者495休谟，主观意识,666,1478,interp
part0088,▲普遍、特殊666，直接知识、间接知识550，感性物、普遍者495休谟，主观意识,550,1384,interp
part0088,▲普遍、特殊666，直接知识、间接知识550，感性物、普遍者495休谟，主观意识,495,1335,interp
part0088,▲普遍、特殊666，直接知识、间接知识550，感性物、普遍者495休谟，主观意识,354,1211,interp
part0088,▲普遍、特殊666，直接知识、间接知识550，感性物、普遍者495休谟，主观意识,482,1311,interp
part0088,▲理性主义、经验主义330，形而上学家、门外汉〔对立〕506,330,1192,interp
part0088,▲理性主义、经验主义330，形而上学家、门外汉〔对立〕506,506,1343,interp
part0088,▲是、否320，差异、对立268，两个世界265,320,1177,interp
part0088,▲是、否320，差异、对立268，两个世界265,268,1135,interp
part0088,▲是、否320，差异、对立268，两个世界265,265,1132,term1
part0088,▲目的因、动力因273，必然性作用、自由作用273,273,1139,interp
part0088,▲目的因、动力因273，必然性作用、自由作用273,273,1139,interp
part0088,▲近代哲学四组对立272，思辨思维的对立656,272,1138,interp
part0088,▲近代哲学四组对立272，思辨思维的对立656,656,1471,interp
part0088,——▲自己扬弃自己的差别668，对立是绝对的形式689，哲学消除对立的两种做法2,668,1480,term1
part0088,——▲自己扬弃自己的差别668，对立是绝对的形式689，哲学消除对立的两种做法2,689,1497,term1
part0088,——▲自己扬弃自己的差别668，对立是绝对的形式689，哲学消除对立的两种做法2,270,1136,interp
part0088,——▲自己扬弃自己的差别668，对立是绝对的形式689，哲学消除对立的两种做法2,282,1148,interp
part0088,——▲自己扬弃自己的差别668，对立是绝对的形式689，哲学消除对立的两种做法2,274,1140,interp
part0088,——对立的：绝对性585，扬弃者632（自我），解除606，片面性606康德，具,585,1412,term
part0088,——对立的：绝对性585，扬弃者632（自我），解除606，片面性606康德，具,632,1450,term1
part0088,——对立的：绝对性585，扬弃者632（自我），解除606，片面性606康德，具,606,1428,term
part0088,——对立的：绝对性585，扬弃者632（自我），解除606，片面性606康德，具,606,1428,term
part0088,——对立的：绝对性585，扬弃者632（自我），解除606，片面性606康德，具,274,1140,term
part0088,▲最抽象的对立268，次等的对立330，永恒的对立306，固定的对立465，绝对,268,1135,term1
part0088,▲最抽象的对立268，次等的对立330，永恒的对立306，固定的对立465，绝对,330,1191,term1
part0088,▲最抽象的对立268，次等的对立330，永恒的对立306，固定的对立465，绝对,306,1166,interp
part0088,▲最抽象的对立268，次等的对立330，永恒的对立306，固定的对立465，绝对,465,1297,term1
part0088,▲最抽象的对立268，次等的对立330，永恒的对立306，固定的对立465，绝对,472,1303,term
part0088,▲最抽象的对立268，次等的对立330，永恒的对立306，固定的对立465，绝对,606,1428,term1
part0088,▲最抽象的对立268，次等的对立330，永恒的对立306，固定的对立465，绝对,667,1479,term1
part0088,▲最抽象的对立268，次等的对立330，永恒的对立306，固定的对立465，绝对,687,1496,term
part0088,▲最抽象的对立268，次等的对立330，永恒的对立306，固定的对立465，绝对,666,1478,term1
part0088,▲最抽象的对立268，次等的对立330，永恒的对立306，固定的对立465，绝对,492,1333,interp
part0088,——▲柏拉图、谢林抛弃一切对立667，〔18世纪〕普遍趋势从对立认识统一418，,667,1479,interp
part0088,——▲柏拉图、谢林抛弃一切对立667，〔18世纪〕普遍趋势从对立认识统一418，,418,1261,interp
part0088,——▲柏拉图、谢林抛弃一切对立667，〔18世纪〕普遍趋势从对立认识统一418，,669,1481,interp
part0088,——▲柏拉图、谢林抛弃一切对立667，〔18世纪〕普遍趋势从对立认识统一418，,372,1225,interp
part0088,——▲柏拉图、谢林抛弃一切对立667，〔18世纪〕普遍趋势从对立认识统一418，,550,1384,interp
part0088,——▲柏拉图、谢林抛弃一切对立667，〔18世纪〕普遍趋势从对立认识统一418，,532,1363,interp
part0088,▲洛克成了斯宾诺莎的对立面（Gegenbild）418〔在意识、实体问题〕,418,1261,interp
part0088,▲牛顿成了波墨的对立面（höchstes Gegenteil/extremest,447,1284,interp
part0088,▲苏格兰哲学构成休谟怀疑论对立面（Gegensatz）487,487,1328,interp
part0088,▲洛克、莱布尼茨和斯宾诺莎对立（Gegensatz/opponents）411,411,1256,interp
part0088,▲每一方变成自己的对立面663,663,1476,interp
part0088,▲单纯精神的对立物412（有广延的东西、多数东西）,412,1257,interp
part0088,〔例〕善恶464（思想的绝对对立面），感性、理性632，主观、客观663,464,1297,term
part0088,〔例〕善恶464（思想的绝对对立面），感性、理性632，主观、客观663,632,1451,interp
part0088,〔例〕善恶464（思想的绝对对立面），感性、理性632，主观、客观663,663,1476,term
part0088,——对立的：存在物467〔灵魂、形体〕,467,1299,term
part0088,▲对立面的绝对联系464，对立面间的东西658（第三者）谢林，相反的一663，自,464,1297,term1
part0088,▲对立面的绝对联系464，对立面间的东西658（第三者）谢林，相反的一663，自,658,1472,interp
part0088,▲对立面的绝对联系464，对立面间的东西658（第三者）谢林，相反的一663，自,663,1476,term
part0088,▲对立面的绝对联系464，对立面间的东西658（第三者）谢林，相反的一663，自,614,1436,interp
part0088,▲对立面的绝对联系464，对立面间的东西658（第三者）谢林，相反的一663，自,307,1167,interp
part0088,布鲁诺302,302,1163,term
part0088,〔例〕本质、形式；无限、有限；肯定、否定665,665,1478,interp
part0088,——▲对立统一是过程665▲存在为对立面的统一372、464▲最深刻的理念统一最,665,1478,interp
part0088,——▲对立统一是过程665▲存在为对立面的统一372、464▲最深刻的理念统一最,372,1225,interp
part0088,——▲对立统一是过程665▲存在为对立面的统一372、464▲最深刻的理念统一最,464,1297,interp
part0088,——▲对立统一是过程665▲存在为对立面的统一372、464▲最深刻的理念统一最,303,1163,term
part0088,——对立的统一和：内在的和解272,272,1139,term1
part0088,——休谟把对立面的统一看成习惯497,497,1336,interp
part0088,对象（Gegenstand/object）：484、583,484,1313,term
part0088,对象（Gegenstand/object）：484、583,583,1410,term
part0088,▲类不创造对象435,435,1275,interp
part0088,——对象是：存在的东西610,610,1432,term
part0088,——对象的：最近特定原因539，特定存在（Bestimmtsein/determ,539,1374,interp
part0088,——对象的：最近特定原因539，特定存在（Bestimmtsein/determ,628,1447,interp
part0088,▲理性的对象495（概念关系或经验事实）休谟，意识的对象418（存在）洛克，哲学,495,1335,interp
part0088,▲理性的对象495（概念关系或经验事实）休谟，意识的对象418（存在）洛克，哲学,418,1262,term
part0088,▲理性的对象495（概念关系或经验事实）休谟，意识的对象418（存在）洛克，哲学,535,1371,interp
part0088,▲理性的对象495（概念关系或经验事实）休谟，意识的对象418（存在）洛克，哲学,272,1138,interp
part0088,——▲亚里士多德以思辨方式论述对象479,479,1309,interp
part0088,对象（Objekt/object）：393,393,1241,term
part0088,对方（Andersein/Other-Being）：610、625，（Ander,610,1432,term
part0088,对方（Andersein/Other-Being）：610、625，（Ander,625,1444,term
part0088,对方（Andersein/Other-Being）：610、625，（Ander,658,1472,term
part0088,side）633,633,1451,interp
part0088,恶/罪恶/恶人（B.se，übel/evil）：435、482，（Laster/,435,1275,term
part0088,恶/罪恶/恶人（B.se，übel/evil）：435、482，（Laster/,482,1311,interp
part0088,恶/罪恶/恶人（B.se，übel/evil）：435、482，（Laster/,406,1252,interp
part0088,——恶是：自身性（Selbstheit）317波墨，善的必要条件466莱布尼茨，,317,1174,term
part0088,——恶是：自身性（Selbstheit）317波墨，善的必要条件466莱布尼茨，,466,1298,interp
part0088,——恶是：自身性（Selbstheit）317波墨，善的必要条件466莱布尼茨，,273,1139,interp
part0088,——恶是：自身性（Selbstheit）317波墨，善的必要条件466莱布尼茨，,523,1356,interp
part0088,——恶是：自身性（Selbstheit）317波墨，善的必要条件466莱布尼茨，,303,1164,term
part0088,——恶是：自身性（Selbstheit）317波墨，善的必要条件466莱布尼茨，,321,1178,interp
part0088,——恶的：来源273、 316（神）波墨，形式406，无限性269、382、62,273,1139,term
part0088,——恶的：来源273、 316（神）波墨，形式406，无限性269、382、62,316,1174,interp
part0088,——恶的：来源273、 316（神）波墨，形式406，无限性269、382、62,406,1252,term
part0088,——恶的：来源273、 316（神）波墨，形式406，无限性269、382、62,269,1135,interp
part0088,——恶的：来源273、 316（神）波墨，形式406，无限性269、382、62,382,1233,interp
part0088,——恶的：来源273、 316（神）波墨，形式406，无限性269、382、62,629,1448,interp
part0088,——恶的：来源273、 316（神）波墨，形式406，无限性269、382、62,635,1453,interp
part0088,——恶的：来源273、 316（神）波墨，形式406，无限性269、382、62,595,1420,term
part0088,——认识真理的意愿是一种罪恶（Frevel/crime）609耶可比，恶人快乐5,609,1431,interp
part0088,——认识真理的意愿是一种罪恶（Frevel/crime）609耶可比，恶人快乐5,594,1419,interp
part0088,——▲波墨认为恶就是自为的存在317,317,1174,interp
part0088,二（Zwei/two）：二本身不构成任何关系458，马勒伯朗士从二开始412,458,1293,interp
part0088,二（Zwei/two）：二本身不构成任何关系458，马勒伯朗士从二开始412,412,1257,interp
part0088,二律背反/理性的矛盾/二论背反/矛盾/对立/两歧（Antinomie/antin,576,1404,term
part0088,二律背反/理性的矛盾/二论背反/矛盾/对立/两歧（Antinomie/antin,579,1407,term
part0088,〔例〕物自体、自我608、631康德，自我、非我900费希特，善、自然595康德,608,1431,term
part0088,〔例〕物自体、自我608、631康德，自我、非我900费希特，善、自然595康德,631,1450,term
part0088,〔例〕物自体、自我608、631康德，自我、非我900费希特，善、自然595康德,900,,none
part0088,〔例〕物自体、自我608、631康德，自我、非我900费希特，善、自然595康德,595,1419,term
part0088,〔例〕物自体、自我608、631康德，自我、非我900费希特，善、自然595康德,532,1363,term
part0088,〔例〕物自体、自我608、631康德，自我、非我900费希特，善、自然595康德,368,1222,term
part0088,——二元论的：基本缺点625，错误基础629,625,1444,term1
part0088,——二元论的：基本缺点625，错误基础629,629,1448,term1
part0088,——▲斯宾诺莎抛弃二元论368▲费希特摇动二元论错误基础629,368,1222,term
part0088,——▲斯宾诺莎抛弃二元论368▲费希特摇动二元论错误基础629,629,1448,term
part0088,二重性（Duplizität/duplicity）：670,670,1481,term
part0088,发展（Entwicklung/development）：411,411,1256,term
part0088,——▲经验发展，理念才得到发展284▲精神概念配备着自身的具体发展685▲理论理,284,1149,term
part0088,——▲经验发展，理念才得到发展284▲精神概念配备着自身的具体发展685▲理论理,685,1493,term
part0088,——▲经验发展，理念才得到发展284▲精神概念配备着自身的具体发展685▲理论理,627,1446,term
part0088,▲宇宙的发展469，〔世界〕精神的发展266，理论理性的发展627，理念的发展2,469,1301,term1
part0088,▲宇宙的发展469，〔世界〕精神的发展266，理论理性的发展627，理念的发展2,266,1133,term1
part0088,▲宇宙的发展469，〔世界〕精神的发展266，理论理性的发展627，理念的发展2,627,1446,term1
part0088,▲宇宙的发展469，〔世界〕精神的发展266，理论理性的发展627，理念的发展2,284,1150,interp
part0088,▲宇宙的发展469，〔世界〕精神的发展266，理论理性的发展627，理念的发展2,470,1301,term1
part0088,▲宇宙的发展469，〔世界〕精神的发展266，理论理性的发展627，理念的发展2,284,1150,term1
part0088,▲宇宙的发展469，〔世界〕精神的发展266，理论理性的发展627，理念的发展2,363,1217,interp
part0088,▲宇宙的发展469，〔世界〕精神的发展266，理论理性的发展627，理念的发展2,283,1149,interp
part0088,▲内在的发展470〔单子〕、668〔思辨理念〕、665〔逻辑的东西〕，自觉的发展,470,1301,term1
part0088,▲内在的发展470〔单子〕、668〔思辨理念〕、665〔逻辑的东西〕，自觉的发展,668,1480,interp
part0088,▲内在的发展470〔单子〕、668〔思辨理念〕、665〔逻辑的东西〕，自觉的发展,665,1478,interp
part0088,▲内在的发展470〔单子〕、668〔思辨理念〕、665〔逻辑的东西〕，自觉的发展,284,1150,interp
part0088,▲内在的发展470〔单子〕、668〔思辨理念〕、665〔逻辑的东西〕，自觉的发展,363,1217,term1
part0088,▲内在的发展470〔单子〕、668〔思辨理念〕、665〔逻辑的东西〕，自觉的发展,389,1238,interp
part0088,——▲发挥（E./d.）这含着片面性663〔对立面统一〕，发展出来的东西（Ent,663,1476,interp
part0088,——▲发挥（E./d.）这含着片面性663〔对立面统一〕，发展出来的东西（Ent,533,1364,term1
part0088,——▲发挥（E./d.）这含着片面性663〔对立面统一〕，发展出来的东西（Ent,509,1346,term1
part0088,——自然返回自身652〔人的活动〕，事物返回到神中392斯宾诺莎，自为存在返回到,652,1467,term
part0088,——自然返回自身652〔人的活动〕，事物返回到神中392斯宾诺莎，自为存在返回到,392,1241,term
part0088,——自然返回自身652〔人的活动〕，事物返回到神中392斯宾诺莎，自为存在返回到,610,1432,term
part0088,——自然返回自身652〔人的活动〕，事物返回到神中392斯宾诺莎，自为存在返回到,615,1436,term
part0088,——自然返回自身652〔人的活动〕，事物返回到神中392斯宾诺莎，自为存在返回到,366,1220,term1
part0088,——退回到思想中的概念484，否定的东西的返回410，康德、耶可比关于上帝的观点,484,1313,term1
part0088,——退回到思想中的概念484，否定的东西的返回410，康德、耶可比关于上帝的观点,410,1255,term
part0088,——退回到思想中的概念484，否定的东西的返回410，康德、耶可比关于上帝的观点,608,1430,interp
part0088,法（Recht/Right）：639,639,1457,interp
part0088,法权状态（Rechtszustand）：639，法权生活（Rechtliches,639,1457,term1
part0088,法权状态（Rechtszustand）：639，法权生活（Rechtliches,606,1428,interp
part0088,范畴（Kategorie/category; Bestimmung/determ,610,1432,term
part0088,〔例〕实体330，复合物455，有限、无限580,330,1192,term
part0088,〔例〕实体330，复合物455，有限、无限580,455,1291,term
part0088,〔例〕实体330，复合物455，有限、无限580,580,1408,term
part0088,——范畴是：主观东西576，来自我们心378，应用于感性直观576，知性的规定5,576,1404,term
part0088,——范畴是：主观东西576，来自我们心378，应用于感性直观576，知性的规定5,378,1230,term
part0088,——范畴是：主观东西576，来自我们心378，应用于感性直观576，知性的规定5,576,1404,term1
part0088,——范畴是：主观东西576，来自我们心378，应用于感性直观576，知性的规定5,572,1401,term1
part0088,——范畴是：主观东西576，来自我们心378，应用于感性直观576，知性的规定5,627,1446,term
part0088,——范畴是：主观东西576，来自我们心378，应用于感性直观576，知性的规定5,645,1462,term
part0088,▲哲学是关于范畴的知识619,619,1439,interp
part0088,——范畴的：源泉618（自我），能思维的知性568,618,1438,term
part0088,——范畴的：源泉618（自我），能思维的知性568,568,1399,term1
part0088,▲范畴给材料带来统一性573，有限范畴不能构造无限549,573,1402,interp
part0088,▲范畴给材料带来统一性573，有限范畴不能构造无限549,549,1383,interp
part0088,——范畴和：洛克、休谟568，耶可比543，费希特627,568,1398,interp
part0088,——范畴和：洛克、休谟568，耶可比543，费希特627,543,1377,term
part0088,——范畴和：洛克、休谟568，耶可比543，费希特627,627,1446,term
part0088,▲纯范畴419，普通范畴660（概念）谢林，客体范畴、表象范畴（B.），形式范畴,419,1263,interp
part0088,▲纯范畴419，普通范畴660（概念）谢林，客体范畴、表象范畴（B.），形式范畴,660,1473,interp
part0088,▲纯范畴419，普通范畴660（概念）谢林，客体范畴、表象范畴（B.），形式范畴,653,1468,term
part0088,▲纯范畴419，普通范畴660（概念）谢林，客体范畴、表象范畴（B.），形式范畴,566,1397,interp
part0088,▲纯范畴419，普通范畴660（概念）谢林，客体范畴、表象范畴（B.），形式范畴,495,1335,term
part0088,▲纯范畴419，普通范畴660（概念）谢林，客体范畴、表象范畴（B.），形式范畴,627,1446,interp
part0088,▲纯范畴419，普通范畴660（概念）谢林，客体范畴、表象范畴（B.），形式范畴,310,1169,term1
part0088,▲纯范畴419，普通范畴660（概念）谢林，客体范畴、表象范畴（B.），形式范畴,627,1446,interp
part0088,▲知性范畴495、579（事物、实体）、596（一般规定）、673，理智范畴47,495,1335,interp
part0088,▲知性范畴495、579（事物、实体）、596（一般规定）、673，理智范畴47,579,1407,interp
part0088,▲知性范畴495、579（事物、实体）、596（一般规定）、673，理智范畴47,596,1420,interp
part0088,▲知性范畴495、579（事物、实体）、596（一般规定）、673，理智范畴47,673,1483,term1
part0088,▲知性范畴495、579（事物、实体）、596（一般规定）、673，理智范畴47,473,1304,term
part0088,▲知性范畴495、579（事物、实体）、596（一般规定）、673，理智范畴47,650,1466,interp
part0088,▲知性范畴495、579（事物、实体）、596（一般规定）、673，理智范畴47,534,1365,interp
part0088,▲知性范畴495、579（事物、实体）、596（一般规定）、673，理智范畴47,580,1408,interp
part0088,▲浅薄的范畴455洛克,455,1291,interp
part0088,——▲亚里士多德、笛卡尔搜寻范畴357，休谟考察因果范畴495，康德没有辩证地推,357,1213,interp
part0088,——▲亚里士多德、笛卡尔搜寻范畴357，休谟考察因果范畴495，康德没有辩证地推,495,1335,interp
part0088,——▲亚里士多德、笛卡尔搜寻范畴357，休谟考察因果范畴495，康德没有辩证地推,567,1398,interp
part0088,——▲亚里士多德、笛卡尔搜寻范畴357，休谟考察因果范畴495，康德没有辩证地推,618,1439,interp
part0088,——▲亚里士多德、笛卡尔搜寻范畴357，休谟考察因果范畴495，康德没有辩证地推,628,1447,interp
part0088,——▲亚里士多德、笛卡尔搜寻范畴357，休谟考察因果范畴495，康德没有辩证地推,586,1413,interp
part0088,455，329；540,455,1290,term
part0088,455，329；540,329,1191,term
part0088,455，329；540,540,1375,term
part0088,——反思是：达到真理的基本条件329，理性一种活动540耶可比,329,1191,term
part0088,——反思是：达到真理的基本条件329，理性一种活动540耶可比,540,1375,term
part0088,——反思的：作用445，阶段271〔自然科学所达到〕,445,1283,term
part0088,——反思的：作用445，阶段271〔自然科学所达到〕,271,1137,term
part0088,▲单纯类比的反思683〔最坏思维方式〕，无运动的反思467〔无概念的抽象思维〕，,683,1492,interp
part0088,▲单纯类比的反思683〔最坏思维方式〕，无运动的反思467〔无概念的抽象思维〕，,467,1299,term1
part0088,▲单纯类比的反思683〔最坏思维方式〕，无运动的反思467〔无概念的抽象思维〕，,268,1134,term1
part0088,▲真正的反思508，最后的反思652，浅近的反思455（莱布尼茨），康德的思考4,508,1346,term1
part0088,▲真正的反思508，最后的反思652，浅近的反思455（莱布尼茨），康德的思考4,652,1467,term1
part0088,▲真正的反思508，最后的反思652，浅近的反思455（莱布尼茨），康德的思考4,455,1291,interp
part0088,▲真正的反思508，最后的反思652，浅近的反思455（莱布尼茨），康德的思考4,499,1337,term1
part0088,泛神论（Pantheismus/Pantheism）：三位一体的泛神论274、2,274,1140,term
part0088,泛神论（Pantheismus/Pantheism）：三位一体的泛神论274、2,278,1145,term
part0088,泛神论（Pantheismus/Pantheism）：三位一体的泛神论274、2,375,1227,term1
part0088,泛神论（Pantheismus/Pantheism）：三位一体的泛神论274、2,377,1229,interp
part0088,泛神论（Pantheismus/Pantheism）：三位一体的泛神论274、2,414,1258,term
part0088,非物质性（Immaterialität/immateriality）：478,478,1308,term
part0088,非我（Nicht-Ich/the not-I）：352，（non-ego）621,352,1209,term
part0088,非我（Nicht-Ich/the not-I）：352，（non-ego）621,621,1442,term
part0088,非我（Nicht-Ich/the not-I）：352，（non-ego）621,634,1452,term
part0088,非我（Nicht-Ich/the not-I）：352，（non-ego）621,666,1478,interp
part0088,非有（拉：nonens）：317,317,1175,term
part0088,跃（Sprung/leaps，bounds）：表象过程呈现飞跃471，〔人〕想要,471,1302,interp
part0088,跃（Sprung/leaps，bounds）：表象过程呈现飞跃471，〔人〕想要,539,1374,term1
part0088,▲自然没有飞跃478沃尔夫,478,1308,interp
part0088,▲自我意识的分裂266，理念的分裂266、687，概念中的分离471,266,1133,term1
part0088,▲自我意识的分裂266，理念的分裂266、687，概念中的分离471,266,1133,term1
part0088,▲自我意识的分裂266，理念的分裂266、687，概念中的分离471,687,1495,interp
part0088,▲自我意识的分裂266，理念的分裂266、687，概念中的分离471,471,1302,interp
part0088,▲两个世界的分离265，思维和广延的分裂424，思维和存在的分离355，概念和存,265,1132,interp
part0088,▲两个世界的分离265，思维和广延的分裂424，思维和存在的分离355，概念和存,424,1267,interp
part0088,▲两个世界的分离265，思维和广延的分裂424，思维和存在的分离355，概念和存,355,1212,interp
part0088,▲两个世界的分离265，思维和广延的分裂424，思维和存在的分离355，概念和存,584,1411,interp
part0088,▲内在的分裂307，抽象的分离687，绝对的分裂266〔理念〕、687，最高的分,307,1167,term1
part0088,▲内在的分裂307，抽象的分离687，绝对的分裂266〔理念〕、687，最高的分,687,1495,term1
part0088,▲内在的分裂307，抽象的分离687，绝对的分裂266〔理念〕、687，最高的分,266,1133,interp
part0088,▲内在的分裂307，抽象的分离687，绝对的分裂266〔理念〕、687，最高的分,687,1495,interp
part0088,▲内在的分裂307，抽象的分离687，绝对的分裂266〔理念〕、687，最高的分,268,1135,term1
part0088,▲内在的分裂307，抽象的分离687，绝对的分裂266〔理念〕、687，最高的分,355,1212,term
part0088,▲内在的分裂307，抽象的分离687，绝对的分裂266〔理念〕、687，最高的分,398,1246,term
part0088,▲内在的分裂307，抽象的分离687，绝对的分裂266〔理念〕、687，最高的分,432,1272,term1
part0088,讽刺（Ironie/irony）：625、642、650,625,1444,term
part0088,讽刺（Ironie/irony）：625、642、650,642,1459,term1
part0088,讽刺（Ironie/irony）：625、642、650,650,1466,term
part0088,否（Nein/No）：319,319,1176,interp
part0088,否定（Negation/negation）：374、410,374,1227,term
part0088,否定（Negation/negation）：374、410,410,1255,term
part0088,否定之否定（Negation der Negation/negation of ,375,1227,interp
part0088,否定性（Negativität/negativity）：306、419、465、,306,1167,term
part0088,否定性（Negativität/negativity）：306、419、465、,419,1262,term
part0088,否定性（Negativität/negativity）：306、419、465、,465,1298,term
part0088,否定性（Negativität/negativity）：306、419、465、,612,1435,term
part0088,复合的或单纯的（zusammengesetzt oder einfach/com,455,1291,interp
part0088,复合的或单纯的（zusammengesetzt oder einfach/com,278,,skip
part0088,感觉（Empfindung/sensation）：282、430、490,282,1148,interp
part0088,感觉（Empfindung/sensation）：282、430、490,430,1271,term
part0088,感觉（Empfindung/sensation）：282、430、490,490,1330,term
part0088,▲从宗教改革时起，人信任感觉266，思维着的精神要改变感觉（das Gefühl,266,1133,interp
part0088,▲从宗教改革时起，人信任感觉266，思维着的精神要改变感觉（das Gefühl,420,1263,interp
part0088,——感觉是：精神的一种变相416斯宾诺莎，精神的最低级形式420，唯一真实东西5,416,1259,term1
part0088,——感觉是：精神的一种变相416斯宾诺莎，精神的最低级形式420，唯一真实东西5,420,1263,interp
part0088,——感觉是：精神的一种变相416斯宾诺莎，精神的最低级形式420，唯一真实东西5,524,1357,interp
part0088,——感觉是：精神的一种变相416斯宾诺莎，精神的最低级形式420，唯一真实东西5,572,1401,interp
part0088,——感觉和：思想的客观性270，知觉497，现象506，实体观念431〔武斯特、,270,1136,term1
part0088,——感觉和：思想的客观性270，知觉497，现象506，实体观念431〔武斯特、,497,1336,term
part0088,——感觉和：思想的客观性270，知觉497，现象506，实体观念431〔武斯特、,506,1343,term
part0088,——感觉和：思想的客观性270，知觉497，现象506，实体观念431〔武斯特、,431,1272,interp
part0088,▲抽象感觉432，感觉规定573，感觉形式611，英国式感觉449,432,1273,term1
part0088,▲抽象感觉432，感觉规定573，感觉形式611，英国式感觉449,573,1402,term1
part0088,▲抽象感觉432，感觉规定573，感觉形式611，英国式感觉449,611,1433,interp
part0088,▲抽象感觉432，感觉规定573，感觉形式611，英国式感觉449,449,1286,interp
part0088,——霍尔巴赫把思维归结为感觉524，康德回到感觉535，我所知道的只是感觉573,524,1357,interp
part0088,——霍尔巴赫把思维归结为感觉524，康德回到感觉535，我所知道的只是感觉573,535,1371,interp
part0088,——霍尔巴赫把思维归结为感觉524，康德回到感觉535，我所知道的只是感觉573,573,1402,term1
part0088,感情（das Gefühl/feeling；Affekt/passions）：4,486,1327,term
part0088,感情（das Gefühl/feeling；Affekt/passions）：4,370,1223,term
part0088,感性（Sinnlichkeit/sensuousness）：是感受性（Rezep,565,1396,term1
part0088,感性（Sinnlichkeit/sensuousness）：是感受性（Rezep,632,1450,term
part0088,感性物（Sinnliches/the sensuous）：定义495休谟,495,1335,term
part0088,公设（Postulat/postulate）：593，信422,593,1418,term
part0088,公设（Postulat/postulate）：593，信422,422,,skip
part0088,共相（Allgemeines/the universal）：417、435、60,417,1260,term
part0088,共相（Allgemeines/the universal）：417、435、60,435,1275,term
part0088,共相（Allgemeines/the universal）：417、435、60,600,1423,term
part0088,共相（Allgemeines/the universal）：417、435、60,605,1428,term
part0088,共相（Allgemeines/the universal）：417、435、60,634,1453,term
part0088,共相（Allgemeines/the universal）：417、435、60,657,1471,interp
part0088,▲共相是思想不是概念289,289,1154,interp
part0088,——共相是：心灵产物435洛克,435,1275,interp
part0088,▲素朴共相410、687柏拉图，外来共相287亚里士多德，内在共相438〔洛克哲,410,1255,interp
part0088,▲素朴共相410、687柏拉图，外来共相287亚里士多德，内在共相438〔洛克哲,687,1495,interp
part0088,▲素朴共相410、687柏拉图，外来共相287亚里士多德，内在共相438〔洛克哲,287,1152,interp
part0088,▲素朴共相410、687柏拉图，外来共相287亚里士多德，内在共相438〔洛克哲,438,1278,term1
part0088,▲素朴共相410、687柏拉图，外来共相287亚里士多德，内在共相438〔洛克哲,605,1428,interp
part0088,▲素朴共相410、687柏拉图，外来共相287亚里士多德，内在共相438〔洛克哲,275,1141,interp
part0088,▲素朴共相410、687柏拉图，外来共相287亚里士多德，内在共相438〔洛克哲,564,1395,interp
part0088,▲素朴共相410、687柏拉图，外来共相287亚里士多德，内在共相438〔洛克哲,574,1403,interp
part0088,▲素朴共相410、687柏拉图，外来共相287亚里士多德，内在共相438〔洛克哲,271,1137,interp
part0088,▲素朴共相410、687柏拉图，外来共相287亚里士多德，内在共相438〔洛克哲,293,1156,interp
part0088,关系（Verhältnis，Beziehung/relation）：277、34,277,1142,term
part0088,关系（Verhältnis，Beziehung/relation）：277、34,348,1206,term
part0088,关系（Verhältnis，Beziehung/relation）：277、34,420,1264,term
part0088,关系（Verhältnis，Beziehung/relation）：277、34,456,1291,term
part0088,关系（Verhältnis，Beziehung/relation）：277、34,467,1299,term
part0088,关系（Verhältnis，Beziehung/relation）：277、34,491,1331,term
part0088,关系（Verhältnis，Beziehung/relation）：277、34,508,1345,term
part0088,关系（Verhältnis，Beziehung/relation）：277、34,514,1350,term
part0088,610、688,610,1432,term
part0088,610、688,688,1496,term
part0088,▲量的关系是外在的668▲思维是综合关系的源泉559▲有限思维按有限关系考察上帝,668,1480,interp
part0088,▲量的关系是外在的668▲思维是综合关系的源泉559▲有限思维按有限关系考察上帝,559,1391,interp
part0088,▲量的关系是外在的668▲思维是综合关系的源泉559▲有限思维按有限关系考察上帝,557,1390,interp
part0088,广延/广袤（Ausdehnung/extension）：346、650,346,1204,term
part0088,广延/广袤（Ausdehnung/extension）：346、650,650,1466,term
part0088,——广延是：机械物理学基本概念361，唯一实体属性〔两个〕389、372斯宾诺莎,361,1216,term
part0088,——广延是：机械物理学基本概念361，唯一实体属性〔两个〕389、372斯宾诺莎,389,1238,term
part0088,——广延是：机械物理学基本概念361，唯一实体属性〔两个〕389、372斯宾诺莎,372,1224,term
part0088,▲存在就是广延372,372,1225,term1
part0088,——广延的：样式391〔静止、运动〕,391,1240,term
part0088,▲广延的东西（拉res extensa ‖die ausgedehnte Sac,386,1236,term1
part0088,——广延和：思维394〔不可分〕、373〔斯宾诺莎把二者对立〕，运动490〔洛克,394,1242,term
part0088,——广延和：思维394〔不可分〕、373〔斯宾诺莎把二者对立〕，运动490〔洛克,373,1225,interp
part0088,——广延和：思维394〔不可分〕、373〔斯宾诺莎把二者对立〕，运动490〔洛克,490,1331,term
part0088,——广延和：思维394〔不可分〕、373〔斯宾诺莎把二者对立〕，运动490〔洛克,394,1242,interp
part0088,——▲物质本质在广延中412马勒伯朗士，斯宾诺莎不讨论广延370,412,1256,term
part0088,——▲物质本质在广延中412马勒伯朗士，斯宾诺莎不讨论广延370,370,1223,interp
part0088,〔例〕杂多366，类424，种414，广延、运动490，上帝585笛卡尔，目的5,366,1220,term
part0088,〔例〕杂多366，类424，种414，广延、运动490，上帝585笛卡尔，目的5,424,1267,term
part0088,〔例〕杂多366，类424，种414，广延、运动490，上帝585笛卡尔，目的5,414,1258,term
part0088,〔例〕杂多366，类424，种414，广延、运动490，上帝585笛卡尔，目的5,490,1331,term
part0088,〔例〕杂多366，类424，种414，广延、运动490，上帝585笛卡尔，目的5,585,1412,term
part0088,〔例〕杂多366，类424，种414，广延、运动490，上帝585笛卡尔，目的5,511,1348,term
part0088,〔例〕杂多366，类424，种414，广延、运动490，上帝585笛卡尔，目的5,593,1418,term
part0088,〔例〕杂多366，类424，种414，广延、运动490，上帝585笛卡尔，目的5,597,1421,term
part0088,〔例〕杂多366，类424，种414，广延、运动490，上帝585笛卡尔，目的5,595,1419,term
part0088,〔例〕杂多366，类424，种414，广延、运动490，上帝585笛卡尔，目的5,348,1206,term
part0088,〔例〕杂多366，类424，种414，广延、运动490，上帝585笛卡尔，目的5,627,1447,term
part0088,〔例〕杂多366，类424，种414，广延、运动490，上帝585笛卡尔，目的5,664,1477,term
part0088,〔例〕杂多366，类424，种414，广延、运动490，上帝585笛卡尔，目的5,681,1490,term
part0088,〔例〕杂多366，类424，种414，广延、运动490，上帝585笛卡尔，目的5,563,1394,term
part0088,〔例〕杂多366，类424，种414，广延、运动490，上帝585笛卡尔，目的5,635,1454,term
part0088,〔例〕杂多366，类424，种414，广延、运动490，上帝585笛卡尔，目的5,604,1427,term1
part0088,▲哲学的内容是概念和概念性东西400,400,1247,interp
part0088,——概念是：自身无限的思维660，内在于特殊中的共相600，本质379斯宾诺莎，,660,1473,term1
part0088,——概念是：自身无限的思维660，内在于特殊中的共相600，本质379斯宾诺莎，,600,1424,term1
part0088,——概念是：自身无限的思维660，内在于特殊中的共相600，本质379斯宾诺莎，,379,1230,term
part0088,——概念是：自身无限的思维660，内在于特殊中的共相600，本质379斯宾诺莎，,459,1293,interp
part0088,——概念是：自身无限的思维660，内在于特殊中的共相600，本质379斯宾诺莎，,491,1332,interp
part0088,——概念是：自身无限的思维660，内在于特殊中的共相600，本质379斯宾诺莎，,522,1356,term
part0088,——概念是：自身无限的思维660，内在于特殊中的共相600，本质379斯宾诺莎，,538,1374,interp
part0088,——概念是：自身无限的思维660，内在于特殊中的共相600，本质379斯宾诺莎，,659,1473,interp
part0088,▲概念是具体的，包含许多规定579，概念表达绝对297，概念规定特殊605,579,1407,term
part0088,▲概念是具体的，包含许多规定579，概念表达绝对297，概念规定特殊605,297,1159,interp
part0088,▲概念是具体的，包含许多规定579，概念表达绝对297，概念规定特殊605,605,1428,interp
part0088,▲绝对的差别就是所谓概念459,459,1293,term1
part0088,▲将军的本质是概念、普遍性293,293,1156,interp
part0088,——概念的：领域283（类、共相、规律），对象602（目的），内容583康德，经,283,1149,term
part0088,——概念的：领域283（类、共相、规律），对象602（目的），内容583康德，经,602,1425,term
part0088,——概念的：领域283（类、共相、规律），对象602（目的），内容583康德，经,583,1410,term
part0088,——概念的：领域283（类、共相、规律），对象602（目的），内容583康德，经,283,1149,term
part0088,——概念的：领域283（类、共相、规律），对象602（目的），内容583康德，经,484,1312,term
part0088,——概念的：领域283（类、共相、规律），对象602（目的），内容583康德，经,673,1483,interp
part0088,——概念的：领域283（类、共相、规律），对象602（目的），内容583康德，经,509,1346,interp
part0088,——概念的：领域283（类、共相、规律），对象602（目的），内容583康德，经,615,1436,term
part0088,——概念的：领域283（类、共相、规律），对象602（目的），内容583康德，经,499,1337,term
part0088,——概念的：领域283（类、共相、规律），对象602（目的），内容583康德，经,349,1207,term
part0088,——概念的：领域283（类、共相、规律），对象602（目的），内容583康德，经,447,1285,term
part0088,——概念的：领域283（类、共相、规律），对象602（目的），内容583康德，经,282,1149,term
part0088,——概念的：领域283（类、共相、规律），对象602（目的），内容583康德，经,585,1411,term
part0088,——概念的：领域283（类、共相、规律），对象602（目的），内容583康德，经,499,1338,interp
part0088,——概念的：领域283（类、共相、规律），对象602（目的），内容583康德，经,637,1455,term
part0088,——概念的：领域283（类、共相、规律），对象602（目的），内容583康德，经,664,1477,interp
part0088,——概念的：领域283（类、共相、规律），对象602（目的），内容583康德，经,681,1490,term1
part0088,——概念的：领域283（类、共相、规律），对象602（目的），内容583康德，经,467,1299,term
part0088,——概念的：领域283（类、共相、规律），对象602（目的），内容583康德，经,507,1344,term
part0088,——概念的：领域283（类、共相、规律），对象602（目的），内容583康德，经,363,1217,term
part0088,——概念的：领域283（类、共相、规律），对象602（目的），内容583康德，经,639,1457,interp
part0088,——概念的：领域283（类、共相、规律），对象602（目的），内容583康德，经,584,1411,term1
part0088,——概念的：领域283（类、共相、规律），对象602（目的），内容583康德，经,494,1334,interp
part0088,——概念的：领域283（类、共相、规律），对象602（目的），内容583康德，经,637,1455,term1
part0088,——概念的：领域283（类、共相、规律），对象602（目的），内容583康德，经,544,1379,interp
part0088,▲概念继思维出现483、687亚里士多德，概念扬弃主观性，表示为客观的东西585,483,1312,interp
part0088,▲概念继思维出现483、687亚里士多德，概念扬弃主观性，表示为客观的东西585,687,1495,interp
part0088,▲概念继思维出现483、687亚里士多德，概念扬弃主观性，表示为客观的东西585,585,1412,interp
part0088,▲概念继思维出现483、687亚里士多德，概念扬弃主观性，表示为客观的东西585,601,1424,interp
part0088,▲概念继思维出现483、687亚里士多德，概念扬弃主观性，表示为客观的东西585,540,1375,term1
part0088,——概念和：灵魂412马勒伯朗士，意识417，自我意识302，思维483，外在4,412,1256,term
part0088,——概念和：灵魂412马勒伯朗士，意识417，自我意识302，思维483，外在4,417,1260,term
part0088,——概念和：灵魂412马勒伯朗士，意识417，自我意识302，思维483，外在4,302,1163,term
part0088,——概念和：灵魂412马勒伯朗士，意识417，自我意识302，思维483，外在4,483,1312,term
part0088,——概念和：灵魂412马勒伯朗士，意识417，自我意识302，思维483，外在4,491,1332,term
part0088,——概念和：灵魂412马勒伯朗士，意识417，自我意识302，思维483，外在4,502,1340,interp
part0088,——概念和：灵魂412马勒伯朗士，意识417，自我意识302，思维483，外在4,538,1374,interp
part0088,——概念和：灵魂412马勒伯朗士，意识417，自我意识302，思维483，外在4,584,1411,interp
part0088,——概念和：灵魂412马勒伯朗士，意识417，自我意识302，思维483，外在4,463,1296,term
part0088,——概念和：灵魂412马勒伯朗士，意识417，自我意识302，思维483，外在4,585,1412,term
part0088,——概念和：灵魂412马勒伯朗士，意识417，自我意识302，思维483，外在4,400,1247,interp
part0088,——概念和：灵魂412马勒伯朗士，意识417，自我意识302，思维483，外在4,354,1211,term
part0088,▲简单概念463，单纯概念349，直接概念397，根本概念379，真正概念540,463,1296,interp
part0088,▲简单概念463，单纯概念349，直接概念397，根本概念379，真正概念540,349,1207,term1
part0088,▲简单概念463，单纯概念349，直接概念397，根本概念379，真正概念540,397,1245,term1
part0088,▲简单概念463，单纯概念349，直接概念397，根本概念379，真正概念540,379,1230,term1
part0088,▲简单概念463，单纯概念349，直接概念397，根本概念379，真正概念540,540,1375,interp
part0088,▲简单概念463，单纯概念349，直接概念397，根本概念379，真正概念540,286,1151,interp
part0088,▲简单概念463，单纯概念349，直接概念397，根本概念379，真正概念540,484,1313,interp
part0088,▲简单概念463，单纯概念349，直接概念397，根本概念379，真正概念540,356,1212,term1
part0088,▲简单概念463，单纯概念349，直接概念397，根本概念379，真正概念540,667,1479,interp
part0088,▲简单概念463，单纯概念349，直接概念397，根本概念379，真正概念540,673,1483,interp
part0088,▲简单概念463，单纯概念349，直接概念397，根本概念379，真正概念540,615,1436,interp
part0088,▲简单概念463，单纯概念349，直接概念397，根本概念379，真正概念540,399,1246,interp
part0088,▲没有实现的概念615，自身存在着的概念426（心灵），灵魂得到的概念412马勒,615,1436,term1
part0088,▲没有实现的概念615，自身存在着的概念426（心灵），灵魂得到的概念412马勒,426,1268,term1
part0088,▲没有实现的概念615，自身存在着的概念426（心灵），灵魂得到的概念412马勒,412,1257,interp
part0088,▲没有实现的概念615，自身存在着的概念426（心灵），灵魂得到的概念412马勒,499,1338,interp
part0088,▲没有实现的概念615，自身存在着的概念426（心灵），灵魂得到的概念412马勒,585,1412,term
part0088,▲形而上学的概念430（空间、不可入性），经院亚里士多德概念285，亚里士多德概,430,1271,term1
part0088,▲形而上学的概念430（空间、不可入性），经院亚里士多德概念285，亚里士多德概,285,1151,term1
part0088,▲形而上学的概念430（空间、不可入性），经院亚里士多德概念285，亚里士多德概,603,1426,interp
part0088,▲形而上学的概念430（空间、不可入性），经院亚里士多德概念285，亚里士多德概,598,1422,term
part0088,——▲波墨缺乏概念321▲波墨把感性事物当概念447▲牛顿把感性事物当概念447,321,1178,interp
part0088,——▲波墨缺乏概念321▲波墨把感性事物当概念447▲牛顿把感性事物当概念447,447,1284,interp
part0088,——▲波墨缺乏概念321▲波墨把感性事物当概念447▲牛顿把感性事物当概念447,447,1284,interp
part0088,——▲波墨缺乏概念321▲波墨把感性事物当概念447▲牛顿把感性事物当概念447,348,1206,interp
part0088,——▲波墨缺乏概念321▲波墨把感性事物当概念447▲牛顿把感性事物当概念447,354,1211,interp
part0088,——▲波墨缺乏概念321▲波墨把感性事物当概念447▲牛顿把感性事物当概念447,606,1428,interp
part0088,——▲波墨缺乏概念321▲波墨把感性事物当概念447▲牛顿把感性事物当概念447,586,1413,interp
part0088,——▲波墨缺乏概念321▲波墨把感性事物当概念447▲牛顿把感性事物当概念447,615,1436,interp
part0088,——▲波墨缺乏概念321▲波墨把感性事物当概念447▲牛顿把感性事物当概念447,673,1483,interp
part0088,——人们承认固定观念是万古不变的真理507,507,1344,term
part0088,——〔英国人〕罗列固定概念506,506,1343,interp
part0088,——谢林的仿效者不用固定的、静止的概念进行思维681,681,1490,term1
part0088,——主体本身必须具有固有的规定458,458,1293,term
part0088,——法国哲学摧毁一切固定的东西506,506,1344,term
part0088,——固定的思想（fixed thought）向自身运动484,484,1313,term1
part0088,——法国哲学反对一切固定思想（established ideas）506,506,1343,interp
part0088,固定的原则（feste Prinzipien/fixed principles）,485,1327,term1
part0088,观念（Idee/idea；Vorstellung/conception）例：存在,350,1207,term
part0088,观念（Idee/idea；Vorstellung/conception）例：存在,388,1238,term
part0088,观念（Idee/idea；Vorstellung/conception）例：存在,413,1257,term
part0088,观念（Idee/idea；Vorstellung/conception）例：存在,427,1268,term
part0088,观念（Idee/idea；Vorstellung/conception）例：存在,434,1274,interp
part0088,观念（Idee/idea；Vorstellung/conception）例：存在,596,1420,term1
part0088,观念（Idee/idea；Vorstellung/conception）例：存在,548,1382,term
part0088,观念（Idee/idea；Vorstellung/conception）例：存在,605,1427,term
part0088,▲观念不中用，如果停留在想象里585,585,1412,interp
part0088,——观念是：表象和思想429洛克，人类认识对象489巴克莱、洛克，脑器官的运动、,429,1270,interp
part0088,——观念是：表象和思想429洛克，人类认识对象489巴克莱、洛克，脑器官的运动、,489,1330,interp
part0088,——观念是：表象和思想429洛克，人类认识对象489巴克莱、洛克，脑器官的运动、,508,1345,interp
part0088,——观念的：起源429、432（经验）洛克，三个来源489巴克莱，发生510〔在,429,1270,term
part0088,——观念的：起源429、432（经验）洛克，三个来源489巴克莱，发生510〔在,432,1273,interp
part0088,——观念的：起源429、432（经验）洛克，三个来源489巴克莱，发生510〔在,489,1330,interp
part0088,——观念的：起源429、432（经验）洛克，三个来源489巴克莱，发生510〔在,510,1347,term
part0088,——观念的：起源429、432（经验）洛克，三个来源489巴克莱，发生510〔在,388,1238,term
part0088,——观念的：起源429、432（经验）洛克，三个来源489巴克莱，发生510〔在,578,1406,term
part0088,——观念和：意识345笛卡尔，灵魂412马勒伯朗士,345,1204,term
part0088,——观念和：意识345笛卡尔，灵魂412马勒伯朗士,412,1256,term
part0088,▲真观念403（神的知识），正确观念、不正确观念、明晰观念403、605斯宾诺莎,403,1249,term
part0088,▲真观念403（神的知识），正确观念、不正确观念、明晰观念403、605斯宾诺莎,403,1249,term
part0088,▲真观念403（神的知识），正确观念、不正确观念、明晰观念403、605斯宾诺莎,605,1427,term
part0088,▲真观念403（神的知识），正确观念、不正确观念、明晰观念403、605斯宾诺莎,403,1249,term
part0088,▲真观念403（神的知识），正确观念、不正确观念、明晰观念403、605斯宾诺莎,567,1398,interp
part0088,▲简单观念〔例：蓝、重433〕普遍观念、复杂观念〔例：实体433洛克〕具体观念、,438,1277,interp
part0088,▲简单观念〔例：蓝、重433〕普遍观念、复杂观念〔例：实体433洛克〕具体观念、,650,1466,term
part0088,▲现存观念506，世俗观念609,506,1344,term1
part0088,▲现存观念506，世俗观念609,609,1431,interp
part0088,▲最高的观念350神，第一个观念413普遍者，自在自为的观念（the unive,350,1207,term1
part0088,▲最高的观念350神，第一个观念413普遍者，自在自为的观念（the unive,413,1258,term1
part0088,▲最高的观念350神，第一个观念413普遍者，自在自为的观念（the unive,425,1267,interp
part0088,▲神的观念351,351,1209,term
part0088,——▲康德跳不出观念的生硬性578，洛克从外面接受观念427,578,1406,interp
part0088,——▲康德跳不出观念的生硬性578，洛克从外面接受观念427,427,1269,interp
part0088,观念学（法l’idéologie）：435、506,435,1274,term
part0088,观念学（法l’idéologie）：435、506,506,1343,term
part0088,〔例〕有限性、无限性580，事物、实体、存在579〔这些规定太贫乏〕，看、走34,580,1408,interp
part0088,〔例〕有限性、无限性580，事物、实体、存在579〔这些规定太贫乏〕，看、走34,579,1407,interp
part0088,〔例〕有限性、无限性580，事物、实体、存在579〔这些规定太贫乏〕，看、走34,342,1201,term1
part0088,〔例〕有限性、无限性580，事物、实体、存在579〔这些规定太贫乏〕，看、走34,347,1205,term
part0088,▲一切规定都是一种否定374、394〔伟大的命题〕▲从理念出发对特殊加以规定28,374,1227,term1
part0088,▲一切规定都是一种否定374、394〔伟大的命题〕▲从理念出发对特殊加以规定28,394,1242,interp
part0088,▲一切规定都是一种否定374、394〔伟大的命题〕▲从理念出发对特殊加以规定28,283,1149,term1
part0088,▲一切规定都是一种否定374、394〔伟大的命题〕▲从理念出发对特殊加以规定28,579,1407,interp
part0088,▲一切规定都是一种否定374、394〔伟大的命题〕▲从理念出发对特殊加以规定28,458,1293,interp
part0088,▲感性规定668、301波墨，感觉规定573〔和机体相关联〕，知性规定572、6,668,1480,interp
part0088,▲感性规定668、301波墨，感觉规定573〔和机体相关联〕，知性规定572、6,301,1163,term1
part0088,▲感性规定668、301波墨，感觉规定573〔和机体相关联〕，知性规定572、6,573,1402,term1
part0088,▲感性规定668、301波墨，感觉规定573〔和机体相关联〕，知性规定572、6,572,1401,interp
part0088,▲感性规定668、301波墨，感觉规定573〔和机体相关联〕，知性规定572、6,630,1449,interp
part0088,▲感性规定668、301波墨，感觉规定573〔和机体相关联〕，知性规定572、6,632,1451,interp
part0088,▲感性规定668、301波墨，感觉规定573〔和机体相关联〕，知性规定572、6,271,1137,term
part0088,▲感性规定668、301波墨，感觉规定573〔和机体相关联〕，知性规定572、6,389,1238,interp
part0088,▲感性规定668、301波墨，感觉规定573〔和机体相关联〕，知性规定572、6,473,1304,interp
part0088,▲感性规定668、301波墨，感觉规定573〔和机体相关联〕，知性规定572、6,477,1307,interp
part0088,▲感性规定668、301波墨，感觉规定573〔和机体相关联〕，知性规定572、6,343,1202,interp
part0088,▲感性规定668、301波墨，感觉规定573〔和机体相关联〕，知性规定572、6,403,1249,interp
part0088,▲感性规定668、301波墨，感觉规定573〔和机体相关联〕，知性规定572、6,662,1476,term
part0088,▲感性规定668、301波墨，感觉规定573〔和机体相关联〕，知性规定572、6,453,1289,interp
part0088,▲感性规定668、301波墨，感觉规定573〔和机体相关联〕，知性规定572、6,602,1425,interp
part0088,▲感性规定668、301波墨，感觉规定573〔和机体相关联〕，知性规定572、6,648,1464,interp
part0088,▲感性规定668、301波墨，感觉规定573〔和机体相关联〕，知性规定572、6,332,1193,interp
part0088,▲感性规定668、301波墨，感觉规定573〔和机体相关联〕，知性规定572、6,587,1413,interp
part0088,▲感性规定668、301波墨，感觉规定573〔和机体相关联〕，知性规定572、6,668,1480,interp
part0088,▲感性规定668、301波墨，感觉规定573〔和机体相关联〕，知性规定572、6,500,1338,interp
part0088,▲感性规定668、301波墨，感觉规定573〔和机体相关联〕，知性规定572、6,656,1471,interp
part0088,▲感性规定668、301波墨，感觉规定573〔和机体相关联〕，知性规定572、6,479,1309,interp
part0088,▲感性规定668、301波墨，感觉规定573〔和机体相关联〕，知性规定572、6,377,1229,interp
part0088,▲一般的规定565〔摄觉〕，基本规定354，简单规定432〔力量、数、无限性〕、,565,1396,term
part0088,▲一般的规定565〔摄觉〕，基本规定354，简单规定432〔力量、数、无限性〕、,354,1211,term
part0088,▲一般的规定565〔摄觉〕，基本规定354，简单规定432〔力量、数、无限性〕、,432,1273,term
part0088,▲一般的规定565〔摄觉〕，基本规定354，简单规定432〔力量、数、无限性〕、,674,1484,interp
part0088,▲一般的规定565〔摄觉〕，基本规定354，简单规定432〔力量、数、无限性〕、,608,1430,term
part0088,▲一般的规定565〔摄觉〕，基本规定354，简单规定432〔力量、数、无限性〕、,449,1286,term
part0088,▲一般的规定565〔摄觉〕，基本规定354，简单规定432〔力量、数、无限性〕、,531,1363,interp
part0088,▲一般的规定565〔摄觉〕，基本规定354，简单规定432〔力量、数、无限性〕、,551,1385,interp
part0088,▲一般的规定565〔摄觉〕，基本规定354，简单规定432〔力量、数、无限性〕、,289,1154,interp
part0088,▲一般的规定565〔摄觉〕，基本规定354，简单规定432〔力量、数、无限性〕、,437,1277,interp
part0088,▲一般的规定565〔摄觉〕，基本规定354，简单规定432〔力量、数、无限性〕、,294,1157,interp
part0088,▲一般的规定565〔摄觉〕，基本规定354，简单规定432〔力量、数、无限性〕、,900,,none
part0088,▲一般的规定565〔摄觉〕，基本规定354，简单规定432〔力量、数、无限性〕、,343,1202,term1
part0088,▲一般的规定565〔摄觉〕，基本规定354，简单规定432〔力量、数、无限性〕、,658,1472,term1
part0088,▲一般的规定565〔摄觉〕，基本规定354，简单规定432〔力量、数、无限性〕、,343,1202,term1
part0088,▲一般的规定565〔摄觉〕，基本规定354，简单规定432〔力量、数、无限性〕、,579,1407,interp
part0088,▲一般的规定565〔摄觉〕，基本规定354，简单规定432〔力量、数、无限性〕、,362,1216,term1
part0088,▲一般的规定565〔摄觉〕，基本规定354，简单规定432〔力量、数、无限性〕、,380,1231,term1
part0088,▲一般的规定565〔摄觉〕，基本规定354，简单规定432〔力量、数、无限性〕、,276,1141,interp
part0088,▲一般的规定565〔摄觉〕，基本规定354，简单规定432〔力量、数、无限性〕、,674,1485,term
part0088,▲一般的规定565〔摄觉〕，基本规定354，简单规定432〔力量、数、无限性〕、,681,1490,interp
part0088,▲外在规定458、546耶可比，内在的规定294、418、419，内心规定431,458,1293,interp
part0088,▲外在规定458、546耶可比，内在的规定294、418、419，内心规定431,546,1381,term1
part0088,▲外在规定458、546耶可比，内在的规定294、418、419，内心规定431,294,1157,interp
part0088,▲外在规定458、546耶可比，内在的规定294、418、419，内心规定431,418,1261,interp
part0088,▲外在规定458、546耶可比，内在的规定294、418、419，内心规定431,419,1263,interp
part0088,▲外在规定458、546耶可比，内在的规定294、418、419，内心规定431,431,1272,interp
part0088,▲外在规定458、546耶可比，内在的规定294、418、419，内心规定431,356,1212,interp
part0088,▲外在规定458、546耶可比，内在的规定294、418、419，内心规定431,576,1404,term
part0088,▲外在规定458、546耶可比，内在的规定294、418、419，内心规定431,605,1428,interp
part0088,▲外在规定458、546耶可比，内在的规定294、418、419，内心规定431,630,1449,interp
part0088,▲外在规定458、546耶可比，内在的规定294、418、419，内心规定431,507,1344,interp
part0088,▲外在规定458、546耶可比，内在的规定294、418、419，内心规定431,508,1345,interp
part0088,▲外在规定458、546耶可比，内在的规定294、418、419，内心规定431,385,1235,interp
part0088,▲外在规定458、546耶可比，内在的规定294、418、419，内心规定431,668,1480,term
part0088,▲形而上学的规定454，哲学的两个规定523，个别性的规定性587，自在的规定性,454,1289,term1
part0088,▲形而上学的规定454，哲学的两个规定523，个别性的规定性587，自在的规定性,523,1356,interp
part0088,▲形而上学的规定454，哲学的两个规定523，个别性的规定性587，自在的规定性,587,1413,term1
part0088,▲形而上学的规定454，哲学的两个规定523，个别性的规定性587，自在的规定性,468,1300,term1
part0088,▲形而上学的规定454，哲学的两个规定523，个别性的规定性587，自在的规定性,656,1471,interp
part0088,▲形而上学的规定454，哲学的两个规定523，个别性的规定性587，自在的规定性,533,1364,term
part0088,▲形而上学的规定454，哲学的两个规定523，个别性的规定性587，自在的规定性,498,1337,interp
part0088,——从认识中发展出的规定330，理论理性发展出的规定627费希特，理想世界、自然,330,1192,interp
part0088,——从认识中发展出的规定330，理论理性发展出的规定627费希特，理想世界、自然,627,1446,interp
part0088,——从认识中发展出的规定330，理论理性发展出的规定627费希特，理想世界、自然,683,1492,interp
part0088,——从认识中发展出的规定330，理论理性发展出的规定627费希特，理想世界、自然,432,1273,interp
part0088,——从认识中发展出的规定330，理论理性发展出的规定627费希特，理想世界、自然,650,1466,interp
part0088,——神自己规定自己532，概念、共相规定特殊605,532,1363,interp
part0088,——神自己规定自己532，概念、共相规定特殊605,605,1428,interp
part0088,——▲不值得费力用存在的规定说明精神579，对神随心所欲地予以规定就不能作任何规,579,1407,interp
part0088,——▲不值得费力用存在的规定说明精神579，对神随心所欲地予以规定就不能作任何规,508,1345,interp
part0088,——▲柏拉图研究规定等范畴424▲洛克规定存在418▲我们只与我们的规定打交道5,424,1267,interp
part0088,——▲柏拉图研究规定等范畴424▲洛克规定存在418▲我们只与我们的规定打交道5,418,1261,interp
part0088,——▲柏拉图研究规定等范畴424▲洛克规定存在418▲我们只与我们的规定打交道5,573,1402,interp
part0088,——▲柏拉图研究规定等范畴424▲洛克规定存在418▲我们只与我们的规定打交道5,489,1330,interp
part0088,——▲柏拉图研究规定等范畴424▲洛克规定存在418▲我们只与我们的规定打交道5,500,1338,interp
part0088,——▲柏拉图研究规定等范畴424▲洛克规定存在418▲我们只与我们的规定打交道5,301,1163,interp
part0088,▲思维是过程550，具体统一是过程647，对立统一是过程663,550,1384,interp
part0088,▲思维是过程550，具体统一是过程647，对立统一是过程663,647,1464,interp
part0088,▲思维是过程550，具体统一是过程647，对立统一是过程663,663,1476,interp
part0088,▲无限多的间接〔认识〕过程（Vermittlung）549知识，无限的生成〔过程,549,1383,term1
part0088,▲无限多的间接〔认识〕过程（Vermittlung）549知识，无限的生成〔过程,658,1472,term1
part0088,▲无限多的间接〔认识〕过程（Vermittlung）549知识，无限的生成〔过程,601,1424,interp
part0088,▲思想的发展过程（Fortbildung）495，思维的发展过程538,495,1335,interp
part0088,▲思想的发展过程（Fortbildung）495，思维的发展过程538,538,1374,interp
part0088,▲单子的表象过程和外部事物的过程（Gang/course）471,471,1302,interp
part0088,过渡（übergang/transition；übergehen/to pass,456,1292,term
part0088,▲分解造成向对立面的过渡463,463,1296,interp
part0088,▲从确定性到真理345笛卡尔，从哲学到神学305，从范畴到经验材料569康德，从,345,1204,interp
part0088,▲从确定性到真理345笛卡尔，从哲学到神学305，从范畴到经验材料569康德，从,305,1166,term1
part0088,▲从确定性到真理345笛卡尔，从哲学到神学305，从范畴到经验材料569康德，从,569,1399,interp
part0088,▲从确定性到真理345笛卡尔，从哲学到神学305，从范畴到经验材料569康德，从,583,1410,term1
part0088,▲从确定性到真理345笛卡尔，从哲学到神学305，从范畴到经验材料569康德，从,614,1436,interp
part0088,▲从确定性到真理345笛卡尔，从哲学到神学305，从范畴到经验材料569康德，从,464,1297,term1
part0088,▲从确定性到真理345笛卡尔，从哲学到神学305，从范畴到经验材料569康德，从,598,1422,interp
part0088,▲从确定性到真理345笛卡尔，从哲学到神学305，从范畴到经验材料569康德，从,598,1422,interp
part0088,▲精神的过渡550，对立双方相互过渡663，对立双方过渡到统一668，唯一实体〔,550,1384,interp
part0088,▲精神的过渡550，对立双方相互过渡663，对立双方过渡到统一668，唯一实体〔,663,1476,interp
part0088,▲精神的过渡550，对立双方相互过渡663，对立双方过渡到统一668，唯一实体〔,668,1480,interp
part0088,▲精神的过渡550，对立双方相互过渡663，对立双方过渡到统一668，唯一实体〔,456,1291,interp
part0088,▲从〔法国哲学〕向德国过渡532,532,1363,interp
part0088,怀疑论（者）（Skeptizismus，Skeptiker/scepticism,341,1201,interp
part0088,怀疑论（者）（Skeptizismus，Skeptiker/scepticism,344,1203,interp
part0088,▲怀疑论者为怀疑而怀疑335,335,1196,interp
part0088,——怀疑论：混淆固定的思想规定479，反对形而上学275，反对经验主义330,479,1309,interp
part0088,——怀疑论：混淆固定的思想规定479，反对形而上学275，反对经验主义330,275,1140,term
part0088,——怀疑论：混淆固定的思想规定479，反对形而上学275，反对经验主义330,330,1192,interp
part0088,——怀疑论的：原则688，目的335，一个对立面487〔苏格兰哲学〕,688,1496,term
part0088,——怀疑论的：原则688，目的335，一个对立面487〔苏格兰哲学〕,335,1196,term
part0088,——怀疑论的：原则688，目的335，一个对立面487〔苏格兰哲学〕,487,1328,term
part0088,▲古代怀疑论687，休谟怀疑论535〔和康德〕,687,1495,interp
part0088,▲古代怀疑论687，休谟怀疑论535〔和康德〕,535,1371,interp
part0088,——怀疑论和：笛卡尔的怀疑（Zweifel/the doubting）336，唯,336,1196,term1
part0088,——怀疑论和：笛卡尔的怀疑（Zweifel/the doubting）336，唯,483,1312,interp
part0088,环节（Moment/moment）：293、348、417、431、600、61,293,1156,term
part0088,环节（Moment/moment）：293、348、417、431、600、61,348,1206,term
part0088,环节（Moment/moment）：293、348、417、431、600、61,417,1260,term
part0088,环节（Moment/moment）：293、348、417、431、600、61,431,1272,term
part0088,环节（Moment/moment）：293、348、417、431、600、61,600,1423,term
part0088,环节（Moment/moment）：293、348、417、431、600、61,614,1435,term
part0088,环节（Moment/moment）：293、348、417、431、600、61,675,1485,term
part0088,环节（Moment/moment）：293、348、417、431、600、61,680,1490,term
part0088,——环节的：统一472，协调（Zusammenstimmung/harmony）,472,1303,term
part0088,——环节的：统一472，协调（Zusammenstimmung/harmony）,471,1302,term
part0088,——环节的：统一472，协调（Zusammenstimmung/harmony）,662,1475,term
part0088,——环节的：统一472，协调（Zusammenstimmung/harmony）,675,1485,term
part0088,▲实在的两个基本环节468，感觉的中间环节659，绝对的环节410,468,1300,interp
part0088,▲实在的两个基本环节468，感觉的中间环节659，绝对的环节410,659,1473,interp
part0088,▲实在的两个基本环节468，感觉的中间环节659，绝对的环节410,410,1255,interp
part0088,▲本质/主要/基本环节（Wesentliches M. /essential m,689,1497,term
part0088,▲本质/主要/基本环节（Wesentliches M. /essential m,487,1329,term
part0088,▲本质/主要/基本环节（Wesentliches M. /essential m,468,1300,term
part0088,▲本质/主要/基本环节（Wesentliches M. /essential m,464,1297,term
part0088,▲本质/主要/基本环节（Wesentliches M. /essential m,367,1220,term
part0088,▲本质/主要/基本环节（Wesentliches M. /essential m,659,1473,term
part0088,▲消逝着的环节586〔存在〕笛卡尔，斯宾诺莎的三个基本环节472,586,1412,term1
part0088,▲消逝着的环节586〔存在〕笛卡尔，斯宾诺莎的三个基本环节472,472,1303,interp
part0088,活动（T.tigkeit/activity）：450、506、627、632、6,450,1287,term
part0088,活动（T.tigkeit/activity）：450、506、627、632、6,506,1344,term
part0088,活动（T.tigkeit/activity）：450、506、627、632、6,627,1446,term
part0088,活动（T.tigkeit/activity）：450、506、627、632、6,632,1450,term
part0088,活动（T.tigkeit/activity）：450、506、627、632、6,684,1493,term
part0088,——活动是：单一中的差别459，理论理性的限制发展（活动）就是范畴627,459,1294,term1
part0088,——活动是：单一中的差别459，理论理性的限制发展（活动）就是范畴627,627,1446,term
part0088,▲一切活动只有通过矛盾523〔深刻的思想〕罗比耐,523,1356,interp
part0088,▲内在活动457，主观活动270，精神活动550，形式活动432（知性），自我三,457,1292,interp
part0088,▲内在活动457，主观活动270，精神活动550，形式活动432（知性），自我三,270,1137,term1
part0088,▲内在活动457，主观活动270，精神活动550，形式活动432（知性），自我三,550,1384,interp
part0088,▲内在活动457，主观活动270，精神活动550，形式活动432（知性），自我三,432,1273,term1
part0088,▲内在活动457，主观活动270，精神活动550，形式活动432（知性），自我三,658,1472,interp
part0088,▲内在活动457，主观活动270，精神活动550，形式活动432（知性），自我三,521,1355,interp
part0088,活动者（T.tige/activity）：488、490,488,1329,interp
part0088,活动者（T.tige/activity）：488、490,490,1330,term
part0088,和解（Versöhnung/reconciliation）例：精神、世界288，,288,1153,term
part0088,和解（Versöhnung/reconciliation）例：精神、世界288，,268,1135,term
part0088,和解（Versöhnung/reconciliation）例：精神、世界288，,276,1142,term
part0088,——和解不是破裂（Zerrissenheit）266，哲学最后目的是思想、概念和,266,1133,term
part0088,——和解不是破裂（Zerrissenheit）266，哲学最后目的是思想、概念和,684,1492,term
part0088,——和解不是破裂（Zerrissenheit）266，哲学最后目的是思想、概念和,485,1327,term
part0088,▲内在的和解272，真正的和解689；精神的和解684,272,1139,term1
part0088,▲内在的和解272，真正的和解689；精神的和解684,689,1497,interp
part0088,▲内在的和解272，真正的和解689；精神的和解684,684,1492,term
part0088,▲意识寻求谐和595▲吻合（Entsprechen）就是和谐472、468,595,1420,interp
part0088,▲意识寻求谐和595▲吻合（Entsprechen）就是和谐472、468,472,1303,term1
part0088,▲意识寻求谐和595▲吻合（Entsprechen）就是和谐472、468,468,1300,interp
part0088,（预定）和谐/前定和谐/前定调和/先定谐和（拉Harmonia praestab,467,1299,term
part0088,（预定）和谐/前定和谐/前定调和/先定谐和（拉Harmonia praestab,593,1418,interp
part0088,——精神预定这和谐472，朗格向腓特烈·威廉一世诬告持此学说的沃尔夫474,472,1303,interp
part0088,——精神预定这和谐472，朗格向腓特烈·威廉一世诬告持此学说的沃尔夫474,474,1305,interp
part0088,基本性质（Grundeigenschaft/fundamental qualit,490,1331,term1
part0088,基本原则（Grundprinzip/fundamental principle）,449,1286,term
part0088,基础（Grundlage/the basis）：414马勒伯朗士，449（有限规,414,1258,term
part0088,基础（Grundlage/the basis）：414马勒伯朗士，449（有限规,449,1286,term
part0088,基础（Grundlage/the basis）：414马勒伯朗士，449（有限规,376,1228,term
part0088,基础（Grundlage/the basis）：414马勒伯朗士，449（有限规,484,1312,term
part0088,基础（Grundlage/the basis）：414马勒伯朗士，449（有限规,495,1335,term
part0088,基础（Grundlage/the basis）：414马勒伯朗士，449（有限规,504,1342,term
part0088,基础（Grundlage/the basis）：414马勒伯朗士，449（有限规,380,1231,term
part0088,基础（Grundlage/the basis）：414马勒伯朗士，449（有限规,513,1349,term1
part0088,▲堕落（Abfall/‘Fall’）上帝、天使445，恕罪（Vergebung ,445,1283,interp
part0088,▲堕落（Abfall/‘Fall’）上帝、天使445，恕罪（Vergebung ,531,1363,interp
part0088,▲堕落（Abfall/‘Fall’）上帝、天使445，恕罪（Vergebung ,586,1413,term1
part0088,基质（Substrat/substratum）：490、491,490,1331,term
part0088,基质（Substrat/substratum）：490、491,491,1331,term
part0088,机械论（Mechanismus/mechanism）：361笛卡尔,361,1216,term
part0088,积聚（物）（Aggregate/aggregate）：461、468,461,1295,term
part0088,积聚（物）（Aggregate/aggregate）：461、468,468,1300,term
part0088,记忆（Erinnerung/remembrance）：429、489，（Gedä,429,1270,term
part0088,记忆（Erinnerung/remembrance）：429、489，（Gedä,489,1330,term
part0088,记忆（Erinnerung/remembrance）：429、489，（Gedä,285,1150,term
part0088,记忆（Erinnerung/remembrance）：429、489，（Gedä,496,1335,term
part0088,假定（Voraussetzung/pre-supposition）：332、45,332,1193,term
part0088,假定（Voraussetzung/pre-supposition）：332、45,454,1289,term
part0088,假定（Voraussetzung/pre-supposition）：332、45,271,1137,term
part0088,▲笛卡尔抛弃一切假定332,332,1193,interp
part0088,假设（法hypothèse ‖ Hypothese/hypotheses）：真实,335,1196,term1
part0088,▲莱布尼茨哲学好象是假设454,454,1290,interp
part0088,▲拿破仑需要假设上帝532,532,1363,interp
part0088,假象（Schein/mere appearance）：470、471、501,470,1301,interp
part0088,假象（Schein/mere appearance）：470、471、501,471,1302,interp
part0088,假象（Schein/mere appearance）：470、471、501,501,1340,term
part0088,教理问答（Katechismus/catechism）：416,416,1260,term1
part0088,教条（Dogma/dogma）：452,452,1288,term
part0088,教义（Lehre）：271、436，天启的教义（geoffenbarte L．）,271,1137,term
part0088,教义（Lehre）：271、436，天启的教义（geoffenbarte L．）,436,1276,term
part0088,教义（Lehre）：271、436，天启的教义（geoffenbarte L．）,547,1381,term
part0088,▲人们通过教义认识上帝547,547,1381,interp
part0088,结合和抗拒（Sympathie und Antipathie/sympathy ,520,1355,term1
part0088,结合（Vereinigung/connection）：509，自然和自由的结合（,509,1346,term
part0088,结合（Vereinigung/connection）：509，自然和自由的结合（,676,1486,interp
part0088,结合（Vereinigung/connection）：509，自然和自由的结合（,678,1488,term1
part0088,结合（Vereinigung/connection）：509，自然和自由的结合（,496,1335,term1
part0088,——综合就是结合（Verknüpfen）900,900,,none
part0088,结果（Wirkung/effect）：379、432、434、437、496,379,1230,term
part0088,结果（Wirkung/effect）：379、432、434、437、496,432,1272,term
part0088,结果（Wirkung/effect）：379、432、434、437、496,434,1274,term
part0088,结果（Wirkung/effect）：379、432、434、437、496,437,1277,term
part0088,结果（Wirkung/effect）：379、432、434、437、496,496,1336,term
part0088,解决（Auflösung/reconciliation）：482、483,482,1311,term
part0088,解决（Auflösung/reconciliation）：482、483,483,1312,term
part0088,界限/限度/限界（Grenze/limitation；Schrank/bound,380,1231,term
part0088,▲界限（G.）是与他物的联系380,380,1231,term
part0088,▲思维的限界（G.）629，原子是限度（G.）580，人类理性界限（S．）629,629,1448,interp
part0088,▲思维的限界（G.）629，原子是限度（G.）580，人类理性界限（S．）629,580,1408,interp
part0088,▲思维的限界（G.）629，原子是限度（G.）580，人类理性界限（S．）629,629,1448,interp
part0088,静止（Ruhe/rest）：391、430、634；绝对静止，信422,391,1240,term
part0088,静止（Ruhe/rest）：391、430、634；绝对静止，信422,430,1271,term
part0088,静止（Ruhe/rest）：391、430、634；绝对静止，信422,634,1452,term
part0088,静止（Ruhe/rest）：391、430、634；绝对静止，信422,422,,skip
part0088,▲笛卡尔把一切关系归结到静止和运动362,362,1217,interp
part0088,局限性（Begrenzung/limitation）：519,519,1354,term
part0088,决定论（Determinismus/determinism）：474沃尔夫决定论,474,1305,term
part0088,▲必然性只承认决定论有效581,581,1409,interp
part0088,——精神（最高东西）是：矛盾582，精神是精神认识的对象575，理念的一个方面6,582,1409,term
part0088,——精神（最高东西）是：矛盾582，精神是精神认识的对象575，理念的一个方面6,575,1404,term
part0088,——精神（最高东西）是：矛盾582，精神是精神认识的对象575，理念的一个方面6,684,1492,term
part0088,——精神（最高东西）是：矛盾582，精神是精神认识的对象575，理念的一个方面6,376,1228,term
part0088,——精神（最高东西）是：矛盾582，精神是精神认识的对象575，理念的一个方面6,284,1150,term
part0088,——精神（最高东西）是：矛盾582，精神是精神认识的对象575，理念的一个方面6,414,1258,term
part0088,——精神（最高东西）是：矛盾582，精神是精神认识的对象575，理念的一个方面6,550,1384,term
part0088,▲精神和自然都是理性，向对方过渡389、651,389,1238,interp
part0088,▲精神和自然都是理性，向对方过渡389、651,651,1467,interp
part0088,▲精神本身包含教会原则267,267,1134,interp
part0088,——精神的：性质（绝对属性）359、430（思维）笛卡尔，基础357（自由），绝,359,1214,term
part0088,——精神的：性质（绝对属性）359、430（思维）笛卡尔，基础357（自由），绝,430,1271,interp
part0088,——精神的：性质（绝对属性）359、430（思维）笛卡尔，基础357（自由），绝,357,1213,term
part0088,——精神的：性质（绝对属性）359、430（思维）笛卡尔，基础357（自由），绝,376,1228,term
part0088,——精神的：性质（绝对属性）359、430（思维）笛卡尔，基础357（自由），绝,484,1313,interp
part0088,——精神的：性质（绝对属性）359、430（思维）笛卡尔，基础357（自由），绝,634,1453,term
part0088,——精神的：性质（绝对属性）359、430（思维）笛卡尔，基础357（自由），绝,547,1381,term1
part0088,——精神的：性质（绝对属性）359、430（思维）笛卡尔，基础357（自由），绝,266,1133,term
part0088,——精神的：性质（绝对属性）359、430（思维）笛卡尔，基础357（自由），绝,326,1182,interp
part0088,——精神的：性质（绝对属性）359、430（思维）笛卡尔，基础357（自由），绝,685,1493,interp
part0088,——精神的：性质（绝对属性）359、430（思维）笛卡尔，基础357（自由），绝,270,1137,term
part0088,——精神的：性质（绝对属性）359、430（思维）笛卡尔，基础357（自由），绝,357,1213,interp
part0088,——精神的：性质（绝对属性）359、430（思维）笛卡尔，基础357（自由），绝,686,1495,interp
part0088,——精神的：性质（绝对属性）359、430（思维）笛卡尔，基础357（自由），绝,684,1493,term
part0088,——精神的：性质（绝对属性）359、430（思维）笛卡尔，基础357（自由），绝,609,1431,term
part0088,——精神的：性质（绝对属性）359、430（思维）笛卡尔，基础357（自由），绝,641,1458,term
part0088,——精神的：性质（绝对属性）359、430（思维）笛卡尔，基础357（自由），绝,684,1493,interp
part0088,——精神的：性质（绝对属性）359、430（思维）笛卡尔，基础357（自由），绝,900,,none
part0088,——精神的：性质（绝对属性）359、430（思维）笛卡尔，基础357（自由），绝,610,1432,term
part0088,——精神的：性质（绝对属性）359、430（思维）笛卡尔，基础357（自由），绝,684,1493,term
part0088,——精神的：性质（绝对属性）359、430（思维）笛卡尔，基础357（自由），绝,376,1228,interp
part0088,——精神的：性质（绝对属性）359、430（思维）笛卡尔，基础357（自由），绝,357,1213,term
part0088,——精神的：性质（绝对属性）359、430（思维）笛卡尔，基础357（自由），绝,285,1150,term
part0088,——精神的：性质（绝对属性）359、430（思维）笛卡尔，基础357（自由），绝,690,1498,interp
part0088,——精神的：性质（绝对属性）359、430（思维）笛卡尔，基础357（自由），绝,269,1135,interp
part0088,——精神的：性质（绝对属性）359、430（思维）笛卡尔，基础357（自由），绝,357,1213,term1
part0088,——精神的：性质（绝对属性）359、430（思维）笛卡尔，基础357（自由），绝,687,1496,term1
part0088,——精神的：性质（绝对属性）359、430（思维）笛卡尔，基础357（自由），绝,690,1498,interp
part0088,——精神的：性质（绝对属性）359、430（思维）笛卡尔，基础357（自由），绝,266,1133,term1
part0088,——精神的：性质（绝对属性）359、430（思维）笛卡尔，基础357（自由），绝,405,1251,term
part0088,▲精神永远向前进，把自己现实化271，客观化685，能无限扩大，但越不出圈子63,271,1137,interp
part0088,▲精神永远向前进，把自己现实化271，客观化685，能无限扩大，但越不出圈子63,685,1493,term
part0088,▲精神永远向前进，把自己现实化271，客观化685，能无限扩大，但越不出圈子63,637,1455,interp
part0088,▲精神永远向前进，把自己现实化271，客观化685，能无限扩大，但越不出圈子63,288,1153,interp
part0088,▲精神永远向前进，把自己现实化271，客观化685，能无限扩大，但越不出圈子63,690,1498,interp
part0088,▲精神永远向前进，把自己现实化271，客观化685，能无限扩大，但越不出圈子63,294,1157,interp
part0088,▲精神永远向前进，把自己现实化271，客观化685，能无限扩大，但越不出圈子63,641,1458,interp
part0088,▲精神永远向前进，把自己现实化271，客观化685，能无限扩大，但越不出圈子63,687,1495,interp
part0088,——精神和：万物414，外在存在282，现实有限东西267，存在、物质491，自,414,1258,term
part0088,——精神和：万物414，外在存在282，现实有限东西267，存在、物质491，自,282,1148,interp
part0088,——精神和：万物414，外在存在282，现实有限东西267，存在、物质491，自,267,1134,interp
part0088,——精神和：万物414，外在存在282，现实有限东西267，存在、物质491，自,491,1332,interp
part0088,——精神和：万物414，外在存在282，现实有限东西267，存在、物质491，自,690,1498,term
part0088,——精神和：万物414，外在存在282，现实有限东西267，存在、物质491，自,288,1153,term
part0088,——精神和：万物414，外在存在282，现实有限东西267，存在、物质491，自,271,1137,term
part0088,——精神和：万物414，外在存在282，现实有限东西267，存在、物质491，自,687,1495,interp
part0088,——精神和：万物414，外在存在282，现实有限东西267，存在、物质491，自,637,1455,interp
part0088,——精神和：万物414，外在存在282，现实有限东西267，存在、物质491，自,482,1311,term
part0088,——精神和：万物414，外在存在282，现实有限东西267，存在、物质491，自,488,1329,term
part0088,——精神和：万物414，外在存在282，现实有限东西267，存在、物质491，自,634,1452,interp
part0088,——精神和：万物414，外在存在282，现实有限东西267，存在、物质491，自,641,1458,interp
part0088,——精神和：万物414，外在存在282，现实有限东西267，存在、物质491，自,637,1455,interp
part0088,——精神和：万物414，外在存在282，现实有限东西267，存在、物质491，自,376,1228,interp
part0088,——精神和：万物414，外在存在282，现实有限东西267，存在、物质491，自,267,1134,interp
part0088,——精神和：万物414，外在存在282，现实有限东西267，存在、物质491，自,483,1312,interp
part0088,▲有限精神、无限精神403、635（作为普遍思维的精神），单纯精神412（多数东,403,1249,interp
part0088,▲有限精神、无限精神403、635（作为普遍思维的精神），单纯精神412（多数东,635,1453,interp
part0088,▲有限精神、无限精神403、635（作为普遍思维的精神），单纯精神412（多数东,412,1257,interp
part0088,▲有限精神、无限精神403、635（作为普遍思维的精神），单纯精神412（多数东,593,1418,term1
part0088,▲有限精神、无限精神403、635（作为普遍思维的精神），单纯精神412（多数东,240,,none
part0088,▲人的精神550，世界精神，绝对精神，精神王国691,550,1384,term
part0088,▲人的精神550，世界精神，绝对精神，精神王国691,691,1499,term
part0088,——▲法国人用精神向思辨概念斗争512，德国启蒙思想不要精神532,512,1348,interp
part0088,——▲法国人用精神向思辨概念斗争512，德国启蒙思想不要精神532,532,1363,interp
part0088,▲精神的理性的向前进展686，〔理念的〕进展（procedure）668，自我规,686,1495,interp
part0088,▲精神的理性的向前进展686，〔理念的〕进展（procedure）668，自我规,668,1480,term
part0088,▲精神的理性的向前进展686，〔理念的〕进展（procedure）668，自我规,637,1455,term1
part0088,▲精神的理性的向前进展686，〔理念的〕进展（procedure）668，自我规,637,1455,term1
part0088,▲精神的理性的向前进展686，〔理念的〕进展（procedure）668，自我规,422,,skip
part0088,▲外在进展（the endless process of division）58,580,1408,interp
part0088,▲外在进展（the endless process of division）58,638,1456,term1
part0088,▲外在进展（the endless process of division）58,593,1418,term
part0088,▲外在进展（the endless process of division）58,625,1444,interp
part0088,——斯宾诺莎的过程（F．/development）极简单392,392,1241,interp
part0088,▲世界进程581，形体界的进程和思维界的运动467，两个进程（G.ng）662（,581,1408,term
part0088,▲世界进程581，形体界的进程和思维界的运动467，两个进程（G.ng）662（,467,1299,interp
part0088,▲世界进程581，形体界的进程和思维界的运动467，两个进程（G.ng）662（,662,1475,term1
part0088,▲科学的发生进程（Gang/the process）和科学本身（完备的科学）的进,284,1150,interp
part0088,▲科学的发生进程（Gang/the process）和科学本身（完备的科学）的进,284,1150,interp
part0088,▲科学的发生进程（Gang/the process）和科学本身（完备的科学）的进,483,1312,term1
part0088,▲科学的发生进程（Gang/the process）和科学本身（完备的科学）的进,555,1388,term1
part0088,▲科学的发生进程（Gang/the process）和科学本身（完备的科学）的进,637,1455,interp
part0088,▲科学的发生进程（Gang/the process）和科学本身（完备的科学）的进,454,1290,interp
part0088,▲科学的发生进程（Gang/the process）和科学本身（完备的科学）的进,548,1382,term1
part0088,▲科学的发生进程（Gang/the　process）和科学本身（完备的科学）的进,422,,skip
part0088,——▲深刻内在的进程336笛卡尔的论证过程▲费希特缺乏理念的推演进程640,336,1197,interp
part0088,——▲深刻内在的进程336笛卡尔的论证过程▲费希特缺乏理念的推演进程640,640,1458,interp
part0088,经验（Erfahrung/experience）：278、532、576、582,278,1145,term
part0088,经验（Erfahrung/experience）：278、532、576、582,532,1363,term
part0088,经验（Erfahrung/experience）：278、532、576、582,576,1404,term
part0088,经验（Erfahrung/experience）：278、532、576、582,582,1409,term
part0088,——经验由知觉组成495，经验是全体的一个必要环节，不是真理本质417,495,1334,term
part0088,——经验由知觉组成495，经验是全体的一个必要环节，不是真理本质417,417,1260,term
part0088,▲内心经验429、438，内在经验330，外在经验330，497，578，外部经,429,1270,term
part0088,▲内心经验429、438，内在经验330，外在经验330，497，578，外部经,438,1277,interp
part0088,▲内心经验429、438，内在经验330，外在经验330，497，578，外部经,330,1192,interp
part0088,▲内心经验429、438，内在经验330，外在经验330，497，578，外部经,330,1192,interp
part0088,▲内心经验429、438，内在经验330，外在经验330，497，578，外部经,497,1336,interp
part0088,▲内心经验429、438，内在经验330，外在经验330，497，578，外部经,578,1406,interp
part0088,▲内心经验429、438，内在经验330，外在经验330，497，578，外部经,438,1277,interp
part0088,▲经验的东西（empirischen）487,487,1328,term
part0088,——▲经验兴起于英国272▲洛克从经验出发487▲培根从经验出发274▲康德认为,272,1138,interp
part0088,——▲经验兴起于英国272▲洛克从经验出发487▲培根从经验出发274▲康德认为,487,1328,term
part0088,——▲经验兴起于英国272▲洛克从经验出发487▲培根从经验出发274▲康德认为,274,1140,interp
part0088,——▲经验兴起于英国272▲洛克从经验出发487▲培根从经验出发274▲康德认为,571,1401,interp
part0088,▲反思的经验主义485、487，洛克的经验主义510，形而上学化了的经验主义43,485,1327,term
part0088,▲反思的经验主义485、487，洛克的经验主义510，形而上学化了的经验主义43,487,1328,term
part0088,▲反思的经验主义485、487，洛克的经验主义510，形而上学化了的经验主义43,510,1347,term
part0088,▲反思的经验主义485、487，洛克的经验主义510，形而上学化了的经验主义43,438,1277,term1
part0088,▲经验主义认识论顶峰280培根，经验主义思维方式417〔洛克系统予以表述〕，经验,280,1147,interp
part0088,▲经验主义认识论顶峰280培根，经验主义思维方式417〔洛克系统予以表述〕，经验,417,1260,term1
part0088,▲经验主义认识论顶峰280培根，经验主义思维方式417〔洛克系统予以表述〕，经验,288,1153,interp
part0088,▲经验主义的反对者：莱布尼茨449，理性主义329，怀疑论275,449,1286,term
part0088,▲经验主义的反对者：莱布尼茨449，理性主义329，怀疑论275,329,1191,term1
part0088,▲经验主义的反对者：莱布尼茨449，理性主义329，怀疑论275,275,1140,term
part0088,经验科学（empirische Wissenschaften/empiric s,438,1277,term
part0088,——概念是具体的，包含许多规定579，真理是具体的682（客观和主观的统一），思,579,1407,term
part0088,——概念是具体的，包含许多规定579，真理是具体的682（客观和主观的统一），思,682,1491,term1
part0088,——概念是具体的，包含许多规定579，真理是具体的682（客观和主观的统一），思,683,1491,term
part0088,——概念是具体的，包含许多规定579，真理是具体的682（客观和主观的统一），思,558,1391,term
part0088,——概念是具体的，包含许多规定579，真理是具体的682（客观和主观的统一），思,424,1267,term
part0088,——概念是具体的，包含许多规定579，真理是具体的682（客观和主观的统一），思,591,1417,term1
part0088,——概念是具体的，包含许多规定579，真理是具体的682（客观和主观的统一），思,656,1471,term1
part0088,具体的概念（das Konkrete）例：综合576,576,1405,term
part0088,▲理性的具体概念（das Konkrete der Vernunft）576（无,576,1404,term1
part0088,▲理性的具体概念（das Konkrete der Vernunft）576（无,576,1404,term1
part0088,具体的存在（Konkretes Sein/concrete Being）例：自我,617,1438,term1
part0088,——精神把自己所认识的内容、对象看成具体的存在278,278,1145,term
part0088,具体的理念（die konkrete Idee/the concrete Ide,687,1495,term
part0088,——具体理念是：精神劳动成果685，灵明世界687，新柏拉图派，理性的神483,685,1493,term
part0088,——具体理念是：精神劳动成果685，灵明世界687，新柏拉图派，理性的神483,687,1495,term
part0088,——具体理念是：精神劳动成果685，灵明世界687，新柏拉图派，理性的神483,483,1312,term1
part0088,▲理性的具体理念576,576,1404,interp
part0088,——▲德国人从具体理念出发272,272,1138,interp
part0088,具体的统一（konkrete Einheit/concrete unity）：5,523,1356,term
part0088,具体的统一（konkrete Einheit/concrete unity）：5,582,1410,term
part0088,具体的统一（konkrete Einheit/concrete unity）：5,647,1463,term
part0088,——具体统一是过程647,647,1463,term
part0088,▲对立的具体统一274（真理）,274,1140,term1
part0088,具体的概念（konkrete Vorstellungen/concrete pe,433,1273,interp
part0088,——具体的东西是：思辨性的656谢林,656,1470,term
part0088,▲真正的具体东西605〔理念〕,605,1428,interp
part0088,▲具体东西扬弃主观性回到客观性534，具体东西在自身中发展534,534,1365,interp
part0088,▲具体东西扬弃主观性回到客观性534，具体东西在自身中发展534,534,1365,interp
part0088,具体物（Konkrete）的原则：512,512,1348,term1
part0088,——▲英国人从此出发511,511,1348,term1
part0088,——本质与形式的统一就是绝对665，有限物不包含绝对637，绝对在思想里被意识6,665,1477,term
part0088,——本质与形式的统一就是绝对665，有限物不包含绝对637，绝对在思想里被意识6,637,1455,term
part0088,——本质与形式的统一就是绝对665，有限物不包含绝对637，绝对在思想里被意识6,684,1493,term
part0088,——绝对发展全体684,684,1493,term
part0088,——个人被看作绝对〔法国〕639,639,1457,term
part0088,——绝对的：实体性488，形式689,488,1329,term
part0088,——绝对的：实体性488，形式689,689,1497,term
part0088,——绝对和：主体642,642,1459,term
part0088,——绝对概念自己思维、自己深入自身584,584,1411,interp
part0088,——绝对概念是：自在自为存在的无限性615，本质的一个环节399，思维对象449,615,1436,interp
part0088,——绝对概念是：自在自为存在的无限性615，本质的一个环节399，思维对象449,399,1246,interp
part0088,——绝对概念是：自在自为存在的无限性615，本质的一个环节399，思维对象449,449,1286,term
part0088,——绝对概念是：自在自为存在的无限性615，本质的一个环节399，思维对象449,609,1431,term1
part0088,——绝对概念是：自在自为存在的无限性615，本质的一个环节399，思维对象449,634,1452,term
part0088,▲绝对概念的思维485（德国哲学）,485,1313,term1
part0088,——绝对概念和：先天综合判断558,558,1390,term
part0088,——▲本体论的证明从绝对概念、从概念推出存在583▲莱布尼茨不把自我意识、思维对,583,1410,interp
part0088,——▲本体论的证明从绝对概念、从概念推出存在583▲莱布尼茨不把自我意识、思维对,410,1255,interp
part0088,——▲本体论的证明从绝对概念、从概念推出存在583▲莱布尼茨不把自我意识、思维对,449,1286,interp
part0088,——▲本体论的证明从绝对概念、从概念推出存在583▲莱布尼茨不把自我意识、思维对,399,1246,interp
part0088,——▲本体论的证明从绝对概念、从概念推出存在583▲莱布尼茨不把自我意识、思维对,634,1452,interp
part0088,——法国哲学是绝对概念，反对现存观念和固定思想506，在启蒙运动中过渡到德国55,506,1343,interp
part0088,——法国哲学是绝对概念，反对现存观念和固定思想506，在启蒙运动中过渡到德国55,553,1387,term1
part0088,——绝对精神是：世界的基础484，总体性的图象或内在意识484,484,1312,term
part0088,——绝对精神是：世界的基础484，总体性的图象或内在意识484,484,1312,term1
part0088,——世界精神把自己理解为绝对精神689，精神知道自身是绝对精神690，信仰的自我,689,1497,interp
part0088,——世界精神把自己理解为绝对精神689，精神知道自身是绝对精神690，信仰的自我,690,1498,term1
part0088,——世界精神把自己理解为绝对精神689，精神知道自身是绝对精神690，信仰的自我,643,1460,interp
part0088,绝对的观点（absoluter Standpunkt）：结合有限东西引到无限55,551,1385,term
part0088,——绝对理念是：实在的三位一体305波墨，绝对理念的实现686,305,1165,term1
part0088,——绝对理念是：实在的三位一体305波墨，绝对理念的实现686,686,1495,term1
part0088,——▲古代哲学家思考绝对理念686,686,1495,term
part0088,——凭借绝对思维才能理解思维的特定方式（理智） 395,395,1243,term
part0088,——绝对思维是：绝对本质545耶可比,545,1380,term
part0088,——绝对实体是真的东西，不是完全真的东西377，不是有限东西、自然界375,377,1228,term1
part0088,——绝对实体是真的东西，不是完全真的东西377，不是有限东西、自然界375,375,1227,term
part0088,▲自然科学只达到反思阶段271,271,1137,interp
part0088,▲精确科学（法sciences exactes ‖ exakte W./exac,270,1137,term1
part0088,▲精确科学（法sciences exactes ‖ exakte W./exac,332,1194,term
part0088,▲精确科学（法sciences exactes ‖ exakte W./exac,329,1191,term
part0088,▲精确科学（法sciences exactes ‖ exakte W./exac,283,1149,term
part0088,▲精确科学（法sciences exactes ‖ exakte W./exac,271,1137,term1
part0088,▲完备的科学900，真正的科学351，人为的科学503，有限的科学271,900,,none
part0088,▲完备的科学900，真正的科学351，人为的科学503，有限的科学271,351,1209,term1
part0088,▲完备的科学900，真正的科学351，人为的科学503，有限的科学271,503,1341,term1
part0088,▲完备的科学900，真正的科学351，人为的科学503，有限的科学271,271,1137,interp
part0088,——▲培根对科学的分类原则285,285,1151,interp
part0088,可能性（M.glichkeit/possibility，potentiality,539,1374,term
part0088,可能性（M.glichkeit/possibility，potentiality,556,1389,term
part0088,▲绝对可能性546〔和直接存在〕，最终可能性295〔和形式〕，表象、想象中的可能,546,1380,interp
part0088,▲绝对可能性546〔和直接存在〕，最终可能性295〔和形式〕，表象、想象中的可能,295,1158,term1
part0088,▲绝对可能性546〔和直接存在〕，最终可能性295〔和形式〕，表象、想象中的可能,465,1297,interp
part0088,——可能性和：现实性464，怀疑论499，矛盾356，上帝理念582（一切可能性,464,1297,term
part0088,——可能性和：现实性464，怀疑论499，矛盾356，上帝理念582（一切可能性,499,1338,term
part0088,——可能性和：现实性464，怀疑论499，矛盾356，上帝理念582（一切可能性,356,1211,term
part0088,——可能性和：现实性464，怀疑论499，矛盾356，上帝理念582（一切可能性,582,1409,interp
part0088,可能世界（mögliche Welt/possible world）：莱布尼茨4,453,1288,term
part0088,可能世界（mögliche Welt/possible world）：莱布尼茨4,465,1297,interp
part0088,可见世界（sichtbare Welt/visible world）：900,900,,none
part0088,空间（Raum/space）：433,433,1273,term
part0088,▲空间：是理智给予积聚物的一种统一性461莱布尼茨，是普遍者、形体所在地413马,461,1295,term
part0088,▲空间：是理智给予积聚物的一种统一性461莱布尼茨，是普遍者、形体所在地413马,413,1258,term
part0088,▲空间：是理智给予积聚物的一种统一性461莱布尼茨，是普遍者、形体所在地413马,493,1333,term
part0088,▲空间：是理智给予积聚物的一种统一性461莱布尼茨，是普遍者、形体所在地413马,461,1295,term
part0088,▲空间：是理智给予积聚物的一种统一性461莱布尼茨，是普遍者、形体所在地413马,581,1409,term
part0088,▲空间进入意识后于空间性东西（R.umliche/the spacial）424,424,1267,interp
part0088,空虚（Leere）：539耶可比,539,1374,term
part0088,快乐主义者（Glückseligkeitslehrer/Hedonist）：55,556,1389,term
part0088,▲幸福说（GIückseligkeitslehre/happiness theo,556,1389,interp
part0088,灵明（Licht/light）：415；光明310,415,1259,term
part0088,灵明（Licht/light）：415；光明310,310,1170,term
part0088,——笛卡尔抓住灵明东西366，事物（Ding）在神中是灵明东西413,366,1220,term
part0088,——笛卡尔抓住灵明东西366，事物（Ding）在神中是灵明东西413,413,1257,term
part0088,▲思想把宇宙变成理智世界684,684,1493,interp
part0088,——灵明世界是：具体理念687新柏拉图派，彼岸物484〔自我意识的对象〕，神性、,687,1495,interp
part0088,——灵明世界是：具体理念687新柏拉图派，彼岸物484〔自我意识的对象〕，神性、,484,1313,term
part0088,——灵明世界是：具体理念687新柏拉图派，彼岸物484〔自我意识的对象〕，神性、,643,1460,interp
part0088,——灵明世界是：具体理念687新柏拉图派，彼岸物484〔自我意识的对象〕，神性、,683,1492,term1
part0088,▲神的本质是灵明世界（intelligible W./intelligible ,388,1238,interp
part0088,——灵明世界的：现实化484〔此岸世界〕，丰富规定484,484,1313,term
part0088,——灵明世界的：现实化484〔此岸世界〕，丰富规定484,484,1313,interp
part0088,▲基督教理智世界445〔库得华斯予以破坏〕，遥远的灵明世界510〔理性真理予以摧,445,1283,interp
part0088,▲基督教理智世界445〔库得华斯予以破坏〕，遥远的灵明世界510〔理性真理予以摧,510,1347,term1
part0088,▲基督教理智世界445〔库得华斯予以破坏〕，遥远的灵明世界510〔理性真理予以摧,642,1459,interp
part0088,▲基督教理智世界445〔库得华斯予以破坏〕，遥远的灵明世界510〔理性真理予以摧,683,1492,interp
part0088,——▲新教原则把灵明世界（彼岸一切）纳入自己固有心灵300,300,1162,interp
part0088,乐观主义（Optimismus/optimism）：453、465莱布尼茨,453,1289,term
part0088,乐观主义（Optimismus/optimism）：453、465莱布尼茨,465,1297,term
part0088,类（Gattung/species）：380（Art）,380,1231,interp
part0088,▲类本质上是存在的900，类不创造对象435，知性发现种、类、规律587,900,,none
part0088,▲类本质上是存在的900，类不创造对象435，知性发现种、类、规律587,435,1275,interp
part0088,▲类本质上是存在的900，类不创造对象435，知性发现种、类、规律587,587,1413,interp
part0088,理想（Ideal/Ideal）：583康德,583,1410,term
part0088,▲理性的理想582,582,1410,term
part0088,理想性（Idealität/ideality）：605、636、 687；信42,605,1428,term
part0088,理想性（Idealität/ideality）：605、636、 687；信42,636,1455,term
part0088,理想性（Idealität/ideality）：605、636、 687；信42,687,1495,term
part0088,理想性（Idealität/ideality）：605、636、 687；信42,422,,skip
part0088,理想主义活动（idealistische Taligkeit/idealisti,506,1344,term1
part0088,理性主义（Rationalismus/rationalism）：329〔和经验主,329,1191,term1
part0088,理性（λόγος ‖ Vernunft/reason）：484,484,1313,term
part0088,▲法国人捍卫理性526，理性不是英国人的对象280,526,1359,interp
part0088,▲法国人捍卫理性526，理性不是英国人的对象280,280,1147,interp
part0088,——理性是：一和一切、全体有限事物534，在自身内发展的总体389，意识的自在自,534,1365,interp
part0088,——理性是：一和一切、全体有限事物534，在自身内发展的总体389，意识的自在自,389,1238,term1
part0088,——理性是：一和一切、全体有限事物534，在自身内发展的总体389，意识的自在自,484,1313,interp
part0088,——理性是：一和一切、全体有限事物534，在自身内发展的总体389，意识的自在自,484,1313,term
part0088,——理性是：一和一切、全体有限事物534，在自身内发展的总体389，意识的自在自,285,1151,interp
part0088,——理性是：一和一切、全体有限事物534，在自身内发展的总体389，意识的自在自,574,1403,term1
part0088,——理性是：一和一切、全体有限事物534，在自身内发展的总体389，意识的自在自,532,1363,term
part0088,——理性是：一和一切、全体有限事物534，在自身内发展的总体389，意识的自在自,596,1420,term
part0088,▲理性本质上包含运动467，理性寻找真理于自然281，在宇宙中认识到绝对678，,467,1299,interp
part0088,▲理性本质上包含运动467，理性寻找真理于自然281，在宇宙中认识到绝对678，,281,1148,interp
part0088,▲理性本质上包含运动467，理性寻找真理于自然281，在宇宙中认识到绝对678，,678,1488,term1
part0088,▲理性本质上包含运动467，理性寻找真理于自然281，在宇宙中认识到绝对678，,587,1413,interp
part0088,▲理性本质上包含运动467，理性寻找真理于自然281，在宇宙中认识到绝对678，,430,1271,interp
part0088,▲理性是空虚的，没有内容492、499，只有范畴576,492,1333,interp
part0088,▲理性是空虚的，没有内容492、499，只有范畴576,499,1338,term1
part0088,▲理性是空虚的，没有内容492、499，只有范畴576,576,1404,interp
part0088,——理性的：对象495（概念的关系或经验事实）休谟，任务575认识无条件者，要求,495,1335,term
part0088,——理性的：对象495（概念的关系或经验事实）休谟，任务575认识无条件者，要求,575,1403,term
part0088,——理性的：对象495（概念的关系或经验事实）休谟，任务575认识无条件者，要求,607,1429,term
part0088,——理性的：对象495（概念的关系或经验事实）休谟，任务575认识无条件者，要求,900,,none
part0088,——理性的：对象495（概念的关系或经验事实）休谟，任务575认识无条件者，要求,281,1148,term1
part0088,——理性的：对象495（概念的关系或经验事实）休谟，任务575认识无条件者，要求,652,1467,term
part0088,——理性的：对象495（概念的关系或经验事实）休谟，任务575认识无条件者，要求,686,1494,term
part0088,——理性的：对象495（概念的关系或经验事实）休谟，任务575认识无条件者，要求,579,1407,term
part0088,——理性的：对象495（概念的关系或经验事实）休谟，任务575认识无条件者，要求,540,1375,interp
part0088,——理性的：对象495（概念的关系或经验事实）休谟，任务575认识无条件者，要求,576,1404,interp
part0088,——理性的：对象495（概念的关系或经验事实）休谟，任务575认识无条件者，要求,687,1495,interp
part0088,——理性的：对象495（概念的关系或经验事实）休谟，任务575认识无条件者，要求,510,1347,term
part0088,——理性的：对象495（概念的关系或经验事实）休谟，任务575认识无条件者，要求,554,1388,interp
part0088,——理性的：对象495（概念的关系或经验事实）休谟，任务575认识无条件者，要求,556,1389,term
part0088,——理性的：对象495（概念的关系或经验事实）休谟，任务575认识无条件者，要求,535,1371,interp
part0088,——理性的：对象495（概念的关系或经验事实）休谟，任务575认识无条件者，要求,528,1360,term
part0088,——理性的：对象495（概念的关系或经验事实）休谟，任务575认识无条件者，要求,285,1150,term
part0088,▲理性原则556康德，理性原则一般574〔共相、思维〕，理性规定579，理性推论,556,1389,term
part0088,▲理性原则556康德，理性原则一般574〔共相、思维〕，理性规定579，理性推论,574,1403,term1
part0088,▲理性原则556康德，理性原则一般574〔共相、思维〕，理性规定579，理性推论,579,1407,term
part0088,▲理性原则556康德，理性原则一般574〔共相、思维〕，理性规定579，理性推论,576,1405,term
part0088,▲理性原则556康德，理性原则一般574〔共相、思维〕，理性规定579，理性推论,649,1465,interp
part0088,▲理性原则556康德，理性原则一般574〔共相、思维〕，理性规定579，理性推论,510,1347,term
part0088,——理性和：理智513、539耶可比，感性632康德,513,1349,term
part0088,——理性和：理智513、539耶可比，感性632康德,539,1374,interp
part0088,——理性和：理智513、539耶可比，感性632康德,632,1450,term
part0088,▲神圣理性684，自觉理性684，理论理性588、631，实践理性589、609,684,1493,term1
part0088,▲神圣理性684，自觉理性684，理论理性588、631，实践理性589、609,684,1493,term1
part0088,▲神圣理性684，自觉理性684，理论理性588、631，实践理性589、609,588,1415,term
part0088,▲神圣理性684，自觉理性684，理论理性588、631，实践理性589、609,631,1450,interp
part0088,▲神圣理性684，自觉理性684，理论理性588、631，实践理性589、609,589,1415,term
part0088,▲神圣理性684，自觉理性684，理论理性588、631，实践理性589、609,609,1431,interp
part0088,▲神圣理性684，自觉理性684，理论理性588、631，实践理性589、609,332,1193,interp
part0088,▲神圣理性684，自觉理性684，理论理性588、631，实践理性589、609,609,1431,term
part0088,▲神圣理性684，自觉理性684，理论理性588、631，实践理性589、609,645,1462,interp
part0088,——▲理性是康德的追随者的出发点556▲康德没有达到真正的理性571▲康德区别开,556,1389,interp
part0088,——▲理性是康德的追随者的出发点556▲康德没有达到真正的理性571▲康德区别开,571,1401,interp
part0088,——▲理性是康德的追随者的出发点556▲康德没有达到真正的理性571▲康德区别开,574,1403,interp
part0088,——▲理性是康德的追随者的出发点556▲康德没有达到真正的理性571▲康德区别开,61,,none
part0088,——▲理性是康德的追随者的出发点556▲康德没有达到真正的理性571▲康德区别开,587,1413,interp
part0088,610；,610,1432,interp
part0088,例：主体和客体、自我和非我的统一635，先验主体的统一性578（必然的理性理念）,635,1453,interp
part0088,例：主体和客体、自我和非我的统一635，先验主体的统一性578（必然的理性理念）,578,1406,term1
part0088,——▲理性理念属于理想范围602,602,1425,interp
part0088,▲理性理念是共相、思想物635康德,635,1453,interp
part0088,▲理性理念（概念）和事物存在有区别586〔康德取得的重要结果〕,586,1413,interp
part0088,▲无条件者的理性理念引起二律背反579,579,1407,interp
part0088,——▲费希特没达到理性理念635,635,1453,interp
part0088,理念（Idee/idea）〔柏拉图的术语574〕例：一切现象的总和、世界577，,577,1405,term1
part0088,理念（Idee/idea）〔柏拉图的术语574〕例：一切现象的总和、世界577，,580,1408,term
part0088,理念（Idee/idea）〔柏拉图的术语574〕例：一切现象的总和、世界577，,577,1405,term
part0088,理念（Idee/idea）〔柏拉图的术语574〕例：一切现象的总和、世界577，,582,1410,term
part0088,理念（Idee/idea）〔柏拉图的术语574〕例：一切现象的总和、世界577，,594,1419,term
part0088,理念（Idee/idea）〔柏拉图的术语574〕例：一切现象的总和、世界577，,596,1420,term
part0088,理念（Idee/idea）〔柏拉图的术语574〕例：一切现象的总和、世界577，,640,1458,term
part0088,理念（Idee/idea）〔柏拉图的术语574〕例：一切现象的总和、世界577，,606,1428,term
part0088,——▲理念是具体的、自己规定自己、有发展的283，最深刻的理念统一最绝对的对立3,283,1149,term
part0088,——▲理念是具体的、自己规定自己、有发展的283，最深刻的理念统一最绝对的对立3,303,1164,term
part0088,——▲理念是具体的、自己规定自己、有发展的283，最深刻的理念统一最绝对的对立3,407,1253,term
part0088,——▲唯心论以理念为出发点272,272,1138,term
part0088,——理念是：真理683，无条件者、无限者574康德，主客观的统一682谢林，理性,683,1492,term
part0088,——理念是：真理683，无条件者、无限者574康德，主客观的统一682谢林，理性,574,1403,term
part0088,——理念是：真理683，无条件者、无限者574康德，主客观的统一682谢林，理性,682,1491,term
part0088,——理念是：真理683，无条件者、无限者574康德，主客观的统一682谢林，理性,574,1403,term1
part0088,——理念是：真理683，无条件者、无限者574康德，主客观的统一682谢林，理性,576,1404,term
part0088,——理念是：真理683，无条件者、无限者574康德，主客观的统一682谢林，理性,635,1454,term
part0088,——理念是：真理683，无条件者、无限者574康德，主客观的统一682谢林，理性,687,1495,term
part0088,——理念是：真理683，无条件者、无限者574康德，主客观的统一682谢林，理性,687,1495,term
part0088,——理念是：真理683，无条件者、无限者574康德，主客观的统一682谢林，理性,603,1426,term
part0088,▲理念随经验发展得到规定284,284,1150,interp
part0088,——理念的：两个无限方面（精神和自然、思维和存在）269〔关系到理念的出现〕、6,269,1135,interp
part0088,——理念的：两个无限方面（精神和自然、思维和存在）269〔关系到理念的出现〕、6,684,1493,interp
part0088,——理念的：两个无限方面（精神和自然、思维和存在）269〔关系到理念的出现〕、6,284,1150,interp
part0088,——理念的：两个无限方面（精神和自然、思维和存在）269〔关系到理念的出现〕、6,417,1261,term1
part0088,——理念的：两个无限方面（精神和自然、思维和存在）269〔关系到理念的出现〕、6,607,1430,term
part0088,——理念的：两个无限方面（精神和自然、思维和存在）269〔关系到理念的出现〕、6,271,1137,term
part0088,——理念的：两个无限方面（精神和自然、思维和存在）269〔关系到理念的出现〕、6,577,1405,term
part0088,——理念的：两个无限方面（精神和自然、思维和存在）269〔关系到理念的出现〕、6,609,1431,interp
part0088,——理念的：两个无限方面（精神和自然、思维和存在）269〔关系到理念的出现〕、6,302,1163,term
part0088,——理念的：两个无限方面（精神和自然、思维和存在）269〔关系到理念的出现〕、6,683,1491,term
part0088,——理念的：两个无限方面（精神和自然、思维和存在）269〔关系到理念的出现〕、6,284,1149,term
part0088,——理念的：两个无限方面（精神和自然、思维和存在）269〔关系到理念的出现〕、6,687,1495,interp
part0088,——理念的：两个无限方面（精神和自然、思维和存在）269〔关系到理念的出现〕、6,665,1478,interp
part0088,——理念的：两个无限方面（精神和自然、思维和存在）269〔关系到理念的出现〕、6,668,1480,interp
part0088,——理念的：两个无限方面（精神和自然、思维和存在）269〔关系到理念的出现〕、6,673,1483,interp
part0088,——理念的：两个无限方面（精神和自然、思维和存在）269〔关系到理念的出现〕、6,687,1495,interp
part0088,——理念的：两个无限方面（精神和自然、思维和存在）269〔关系到理念的出现〕、6,640,1457,term1
part0088,——理念的：两个无限方面（精神和自然、思维和存在）269〔关系到理念的出现〕、6,674,1484,term
part0088,——理念的：两个无限方面（精神和自然、思维和存在）269〔关系到理念的出现〕、6,616,1437,interp
part0088,——理念的：两个无限方面（精神和自然、思维和存在）269〔关系到理念的出现〕、6,618,1439,interp
part0088,——理念和：理想583,583,1410,term
part0088,▲思维的理念609〔其抽象差别〕，思辨理念668，理性的理念,609,1431,term1
part0088,▲思维的理念609〔其抽象差别〕，思辨理念668，理性的理念,668,1480,term1
part0088,▲具体理念，先验理念576，抽象理念607（善），无限的理念271、554，〔康,576,1404,interp
part0088,▲具体理念，先验理念576，抽象理念607（善），无限的理念271、554，〔康,607,1430,term1
part0088,▲具体理念，先验理念576，抽象理念607（善），无限的理念271、554，〔康,271,1137,interp
part0088,▲具体理念，先验理念576，抽象理念607（善），无限的理念271、554，〔康,554,1388,interp
part0088,▲具体理念，先验理念576，抽象理念607（善），无限的理念271、554，〔康,586,1413,term1
part0088,▲具体理念，先验理念576，抽象理念607（善），无限的理念271、554，〔康,392,1241,term1
part0088,▲神的理念273〔和存在对立〕，神圣的理念640〔哲学基础〕费希特，永恒理念66,273,1139,term
part0088,▲神的理念273〔和存在对立〕，神圣的理念640〔哲学基础〕费希特，永恒理念66,640,1457,term1
part0088,▲神的理念273〔和存在对立〕，神圣的理念640〔哲学基础〕费希特，永恒理念66,667,1479,term1
part0088,▲神的理念273〔和存在对立〕，神圣的理念640〔哲学基础〕费希特，永恒理念66,678,1488,term
part0088,▲神的理念273〔和存在对立〕，神圣的理念640〔哲学基础〕费希特，永恒理念66,636,1454,interp
part0088,▲神的理念273〔和存在对立〕，神圣的理念640〔哲学基础〕费希特，永恒理念66,651,1467,interp
part0088,▲最深刻的理念303，活生生的理念615〔哲学要求〕,303,1164,term
part0088,▲最深刻的理念303，活生生的理念615〔哲学要求〕,615,1437,term1
part0088,▲判断力的理念596，绝对者的理念535谢林，自然的理念652〔和自然的法则〕,596,1421,term
part0088,▲判断力的理念596，绝对者的理念535谢林，自然的理念652〔和自然的法则〕,535,1371,term
part0088,▲判断力的理念596，绝对者的理念535谢林，自然的理念652〔和自然的法则〕,652,1467,interp
part0088,——柏拉图不把理念理解为思维和存在270，巴门尼德把客观东西转变为理念686▲新,270,1136,interp
part0088,——柏拉图不把理念理解为思维和存在270，巴门尼德把客观东西转变为理念686▲新,686,1495,interp
part0088,——柏拉图不把理念理解为思维和存在270，巴门尼德把客观东西转变为理念686▲新,687,1495,interp
part0088,——柏拉图不把理念理解为思维和存在270，巴门尼德把客观东西转变为理念686▲新,576,1404,interp
part0088,——柏拉图不把理念理解为思维和存在270，巴门尼德把客观东西转变为理念686▲新,576,1404,interp
part0088,——柏拉图不把理念理解为思维和存在270，巴门尼德把客观东西转变为理念686▲新,417,1261,interp
part0088,——柏拉图不把理念理解为思维和存在270，巴门尼德把客观东西转变为理念686▲新,635,1453,interp
part0088,连续（性）（Kontinuität/continuity）：460，连续性规律4,460,1295,term
part0088,连续（性）（Kontinuität/continuity）：460，连续性规律4,478,1308,term
part0088,连续（性）（Kontinuität/continuity）：460，连续性规律4,496,1336,term
part0088,▲莱布尼茨形而上学把联系理解为连续473,473,1304,interp
part0088,联合1（Vereinigung/union）：275（和意识）,1,,none
part0088,联合1（Vereinigung/union）：275（和意识）,275,1140,term
part0088,▲形式的联合650斯宾诺莎,650,1466,term1
part0088,联系2（Beziehung/relation）：495、　520,2,,none
part0088,联系2（Beziehung/relation）：495、 520,495,1334,term
part0088,联系2（Beziehung/relation）：495、 520,520,1355,term
part0088,▲外在联系462，非概念的联系467〔预定和谐〕，本质联系366，实在的联系36,462,1295,term
part0088,▲外在联系462，非概念的联系467〔预定和谐〕，本质联系366，实在的联系36,467,1299,term1
part0088,▲外在联系462，非概念的联系467〔预定和谐〕，本质联系366，实在的联系36,366,1220,term1
part0088,▲外在联系462，非概念的联系467〔预定和谐〕，本质联系366，实在的联系36,366,1220,term1
part0088,▲外在联系462，非概念的联系467〔预定和谐〕，本质联系366，实在的联系36,471,1303,term1
part0088,▲外在联系462，非概念的联系467〔预定和谐〕，本质联系366，实在的联系36,465,1297,term1
part0088,▲外在联系462，非概念的联系467〔预定和谐〕，本质联系366，实在的联系36,658,1473,term
part0088,联系3（Verbindung）的中间环节367〔神〕笛卡尔,3,,none
part0088,联系3（Verbindung）的中间环节367〔神〕笛卡尔,367,1221,term1
part0088,联系4（Zusammenhang/connection）：和连续473,4,,none
part0088,联系4（Zusammenhang/connection）：和连续473,473,1304,term
part0088,▲客观的联系468，内在的联系491、616，必然的联系471、496，普遍的联,468,1300,interp
part0088,▲客观的联系468，内在的联系491、616，必然的联系471、496，普遍的联,491,1332,interp
part0088,▲客观的联系468，内在的联系491、616，必然的联系471、496，普遍的联,616,1437,interp
part0088,▲客观的联系468，内在的联系491、616，必然的联系471、496，普遍的联,471,1302,term
part0088,▲客观的联系468，内在的联系491、616，必然的联系471、496，普遍的联,496,1335,interp
part0088,▲客观的联系468，内在的联系491、616，必然的联系471、496，普遍的联,276,1141,interp
part0088,▲客观的联系468，内在的联系491、616，必然的联系471、496，普遍的联,471,1302,interp
part0088,联系5（Verhältnis/relation）,5,,none
part0088,▲机械联系366〔灵魂和肉体〕笛卡尔,366,1220,term1
part0088,联系者和被联系者（das Beziehen de und das Bezogen,620,1440,term1
part0088,联系着的东西（das Zusammenhängende/the connecte,463,1296,interp
part0088,联想（Ideenassoziation/association of ideas,497,1336,term1
part0088,理解力（拉：intellectus ‖ understanding）：431,431,1272,term1
part0088,矛盾（Widerspruch/contradiction）：572,572,1402,term
part0088,——精神（最高东西）就是矛盾582，每一综合是一矛盾630，有限东西包含矛盾，使,582,1409,term
part0088,——精神（最高东西）就是矛盾582，每一综合是一矛盾630，有限东西包含矛盾，使,630,1448,term
part0088,——精神（最高东西）就是矛盾582，每一综合是一矛盾630，有限东西包含矛盾，使,662,1476,term
part0088,——精神（最高东西）就是矛盾582，每一综合是一矛盾630，有限东西包含矛盾，使,523,1356,term
part0088,——精神（最高东西）就是矛盾582，每一综合是一矛盾630，有限东西包含矛盾，使,635,1453,term
part0088,——精神（最高东西）就是矛盾582，每一综合是一矛盾630，有限东西包含矛盾，使,664,1477,term
part0088,▲理性产生矛盾（Antinomie/antinomy）577康德，否定之否定是矛,577,1405,interp
part0088,▲理性产生矛盾（Antinomie/antinomy）577康德，否定之否定是矛,375,1227,interp
part0088,▲理性产生矛盾（Antinomie/antinomy）577康德，否定之否定是矛,607,1429,interp
part0088,——矛盾的：绝对解决在此岸483，最后解决的在神483莱布尼茨，在固定原则（常识,483,1312,interp
part0088,——矛盾的：绝对解决在此岸483，最后解决的在神483莱布尼茨，在固定原则（常识,483,1312,interp
part0088,——矛盾的：绝对解决在此岸483，最后解决的在神483莱布尼茨，在固定原则（常识,485,1313,interp
part0088,——矛盾的：绝对解决在此岸483，最后解决的在神483莱布尼茨，在固定原则（常识,594,1419,interp
part0088,——矛盾的：绝对解决在此岸483，最后解决的在神483莱布尼茨，在固定原则（常识,273,1139,term
part0088,——矛盾的：绝对解决在此岸483，最后解决的在神483莱布尼茨，在固定原则（常识,581,1409,term1
part0088,——矛盾的：绝对解决在此岸483，最后解决的在神483莱布尼茨，在固定原则（常识,472,1303,interp
part0088,——矛盾的：绝对解决在此岸483，最后解决的在神483莱布尼茨，在固定原则（常识,492,1333,interp
part0088,▲客观的矛盾582康德，绝对的矛盾483，形而上学六组矛盾482，现实中的矛盾,582,1409,term1
part0088,▲客观的矛盾582康德，绝对的矛盾483，形而上学六组矛盾482，现实中的矛盾,483,1312,term1
part0088,▲客观的矛盾582康德，绝对的矛盾483，形而上学六组矛盾482，现实中的矛盾,482,1311,interp
part0088,   515〔法国革命前〕,515,1351,interp
part0088,▲没有解决的矛盾467莱布尼茨、625〔自我、非我〕费希特、542耶可比、608,467,1299,term1
part0088,▲没有解决的矛盾467莱布尼茨、625〔自我、非我〕费希特、542耶可比、608,625,1444,interp
part0088,▲没有解决的矛盾467莱布尼茨、625〔自我、非我〕费希特、542耶可比、608,542,1377,interp
part0088,▲没有解决的矛盾467莱布尼茨、625〔自我、非我〕费希特、542耶可比、608,608,1431,term
part0088,——矛盾和：自我652，神的属性483,652,1467,term
part0088,——矛盾和：自我652，神的属性483,483,1311,term
part0088,——▲波墨陷入矛盾318，莱布尼茨没有把握矛盾483，康德指出的矛盾太少579，,318,1175,interp
part0088,——▲波墨陷入矛盾318，莱布尼茨没有把握矛盾483，康德指出的矛盾太少579，,483,1311,term
part0088,——▲波墨陷入矛盾318，莱布尼茨没有把握矛盾483，康德指出的矛盾太少579，,579,1406,term
part0088,——▲波墨陷入矛盾318，莱布尼茨没有把握矛盾483，康德指出的矛盾太少579，,606,1428,term1
part0088,美（Schöne，Schonheit/beauty）：548，和无限的仰望625,548,1382,interp
part0088,美（Schöne，Schonheit/beauty）：548，和无限的仰望625,625,1444,interp
part0088,▲美的思想不是知识688,688,1497,interp
part0088,▲绝对的美678（宇宙）谢林，世界的美523（善恶平衡）罗比耐，某种美的,678,1488,term1
part0088,▲绝对的美678（宇宙）谢林，世界的美523（善恶平衡）罗比耐，某种美的,523,1356,term1
part0088,   东西601,601,1424,term
part0088,美德/德性（Tugend/virtue）：607，525爱尔维修，最高美德（su,607,1430,term
part0088,美德/德性（Tugend/virtue）：607，525爱尔维修，最高美德（su,525,1358,term
part0088,美德/德性（Tugend/virtue）：607，525爱尔维修，最高美德（su,405,1251,term1
part0088,绵延（Dauer/permanence）：357〔普遍规定〕,357,1213,term1
part0088,明晰性（Deutlichkeit/distinctness）：463,463,1296,term1
part0088,明确性（Evidenz/evidence）：344,344,1203,term
part0088,某物（etwas/something）：627，（Ichts/something,627,1446,term
part0088,某物（etwas/something）：627，（Ichts/something,315,1173,term
part0088,某物（etwas/something）：627，（Ichts/something,317,1174,term
part0088,某种东西（etwas/something）：某种心灵内的东西564,564,1395,interp
part0088,——任何事物通过实体得到理解才是某种东西418,418,1261,term
part0088,目的（Zweck/aims）：525、600,525,1358,term
part0088,目的（Zweck/aims）：525、600,600,1423,term
part0088,▲内在目的（inward end）292，外在目的（external end，e,292,1156,term
part0088,▲内在目的（inward end）292，外在目的（external end，e,292,1156,term
part0088,▲内在目的（inward end）292，外在目的（external end，e,680,1489,interp
part0088,▲内在目的（inward end）292，外在目的（external end，e,471,1302,term1
part0088,▲内在目的（inward end）292，外在目的（external end，e,589,1415,interp
part0088,▲内在目的（inward end）292，外在目的（external end，e,652,1467,term
part0088,▲内在目的（inward end）292，外在目的（external end，e,471,1302,interp
part0088,▲合目的性（Zweckm. Bigkeit/in conformity with,292,1156,term
part0088,▲合目的性（Zweckm. Bigkeit/in conformity with,600,1423,term
part0088,▲合目的性（Zweckm. Bigkeit/in conformity with,603,1426,term
part0088,▲合目的性（Zweckm. Bigkeit/in conformity with,422,,skip
part0088,——目的和：神的行动390，手段（Mittel/means）465，个人293,390,1239,interp
part0088,——目的和：神的行动390，手段（Mittel/means）465，个人293,465,1298,term
part0088,——目的和：神的行动390，手段（Mittel/means）465，个人293,293,1156,term
part0088,目的论的考察（teleologische Betrachtung/teleolo,291,1155,term
part0088,目的论的考察（teleologische Betrachtung/teleolo,638,1456,term
part0088,目的因（拉causae finales‖ die finale Ursache，,390,1239,term
part0088,目的因（拉causae finales‖ die finale Ursache，,291,1155,term1
part0088,目的因（拉causae finales‖ die finale Ursache，,464,1297,term1
part0088,目的因（拉causae finales‖ die finale Ursache，,273,1139,term
part0088,内在性（Innerlichkeit/inwardness）：328，（Imman,328,1190,term
part0088,内在性（Innerlichkeit/inwardness）：328，（Imman,505,1342,term
part0088,内在必然性（die Notwendigkeit ihrer/within its,650,1466,term1
part0088,内部的东西（das Innere/the inward substance）：2,266,1133,term1
part0088,内部的东西（das Innere/the inward substance）：2,537,1373,term
part0088,内部的东西（das Innere/the inward substance）：2,485,1313,term
part0088,内部的东西（das Innere/the inward substance）：2,267,1133,term1
part0088,内在合目的性（Zweckm..igkeit/inward adaptation ,292,1155,interp
part0088,内在概念（der innere Begriff）：292,292,1156,term1
part0088,内在目的（inward teleology）：292,292,1156,term
part0088,内在世界（innere Welt/inward world）277，（inner,277,1142,term
part0088,内在世界（innere Welt/inward world）277，（inner,276,1142,term
part0088,内在的和解（die innere Versöhnung/inward recon,272,1139,term1
part0088,（自身）能动的形式（in sich tätige Form）：650,650,1466,term1
part0088,能动的自然（拉natura naturans）：392、395斯宾诺莎,392,1240,term1
part0088,能动的自然（拉natura naturans）：392、395斯宾诺莎,395,1243,term
part0088,能动性/自发性（T.tigkeit/activity；Spontaneität/,565,1396,term1
part0088,能动性/自发性（T.tigkeit/activity；Spontaneität/,376,1229,term
part0088,能动性/自发性（T.tigkeit/activity；Spontaneität/,378,1229,term
part0088,能动性/自发性（T.tigkeit/activity；Spontaneität/,437,1276,term
part0088,能动性/自发性（T.tigkeit/activity；Spontaneität/,630,1449,term
part0088,能动性/自发性（T.tigkeit/activity；Spontaneität/,307,1167,term
part0088,▲单子的自发性（S.），被意识到的自发性470，直观的自发性604，双重的能动性,470,1301,term1
part0088,▲单子的自发性（S.），被意识到的自发性470，直观的自发性604，双重的能动性,604,1427,term1
part0088,   628,628,1447,interp
part0088,▲自由就是自发性470,470,1301,term1
part0088,能动者（T.tige/the active）：513，唯一能动者632〔自我〕费,513,1349,term
part0088,能动者（T.tige/the active）：513，唯一能动者632〔自我〕费,632,1451,term1
part0088,怒（Zorn）：301波墨,301,1163,interp
part0088,能力（die F.higkeit/capacity；Vermögen/facul,548,1382,term
part0088,▲理智的能力（F.） 397，认识能力（Erkenntnisvermögen） ,397,1245,interp
part0088,▲理智的能力（F.） 397，认识能力（Erkenntnisvermögen） ,352,1209,term
part0088,▲理智的能力（F.） 397，认识能力（Erkenntnisvermögen） ,605,1428,interp
part0088,偶性（Akzidenz/accident）：478〔范畴〕，409（精神性的个体,478,1308,term
part0088,偶性（Akzidenz/accident）：478〔范畴〕，409（精神性的个体,409,1254,term
part0088,——偶性具有的实在性347，诸偶性寄托的基质是一般存在、抽象实体491,347,1206,term
part0088,——偶性具有的实在性347，诸偶性寄托的基质是一般存在、抽象实体491,491,1331,term
part0088,偶然（性）（Zufälligkeit/chance）：604，和飞跃471莱布尼,604,1426,term
part0088,偶然（性）（Zufälligkeit/chance）：604，和飞跃471莱布尼,471,1302,term1
part0088,偶然（性）（Zufälligkeit/chance）：604，和飞跃471莱布尼,478,1308,term
part0088,偶然（性）（Zufälligkeit/chance）：604，和飞跃471莱布尼,491,1332,term
part0088,偶然的（东西）（Zufällige/the contigent）和特殊的东西60,603,1426,term
part0088,偶然的（东西）（Zufällige/the contigent）和特殊的东西60,600,1424,term
part0088,偶然的（东西）（Zufällige/the contigent）和特殊的东西60,497,1336,term1
part0088,偶然的（东西）（Zufällige/the contigent）和特殊的东西60,667,1479,term
part0088,——▲哲学体系次序不是偶然的691,691,1498,term
part0088,偶然的特性（züfallige Bestimmung）：573〔和感觉内容〕,573,1402,term1
part0088,偶像（Idole/the idols）：515,515,1351,term
part0088,偶像的概念（vorgebliche Begriff von G./a false,635,1454,term1
part0088,派生的东西（Abgeleitet/the derived）：439〔共相〕洛克，,439,1278,interp
part0088,派生的东西（Abgeleitet/the derived）：439〔共相〕洛克，,539,1374,term
part0088,片面性（Einseitigkeit/one-sidedness）：650、663,650,1466,term
part0088,片面性（Einseitigkeit/one-sidedness）：650、663,663,1476,term
part0088,片面性（Einseitigkeit/one-sidedness）：650、663,411,1255,term
part0088,评价：▲一个笨拙的说法565〔康德〕▲洛克摆脱单纯下定义方法432▲斯宾诺莎学说,565,1396,term1
part0088,评价：▲一个笨拙的说法565〔康德〕▲洛克摆脱单纯下定义方法432▲斯宾诺莎学说,432,1273,interp
part0088,评价：▲一个笨拙的说法565〔康德〕▲洛克摆脱单纯下定义方法432▲斯宾诺莎学说,394,1242,interp
part0088,评价：▲一个笨拙的说法565〔康德〕▲洛克摆脱单纯下定义方法432▲斯宾诺莎学说,381,1232,term
part0088,评价：▲一个笨拙的说法565〔康德〕▲洛克摆脱单纯下定义方法432▲斯宾诺莎学说,673,1483,interp
part0088,评价：▲一个笨拙的说法565〔康德〕▲洛克摆脱单纯下定义方法432▲斯宾诺莎学说,293,1156,interp
part0088,批判主义（Kritizismus/criticism）：330，批判哲学549〔,330,1192,term1
part0088,批判主义（Kritizismus/criticism）：330，批判哲学549〔,549,1383,interp
part0088,——普遍是：反思理智认识对象441，经验派生的437,441,1280,term
part0088,——普遍是：反思理智认识对象441，经验派生的437,437,1276,term
part0088,普遍的东西（das Allgemeine/the universal）和联系的东,463,1296,term
part0088,普遍的东西（das Allgemeine/the universal）和联系的东,547,1381,term
part0088,▲存在（das Sein）仅与普遍的东西结合342,342,1202,term
part0088,▲世界是一个普遍的东西580,580,1408,interp
part0088,——▲休谟否定普遍的东西487,487,1328,interp
part0088,〔例〕实体419，存在、统一、能力430，绝对者的理念664，三角形345,419,1262,term
part0088,〔例〕实体419，存在、统一、能力430，绝对者的理念664，三角形345,430,1271,term1
part0088,〔例〕实体419，存在、统一、能力430，绝对者的理念664，三角形345,664,1477,term
part0088,〔例〕实体419，存在、统一、能力430，绝对者的理念664，三角形345,345,1204,term
part0088,——普遍概念是：后起的427洛克，从个别推演出419,427,1269,term
part0088,——普遍概念是：后起的427洛克，从个别推演出419,419,1263,interp
part0088,——意识发现一些普遍的观念（a. B./u. c.）345,345,1204,term
part0088,——▲沃尔夫采纳笛卡尔等对普遍概念所作规定479,479,1309,interp
part0088,〔例〕空间、类424，人的健康常识505,424,1266,term
part0088,〔例〕空间、类424，人的健康常识505,505,1343,term
part0088,——普遍观念包含在感觉的具体事物中424，知性从具体观念得普遍观念（genera,424,1266,term
part0088,——普遍观念包含在感觉的具体事物中424，知性从具体观念得普遍观念（genera,433,1273,term
part0088,——普遍观念包含在感觉的具体事物中424，知性从具体观念得普遍观念（genera,454,1289,term
part0088,——普遍观念包含在感觉的具体事物中424，知性从具体观念得普遍观念（genera,431,1272,term
part0088,▲确定的普遍观念454，普遍的自在自为的观念（die allgemeinen，a,454,1289,term1
part0088,▲确定的普遍观念454，普遍的自在自为的观念（die allgemeinen，a,425,1267,interp
part0088,▲确定的普遍观念454，普遍的自在自为的观念（die allgemeinen，a,420,1263,term
part0088,——▲洛克解释普遍观念437▲苏格兰哲学家以普遍观念为原则505,437,1277,interp
part0088,——▲洛克解释普遍观念437▲苏格兰哲学家以普遍观念为原则505,505,1343,interp
part0088,普遍的具体的观点（eine allgemeine konkrete Ansich,512,1348,interp
part0088,普遍的规定（allgemeine Bestimmung/general dete,442,1281,term
part0088,〔例〕思维、存在272,272,1138,term
part0088,——归纳法从个别东西引导出普遍规定289，经验方法使人注意到普遍规定437洛克，,289,1154,term
part0088,——归纳法从个别东西引导出普遍规定289，经验方法使人注意到普遍规定437洛克，,437,1276,term
part0088,——归纳法从个别东西引导出普遍规定289，经验方法使人注意到普遍规定437洛克，,611,1433,term
part0088,——▲沃尔夫把内容理解为属于思想形式方面的普遍规定479,479,1309,interp
part0088,普遍的理念（allgemeine Idee/the general idea）：,675,1485,interp
part0088,普遍的理念（allgemeine Idee/the general idea）：,431,1272,term
part0088,普遍规律（allgemeines Gesetz/universal law）：2,272,1138,interp
part0088,——▲亚里士多德、笛卡尔搜寻普遍思想357▲洛克描述普遍思想出现在意识的道路41,357,1213,term
part0088,——▲亚里士多德、笛卡尔搜寻普遍思想357▲洛克描述普遍思想出现在意识的道路41,419,1263,interp
part0088,——▲亚里士多德、笛卡尔搜寻普遍思想357▲洛克描述普遍思想出现在意识的道路41,437,1277,interp
part0088,——▲亚里士多德、笛卡尔搜寻普遍思想357▲洛克描述普遍思想出现在意识的道路41,511,1348,interp
part0088,普遍的思维（das allgemeine Denken/the universa,342,1202,term
part0088,普遍的思维（das allgemeine Denken/the universa,635,1453,term1
part0088,——▲法国人从普遍性的思维（D. der Allgemeinheit/thoug,512,1348,interp
part0088,——▲法国人从普遍性的思维（D. der Allgemeinheit/thoug,635,1453,interp
part0088,普遍的命题/原则（allgemeine S.tze/universal prop,547,1381,interp
part0088,——▲普遍的原则、公理是同语反复436▲苏格兰哲学家提出普遍的命题和真理487▲,436,1276,interp
part0088,——▲普遍的原则、公理是同语反复436▲苏格兰哲学家提出普遍的命题和真理487▲,487,1328,term
part0088,——▲普遍的原则、公理是同语反复436▲苏格兰哲学家提出普遍的命题和真理487▲,511,1348,interp
part0088,普遍的实体（allgemeine Substanz）：376、407、455，（,376,1228,term
part0088,普遍的实体（allgemeine Substanz）：376、407、455，（,407,1252,interp
part0088,普遍的实体（allgemeine Substanz）：376、407、455，（,455,1290,term
part0088,普遍的实体（allgemeine Substanz）：376、407、455，（,484,1313,interp
part0088,普遍的本质（allgemeines Wesen）：687〔抽象思想〕,687,1495,term1
part0088,普遍者（das Allgemeine/the universal）：一种规定37,375,1227,term
part0088,普遍者（das Allgemeine/the universal）：一种规定37,293,1156,term
part0088,——普遍者是：神464莱布尼茨,464,1297,term
part0088,▲普遍者有两个方面：普遍的存在（das allgemeines Sein）和对立,464,1297,interp
part0088,▲普遍者有两个方面：普遍的存在（das allgemeines Sein）和对立,343,1202,interp
part0088,▲普遍者有两个方面：普遍的存在（das allgemeines Sein）和对立,413,1257,interp
part0088,——普遍者的：内容487,487,1328,term
part0088,▲唯一的普遍者414，神的普遍者413，具体的普遍者381〔实体〕，自然中的普遍,414,1258,term1
part0088,▲唯一的普遍者414，神的普遍者413，具体的普遍者381〔实体〕，自然中的普遍,413,1258,term1
part0088,▲唯一的普遍者414，神的普遍者413，具体的普遍者381〔实体〕，自然中的普遍,381,1232,term1
part0088,▲唯一的普遍者414，神的普遍者413，具体的普遍者381〔实体〕，自然中的普遍,293,1156,term1
part0088,▲唯一的普遍者414，神的普遍者413，具体的普遍者381〔实体〕，自然中的普遍,900,,none
part0088,——普遍者和：个人293，普遍必然性495〔二个规定〕，因果联系471，作用因2,293,1156,term
part0088,——普遍者和：个人293，普遍必然性495〔二个规定〕，因果联系471，作用因2,495,1335,term1
part0088,——普遍者和：个人293，普遍必然性495〔二个规定〕，因果联系471，作用因2,471,1302,interp
part0088,——普遍者和：个人293，普遍必然性495〔二个规定〕，因果联系471，作用因2,293,1156,term
part0088,——普遍者和：个人293，普遍必然性495〔二个规定〕，因果联系471，作用因2,548,1382,interp
part0088,——▲法国人在现实中发现普遍者487▲休谟明确感性物和普遍者495,487,1328,interp
part0088,——▲法国人在现实中发现普遍者487▲休谟明确感性物和普遍者495,495,1335,interp
part0088,——普遍物不是精神639，不在经验中497,639,1457,term1
part0088,——普遍物不是精神639，不在经验中497,497,1336,term
part0088,▲感性普遍物493〔空间〕，自在的普遍物497〔感性存在〕，地道的个别性的普遍物,493,1333,interp
part0088,▲感性普遍物493〔空间〕，自在的普遍物497〔感性存在〕，地道的个别性的普遍物,497,1336,term1
part0088,▲感性普遍物493〔空间〕，自在的普遍物497〔感性存在〕，地道的个别性的普遍物,493,1333,term1
part0088,普遍性（Allgemeinheit/universality）：一种规定497,497,1336,term
part0088,▲有限的东西上升到普遍性267,267,1134,interp
part0088,▲将军的本质是普遍性（the universal Notion）293,293,1156,interp
part0088,——普遍性是：习惯497休谟，自我性的反面393波墨,497,1336,term
part0088,——普遍性是：习惯497休谟，自我性的反面393波墨,393,1241,interp
part0088,▲具体的普遍性900，抽象的普遍性272〔思维的出发点〕，空洞的普遍性900，主,900,,none
part0088,▲具体的普遍性900，抽象的普遍性272〔思维的出发点〕，空洞的普遍性900，主,272,1138,term
part0088,▲具体的普遍性900，抽象的普遍性272〔思维的出发点〕，空洞的普遍性900，主,900,,none
part0088,▲具体的普遍性900，抽象的普遍性272〔思维的出发点〕，空洞的普遍性900，主,499,1337,term
part0088,▲具体的普遍性900，抽象的普遍性272〔思维的出发点〕，空洞的普遍性900，主,499,1338,term1
part0088,▲具体的普遍性900，抽象的普遍性272〔思维的出发点〕，空洞的普遍性900，主,687,1495,term1
part0088,▲具体的普遍性900，抽象的普遍性272〔思维的出发点〕，空洞的普遍性900，主,463,1296,term
part0088,——普遍性和：必然性497〔二者结合是习惯〕休谟，自我589,497,1336,term
part0088,——普遍性和：必然性497〔二者结合是习惯〕休谟，自我589,589,1415,term
part0088,▲知觉中无普遍性557休谟，感性物没有普遍性494休谟,557,1390,interp
part0088,▲知觉中无普遍性557休谟，感性物没有普遍性494休谟,494,1334,interp
part0088,——▲法国人重视抽象的普遍性272▲休谟反对普遍性556,272,1138,interp
part0088,——▲法国人重视抽象的普遍性272▲休谟反对普遍性556,556,1389,interp
part0088,启蒙哲学/启蒙思想/启蒙运动（Aufklärung/enlightenment）,487,1328,term
part0088,启蒙哲学/启蒙思想/启蒙运动（Aufklärung/enlightenment）,514,1350,interp
part0088,启蒙哲学/启蒙思想/启蒙运动（Aufklärung/enlightenment）,297,1159,interp
part0088,启蒙哲学/启蒙思想/启蒙运动（Aufklärung/enlightenment）,508,1345,interp
part0088,启蒙哲学/启蒙思想/启蒙运动（Aufklärung/enlightenment）,510,1347,interp
part0088,启蒙哲学/启蒙思想/启蒙运动（Aufklärung/enlightenment）,548,1382,interp
part0088,启蒙哲学/启蒙思想/启蒙运动（Aufklärung/enlightenment）,554,1388,interp
part0088,启蒙哲学/启蒙思想/启蒙运动（Aufklärung/enlightenment）,588,1414,interp
part0088,启示（Offenbarung/relevation，inspiration）：5,500,1338,interp
part0088,启示（Offenbarung/relevation，inspiration）：5,486,1328,term
part0088,——世界是理念的揭示和启示（notwendige Enthüllung； O.）,683,1492,term
part0088,——世界是理念的揭示和启示（notwendige Enthüllung； O.）,547,1381,term
part0088,▲内心启示338、504、548、564，直接启示486，上帝的显示（die E,338,1198,term
part0088,▲内心启示338、504、548、564，直接启示486，上帝的显示（die E,504,1342,term
part0088,▲内心启示338、504、548、564，直接启示486，上帝的显示（die E,548,1382,interp
part0088,▲内心启示338、504、548、564，直接启示486，上帝的显示（die E,564,1395,interp
part0088,▲内心启示338、504、548、564，直接启示486，上帝的显示（die E,486,1328,term1
part0088,▲内心启示338、504、548、564，直接启示486，上帝的显示（die E,686,1494,term1
part0088,起始/开始（Anfang/first beginning）和终结580；540,580,1408,term
part0088,起始/开始（Anfang/first beginning）和终结580；540,540,1375,interp
part0088,潜能（拉potentia）和现实390〔二者同一〕,390,1239,term1
part0088,前知/先知（Präszienz/prescience）：273〔神〕、482,273,1139,term
part0088,前知/先知（Präszienz/prescience）：273〔神〕、482,482,1311,term
part0088,亲和力（Verwandtschaft/affinity）：520,520,1355,term1
part0088,▲主观的全体650费希特，相对的全体668，全体中的必要环节417，〔经验〕全体,650,1466,term1
part0088,▲主观的全体650费希特，相对的全体668，全体中的必要环节417，〔经验〕全体,668,1480,term
part0088,▲主观的全体650费希特，相对的全体668，全体中的必要环节417，〔经验〕全体,417,1261,interp
part0088,▲主观的全体650费希特，相对的全体668，全体中的必要环节417，〔经验〕全体,687,1495,interp
part0088,▲主观的全体650费希特，相对的全体668，全体中的必要环节417，〔经验〕全体,639,1457,term1
part0088,——▲法国人着眼于全体（das Ganze/the whole） 512▲每一事,512,1348,interp
part0088,——▲法国人着眼于全体（das Ganze/the whole） 512▲每一事,419,1263,interp
part0088,权威（Autorität/authority）：442、508、644,442,1280,term
part0088,权威（Autorität/authority）：442、508、644,508,1345,term
part0088,权威（Autorität/authority）：442、508、644,644,1461,term
part0088,——▲主观性不承认任何权威269▲自由原则取消权威550,269,1136,term
part0088,——▲主观性不承认任何权威269▲自由原则取消权威550,550,1384,term
part0088,▲权威的外在性328，权威的形式512，政治权威525，彼岸的权威523,328,1190,interp
part0088,▲权威的外在性328，权威的形式512，政治权威525，彼岸的权威523,512,1349,term1
part0088,▲权威的外在性328，权威的形式512，政治权威525，彼岸的权威523,525,1358,term
part0088,▲权威的外在性328，权威的形式512，政治权威525，彼岸的权威523,523,1356,term1
part0088,——▲人们不再诉诸权威267▲门德尔松、尼古拉的争论推了权威一把532▲法国人向,267,1134,interp
part0088,——▲人们不再诉诸权威267▲门德尔松、尼古拉的争论推了权威一把532▲法国人向,532,1363,interp
part0088,——▲人们不再诉诸权威267▲门德尔松、尼古拉的争论推了权威一把532▲法国人向,525,1358,interp
part0088,确定的东西（das Bestimmte）：374、387、455，（Festge,374,1227,term
part0088,确定的东西（das Bestimmte）：374、387、455，（Festge,387,1236,term
part0088,确定的东西（das Bestimmte）：374、387、455，（Festge,455,1290,term
part0088,确定的东西（das Bestimmte）：374、387、455，（Festge,484,1313,term
part0088,——斯宾诺莎从确定的东西着眼提出伟大命题376,376,1227,term
part0088,确定的概念（bestimmter Begriff）：484〔普遍自我意识的对象〕,484,1313,term1
part0088,确定的思想（bestimmter Gedanke/determinate tho,453,1289,term
part0088,确定的思想（bestimmter Gedanke/determinate tho,367,1221,term
part0088,确信/确实性/确定性/确认（Gewißheit/certainty）：339、5,339,1200,interp
part0088,确信/确实性/确定性/确认（Gewißheit/certainty）：339、5,504,1342,term
part0088,确信/确实性/确定性/确认（Gewißheit/certainty）：339、5,510,1347,term
part0088,确信/确实性/确定性/确认（Gewißheit/certainty）：339、5,551,1384,term
part0088,▲确信现实—近代怀疑论的基础487,487,1328,interp
part0088,▲确实性506〔理想主义活动的基础〕，直接确定性614〔和自我〕，主观确定性60,506,1343,interp
part0088,▲确实性506〔理想主义活动的基础〕，直接确定性614〔和自我〕，主观确定性60,614,1435,term
part0088,▲确实性506〔理想主义活动的基础〕，直接确定性614〔和自我〕，主观确定性60,609,1431,interp
part0088,▲确实性506〔理想主义活动的基础〕，直接确定性614〔和自我〕，主观确定性60,341,1200,term
part0088,全在（Allgegenwart/omnipresence）：413〔神〕马勒伯朗,413,1257,term
part0088,人（Mensch/man）：505、428、404,505,1343,interp
part0088,人（Mensch/man）：505、428、404,428,1269,interp
part0088,人（Mensch/man）：505、428、404,404,1250,interp
part0088,▲人通过提高过程达到认识共相、较高存在550；有思维，人才是人655,550,1384,interp
part0088,▲人通过提高过程达到认识共相、较高存在550；有思维，人才是人655,655,1470,term1
part0088,——人是：理性的一种形式541，上帝实体的发展650斯宾诺莎,541,1376,interp
part0088,——人是：理性的一种形式541，上帝实体的发展650斯宾诺莎,650,1466,interp
part0088,▲人兼有两种生命326波墨，人自发规定目的470，人发现自己267,326,1182,interp
part0088,▲人兼有两种生命326波墨，人自发规定目的470，人发现自己267,470,1301,interp
part0088,▲人兼有两种生命326波墨，人自发规定目的470，人发现自己267,267,1134,interp
part0088,——人的：定义463莱布尼茨，实质本性528，最内在东西527〔自身统一性〕，形,463,1296,term
part0088,——人的：定义463莱布尼茨，实质本性528，最内在东西527〔自身统一性〕，形,528,1360,term1
part0088,——人的：定义463莱布尼茨，实质本性528，最内在东西527〔自身统一性〕，形,527,1359,interp
part0088,——人的：定义463莱布尼茨，实质本性528，最内在东西527〔自身统一性〕，形,602,1425,term
part0088,——人的：定义463莱布尼茨，实质本性528，最内在东西527〔自身统一性〕，形,446,1283,term
part0088,——人的：定义463莱布尼茨，实质本性528，最内在东西527〔自身统一性〕，形,596,1420,term1
part0088,——人的：定义463莱布尼茨，实质本性528，最内在东西527〔自身统一性〕，形,518,1353,term
part0088,▲人的活动使自然返回自身652,652,1467,interp
part0088,▲自然人486、549〔和上帝〕，正直的人409，有灵感的人629，一般的人（M,486,1327,term
part0088,▲自然人486、549〔和上帝〕，正直的人409，有灵感的人629，一般的人（M,549,1383,term
part0088,▲自然人486、549〔和上帝〕，正直的人409，有灵感的人629，一般的人（M,409,1254,term
part0088,▲自然人486、549〔和上帝〕，正直的人409，有灵感的人629，一般的人（M,629,1448,interp
part0088,▲自然人486、549〔和上帝〕，正直的人409，有灵感的人629，一般的人（M,553,1387,term1
part0088,▲自然人486、549〔和上帝〕，正直的人409，有灵感的人629，一般的人（M,517,1352,term1
part0088,人格（Persönlichkeit/personality）：577，普遍的人格,577,1405,term
part0088,人格（Persönlichkeit/personality）：577，普遍的人格,547,1381,term1
part0088,人格（Persönlichkeit/personality）：577，普遍的人格,614,1435,term1
part0088,认识（Erkenntnis/knowledge）：625，（Wissen/k.）,625,1445,term
part0088,认识（Erkenntnis/knowledge）：625，（Wissen/k.）,286,1151,term
part0088,认识（Erkenntnis/knowledge）：625，（Wissen/k.）,546,1381,term
part0088,认识（Erkenntnis/knowledge）：625，（Wissen/k.）,575,1403,term
part0088,comprehension） 354、650，（Erkennen/cogniti,354,1211,interp
part0088,comprehension） 354、650，（Erkennen/cogniti,650,1466,interp
part0088,comprehension） 354、650，（Erkennen/cogniti,616,1437,interp
part0088,——认识无条件者意味着规定无条件者，推出规定575，认识中有自我意识环节286,575,1404,interp
part0088,——认识无条件者意味着规定无条件者，推出规定575，认识中有自我意识环节286,286,1151,interp
part0088,▲认识能力（Wahrnehmungsvermögen）547，认识方式（Erke,547,1382,term
part0088,▲认识能力（Wahrnehmungsvermögen）547，认识方式（Erke,404,1250,term
part0088,▲认识能力（Wahrnehmungsvermögen）547，认识方式（Erke,532,1364,term1
part0088,▲认识能力（Wahrnehmungsvermögen）547，认识方式（Erke,547,1381,term
part0088,▲认识起源学说499（经验）休谟,499,1338,interp
part0088,任意性（Willkür/arbitraoriness）：650,650,1466,term
part0088,肉体/肉身/身体（Leib/body）：273、344、396、547,273,1139,term
part0088,肉体/肉身/身体（Leib/body）：273、344、396、547,344,1203,interp
part0088,肉体/肉身/身体（Leib/body）：273、344、396、547,396,1244,term
part0088,肉体/肉身/身体（Leib/body）：273、344、396、547,547,1382,term
part0088,——肉体属于广延366笛卡尔,366,1220,term1
part0088,三位一体（Trinität，Dreieinigkeit/Trinity）：305,305,1165,term
part0088,三位一体（Trinität，Dreieinigkeit/Trinity）：305,531,1363,term
part0088,三重性（Dreifaltigkeit/three-fold）：305、322,305,1165,term
part0088,三重性（Dreifaltigkeit/three-fold）：305、322,322,1178,term
part0088,三一形式（die Form der Triplizität/the form o,567,1398,interp
part0088,三一形式（die Form der Triplizität/the form o,568,1398,interp
part0088,三一形式（die Form der Triplizität/the form o,610,1432,term1
part0088,善（Gut/Good）：273、302、405、435、465、472、482、,273,1139,interp
part0088,善（Gut/Good）：273、302、405、435、465、472、482、,302,1163,interp
part0088,善（Gut/Good）：273、302、405、435、465、472、482、,405,1251,interp
part0088,善（Gut/Good）：273、302、405、435、465、472、482、,435,1275,interp
part0088,善（Gut/Good）：273、302、405、435、465、472、482、,465,1297,interp
part0088,善（Gut/Good）：273、302、405、435、465、472、482、,472,1303,interp
part0088,善（Gut/Good）：273、302、405、435、465、472、482、,482,1311,interp
part0088,善（Gut/Good）：273、302、405、435、465、472、482、,507,1344,interp
part0088,善（Gut/Good）：273、302、405、435、465、472、482、,607,1429,interp
part0088,善意（Wohlwollen/benevolence）：518、590〔行为原则〕,518,1353,term
part0088,善意（Wohlwollen/benevolence）：518、590〔行为原则〕,590,1415,term
part0088,善意（Wohlwollen/benevolence）：518、590〔行为原则〕,505,1343,term
part0088,上帝（Gott/God）：611、646〔或大全〕、656,611,1433,term
part0088,上帝（Gott/God）：611、646〔或大全〕、656,646,1463,term
part0088,上帝（Gott/God）：611、646〔或大全〕、656,656,1471,term
part0088,——上帝是：第三个理念582康德，精神的唯一对象547，事情的最深远原因539，,582,1410,term
part0088,——上帝是：第三个理念582康德，精神的唯一对象547，事情的最深远原因539，,547,1381,term1
part0088,——上帝是：第三个理念582康德，精神的唯一对象547，事情的最深远原因539，,539,1374,term
part0088,——上帝是：第三个理念582康德，精神的唯一对象547，事情的最深远原因539，,583,1410,term
part0088,——上帝是：第三个理念582康德，精神的唯一对象547，事情的最深远原因539，,650,1466,term1
part0088,——上帝是：第三个理念582康德，精神的唯一对象547，事情的最深远原因539，,687,1495,term
part0088,——上帝是：第三个理念582康德，精神的唯一对象547，事情的最深远原因539，,547,1381,term
part0088,——上帝的：存在504奥斯瓦尔德，607康德，实在性583，规定548耶可比、6,504,1342,term
part0088,——上帝的：存在504奥斯瓦尔德，607康德，实在性583，规定548耶可比、6,607,1429,term
part0088,——上帝的：存在504奥斯瓦尔德，607康德，实在性583，规定548耶可比、6,583,1410,term
part0088,——上帝的：存在504奥斯瓦尔德，607康德，实在性583，规定548耶可比、6,548,1382,term
part0088,——上帝的：存在504奥斯瓦尔德，607康德，实在性583，规定548耶可比、6,608,1431,term
part0088,——上帝的：存在504奥斯瓦尔德，607康德，实在性583，规定548耶可比、6,547,1381,term
part0088,——上帝的：存在504奥斯瓦尔德，607康德，实在性583，规定548耶可比、6,677,1487,term
part0088,▲精神性的上帝547耶可比、655谢林,547,1381,term
part0088,▲精神性的上帝547耶可比、655谢林,655,1470,term
part0088,——上帝和：国王446,446,1283,term
part0088,▲对上帝的情感548，对上帝的爱636,548,1382,term1
part0088,▲对上帝的情感548，对上帝的爱636,636,1454,term1
part0088,设定者（das Setzende/the assertive）：625〔自我〕，,625,1445,term
part0088,设定者（das Setzende/the assertive）：625〔自我〕，,632,1450,term
part0088,设定者（das Setzende/the assertive）：625〔自我〕，,670,1481,term1
part0088,摄觉（Apperzeption/apperception）：460〔高级知觉〕莱,460,1294,term
part0088,摄觉（Apperzeption/apperception）：460〔高级知觉〕莱,566,1396,term
part0088,深度（Tiefe/depth）：353,353,1210,term
part0088,▲精神的深度684，自然的深度900,684,1493,term1
part0088,▲精神的深度684，自然的深度900,900,,none
part0088,——神是：世界的原因391，第一原因522，世界创立者464莱布尼茨，绝对的本体,391,1240,term
part0088,——神是：世界的原因391，第一原因522，世界创立者464莱布尼茨，绝对的本体,522,1355,term1
part0088,——神是：世界的原因391，第一原因522，世界创立者464莱布尼茨，绝对的本体,464,1297,interp
part0088,——神是：世界的原因391，第一原因522，世界创立者464莱布尼茨，绝对的本体,302,1163,term1
part0088,——神是：世界的原因391，第一原因522，世界创立者464莱布尼茨，绝对的本体,469,1301,interp
part0088,——神是：世界的原因391，第一原因522，世界创立者464莱布尼茨，绝对的本体,390,1239,term
part0088,——神是：世界的原因391，第一原因522，世界创立者464莱布尼茨，绝对的本体,355,1212,interp
part0088,——神是：世界的原因391，第一原因522，世界创立者464莱布尼茨，绝对的本体,472,1303,term1
part0088,——神是：世界的原因391，第一原因522，世界创立者464莱布尼茨，绝对的本体,492,1332,term
part0088,▲神帮助人认识412笛卡尔,412,1257,interp
part0088,——神的：本质性317，意志317，本性349，力量391，睿智521，智慧46,317,1174,interp
part0088,——神的：本质性317，意志317，本性349，力量391，睿智521，智慧46,317,1174,term
part0088,——神的：本质性317，意志317，本性349，力量391，睿智521，智慧46,349,1207,term
part0088,——神的：本质性317，意志317，本性349，力量391，睿智521，智慧46,391,1240,term
part0088,——神的：本质性317，意志317，本性349，力量391，睿智521，智慧46,521,1355,term1
part0088,——神的：本质性317，意志317，本性349，力量391，睿智521，智慧46,466,1298,term
part0088,——神的：本质性317，意志317，本性349，力量391，睿智521，智慧46,474,1305,term1
part0088,——神的：本质性317，意志317，本性349，力量391，睿智521，智慧46,354,1210,term
part0088,——神的：本质性317，意志317，本性349，力量391，睿智521，智慧46,635,1454,term
part0088,——神的：本质性317，意志317，本性349，力量391，睿智521，智慧46,273,1139,term
part0088,——神的：本质性317，意志317，本性349，力量391，睿智521，智慧46,390,1239,term
part0088,——神的：本质性317，意志317，本性349，力量391，睿智521，智慧46,304,1165,term
part0088,——神的：本质性317，意志317，本性349，力量391，睿智521，智慧46,498,1337,term
part0088,——神的：本质性317，意志317，本性349，力量391，睿智521，智慧46,302,1163,term
part0088,——神的：本质性317，意志317，本性349，力量391，睿智521，智慧46,349,1207,interp
part0088,——神的：本质性317，意志317，本性349，力量391，睿智521，智慧46,488,1329,interp
part0088,——神的：本质性317，意志317，本性349，力量391，睿智521，智慧46,347,1205,interp
part0088,——神的：本质性317，意志317，本性349，力量391，睿智521，智慧46,464,1297,interp
part0088,——神的：本质性317，意志317，本性349，力量391，睿智521，智慧46,353,1209,term
part0088,——神的：本质性317，意志317，本性349，力量391，睿智521，智慧46,403,1249,interp
part0088,▲不知道的神（unbekannter G.）521、608，理性的神483，潜藏,521,1355,term
part0088,▲不知道的神（unbekannter G.）521、608，理性的神483，潜藏,608,1430,term
part0088,▲不知道的神（unbekannter G.）521、608，理性的神483，潜藏,483,1312,term1
part0088,▲不知道的神（unbekannter G.）521、608，理性的神483，潜藏,313,1172,term
part0088,▲不知道的神（unbekannter G.）521、608，理性的神483，潜藏,301,1162,term
part0088,▲不知道的神（unbekannter G.）521、608，理性的神483，潜藏,487,1328,term1
part0088,▲不知道的神（unbekannter G.）521、608，理性的神483，潜藏,377,1229,interp
part0088,▲不知道的神（unbekannter G.）521、608，理性的神483，潜藏,471,1302,term1
part0088,▲不知道的神（unbekannter G.）521、608，理性的神483，潜藏,485,1327,term1
part0088,▲不知道的神（unbekannter G.）521、608，理性的神483，潜藏,314,1172,term
part0088,▲神创造表象492，神有特权理解不可理解的东西472,492,1333,interp
part0088,▲神创造表象492，神有特权理解不可理解的东西472,472,1303,interp
part0088,——神和：最完满世界453、465，魔鬼302、312波墨,453,1289,interp
part0088,——神和：最完满世界453、465，魔鬼302、312波墨,465,1297,interp
part0088,——神和：最完满世界453、465，魔鬼302、312波墨,302,1163,term
part0088,——神和：最完满世界453、465，魔鬼302、312波墨,312,1171,interp
part0088,▲对神的信仰514,514,1350,interp
part0088,——▲波墨从神出发274▲笛卡尔从神讲到自然402▲斯宾诺莎从神过渡到精神370,274,1140,interp
part0088,——▲波墨从神出发274▲笛卡尔从神讲到自然402▲斯宾诺莎从神过渡到精神370,402,1249,interp
part0088,——▲波墨从神出发274▲笛卡尔从神讲到自然402▲斯宾诺莎从神过渡到精神370,370,1223,interp
part0088,——▲波墨从神出发274▲笛卡尔从神讲到自然402▲斯宾诺莎从神过渡到精神370,492,1333,interp
part0088,神智学字（Theosophen/theosophist）：449,449,1286,interp
part0088,神学（Theologie/theology）：268、285、407、436,268,1135,term
part0088,神学（Theologie/theology）：268、285、407、436,285,1151,term
part0088,神学（Theologie/theology）：268、285、407、436,407,1252,term
part0088,神学（Theologie/theology）：268、285、407、436,436,1276,term
part0088,▲自然神学533，哲学神学（die philosophische Theolog,533,1364,term
part0088,▲自然神学533，哲学神学（die philosophische Theolog,328,1190,interp
part0088,▲自然神学533，哲学神学（die philosophische Theolog,329,1191,interp
part0088,生动性（Lebendigkeit）：307,307,1167,term
part0088,生命力（Lebendigkeit der Kraft/living nature,645,1463,term
part0088,生成（Werden/Becoming）：510、658,510,1347,term
part0088,生成（Werden/Becoming）：510、658,658,1472,term
part0088,生灭（Entstehen und Verschwinden/incessant ,520,1355,term1
part0088,圣经（Bibel/Bible；Heilige Schrift/Holy Scri,291,1155,term
part0088,圣经（Bibel/Bible；Heilige Schrift/Holy Scri,300,1161,term
part0088,圣经（Bibel/Bible；Heilige Schrift/Holy Scri,415,1259,term
part0088,圣经（Bibel/Bible；Heilige Schrift/Holy Scri,442,1280,term
part0088,圣化（Verklärung/glorification）：自然和现实的圣化288,288,1153,term1
part0088,实体（Substanz/substance）：范畴330斯宾诺莎,330,1192,term
part0088,——实体是：理智/知性范畴331、579，最后本体513斯宾诺莎，绝对418马勒,331,1192,term
part0088,——实体是：理智/知性范畴331、579，最后本体513斯宾诺莎，绝对418马勒,579,1406,term
part0088,——实体是：理智/知性范畴331、579，最后本体513斯宾诺莎，绝对418马勒,513,1349,term
part0088,——实体是：理智/知性范畴331、579，最后本体513斯宾诺莎，绝对418马勒,418,1261,term
part0088,——实体是：理智/知性范畴331、579，最后本体513斯宾诺莎，绝对418马勒,455,1290,term
part0088,——实体是：理智/知性范畴331、579，最后本体513斯宾诺莎，绝对418马勒,650,1466,term
part0088,▲实在（wirlich）的东西就是一种实体344，普遍物不是全体的实体（die ,344,1203,term
part0088,▲实在（wirlich）的东西就是一种实体344，普遍物不是全体的实体（die ,639,1457,interp
part0088,▲实在（wirlich）的东西就是一种实体344，普遍物不是全体的实体（die ,376,1228,term
part0088,——实体的：定义357笛卡尔、380斯宾诺莎，两个属性〔思维、广延〕，内容376,357,1213,term
part0088,——实体的：定义357笛卡尔、380斯宾诺莎，两个属性〔思维、广延〕，内容376,380,1231,term
part0088,——实体的：定义357笛卡尔、380斯宾诺莎，两个属性〔思维、广延〕，内容376,376,1228,term
part0088,——实体的：定义357笛卡尔、380斯宾诺莎，两个属性〔思维、广延〕，内容376,380,1231,interp
part0088,——实体的：定义357笛卡尔、380斯宾诺莎，两个属性〔思维、广延〕，内容376,348,1206,term
part0088,——实体的：定义357笛卡尔、380斯宾诺莎，两个属性〔思维、广延〕，内容376,418,1261,term
part0088,——实体的：定义357笛卡尔、380斯宾诺莎，两个属性〔思维、广延〕，内容376,380,1231,term
part0088,——实体的：定义357笛卡尔、380斯宾诺莎，两个属性〔思维、广延〕，内容376,348,1206,term
part0088,——实体的：定义357笛卡尔、380斯宾诺莎，两个属性〔思维、广延〕，内容376,385,1235,term
part0088,——实体的：定义357笛卡尔、380斯宾诺莎，两个属性〔思维、广延〕，内容376,650,1466,term
part0088,——实体的：定义357笛卡尔、380斯宾诺莎，两个属性〔思维、广延〕，内容376,456,1291,term1
part0088,——实体的：定义357笛卡尔、380斯宾诺莎，两个属性〔思维、广延〕，内容376,389,1238,interp
part0088,▲独立实体457，唯一实体373、376，绝对实体375、377、394、417,457,1292,interp
part0088,▲独立实体457，唯一实体373、376，绝对实体375、377、394、417,373,1225,interp
part0088,▲独立实体457，唯一实体373、376，绝对实体375、377、394、417,376,1228,interp
part0088,▲独立实体457，唯一实体373、376，绝对实体375、377、394、417,375,1227,term
part0088,▲独立实体457，唯一实体373、376，绝对实体375、377、394、417,377,1229,interp
part0088,▲独立实体457，唯一实体373、376，绝对实体375、377、394、417,394,1242,interp
part0088,▲独立实体457，唯一实体373、376，绝对实体375、377、394、417,417,1261,interp
part0088,▲独立实体457，唯一实体373、376，绝对实体375、377、394、417,420,1263,interp
part0088,▲独立实体457，唯一实体373、376，绝对实体375、377、394、417,347,1206,term1
part0088,▲独立实体457，唯一实体373、376，绝对实体375、377、394、417,386,1237,term
part0088,▲独立实体457，唯一实体373、376，绝对实体375、377、394、417,376,1228,interp
part0088,▲独立实体457，唯一实体373、376，绝对实体375、377、394、417,377,1229,interp
part0088,▲独立实体457，唯一实体373、376，绝对实体375、377、394、417,407,1252,interp
part0088,▲独立实体457，唯一实体373、376，绝对实体375、377、394、417,455,1291,interp
part0088,▲独立实体457，唯一实体373、376，绝对实体375、377、394、417,484,1313,interp
part0088,▲独立实体457，唯一实体373、376，绝对实体375、377、394、417,490,1331,interp
part0088,▲独立实体457，唯一实体373、376，绝对实体375、377、394、417,409,1254,term1
part0088,▲独立实体457，唯一实体373、376，绝对实体375、377、394、417,577,1405,term
part0088,▲独立实体457，唯一实体373、376，绝对实体375、377、394、417,358,1214,term1
part0088,▲独立实体457，唯一实体373、376，绝对实体375、377、394、417,688,1497,interp
part0088,▲独立实体457，唯一实体373、376，绝对实体375、377、394、417,388,1238,term
part0088,▲独立实体457，唯一实体373、376，绝对实体375、377、394、417,344,1203,term1
part0088,▲广延实体356、388，有形实体361，有限实体347，直接实体614，个体实,356,1212,term
part0088,▲广延实体356、388，有形实体361，有限实体347，直接实体614，个体实,388,1238,term
part0088,▲广延实体356、388，有形实体361，有限实体347，直接实体614，个体实,361,1216,term1
part0088,▲广延实体356、388，有形实体361，有限实体347，直接实体614，个体实,347,1206,term1
part0088,▲广延实体356、388，有形实体361，有限实体347，直接实体614，个体实,614,1436,interp
part0088,▲广延实体356、388，有形实体361，有限实体347，直接实体614，个体实,455,1291,interp
part0088,▲广延实体356、388，有形实体361，有限实体347，直接实体614，个体实,455,1291,interp
part0088,▲有生命的实体487，被创造的实体471莱布尼茨，没有运动的实体650〔上帝〕斯,487,1328,term1
part0088,▲有生命的实体487，被创造的实体471莱布尼茨，没有运动的实体650〔上帝〕斯,471,1302,term
part0088,▲有生命的实体487，被创造的实体471莱布尼茨，没有运动的实体650〔上帝〕斯,650,1466,term1
part0088,▲有生命的实体487，被创造的实体471莱布尼茨，没有运动的实体650〔上帝〕斯,346,1204,term
part0088,▲有生命的实体487，被创造的实体471莱布尼茨，没有运动的实体650〔上帝〕斯,376,1229,term
part0088,▲有生命的实体487，被创造的实体471莱布尼茨，没有运动的实体650〔上帝〕斯,395,1243,term1
part0088,——实体和：偶性347，属性385，任何事物418，认识688，实在性347,347,1206,term
part0088,——实体和：偶性347，属性385，任何事物418，认识688，实在性347,385,1235,term
part0088,——实体和：偶性347，属性385，任何事物418，认识688，实在性347,418,1261,term
part0088,——实体和：偶性347，属性385，任何事物418，认识688，实在性347,688,1496,term
part0088,——实体和：偶性347，属性385，任何事物418，认识688，实在性347,347,1205,term
part0088,——▲不能把“实体”用于羊群461莱布尼茨▲马勒伯朗士把实体当作真理418▲法国,461,1295,interp
part0088,——▲不能把“实体”用于羊群461莱布尼茨▲马勒伯朗士把实体当作真理418▲法国,418,1261,interp
part0088,——▲不能把“实体”用于羊群461莱布尼茨▲马勒伯朗士把实体当作真理418▲法国,487,1328,term1
part0088,——▲不能把“实体”用于羊群461莱布尼茨▲马勒伯朗士把实体当作真理418▲法国,417,1261,interp
part0088,——▲不能把“实体”用于羊群461莱布尼茨▲马勒伯朗士把实体当作真理418▲法国,490,1331,interp
part0088,——▲不能把“实体”用于羊群461莱布尼茨▲马勒伯朗士把实体当作真理418▲法国,650,1466,interp
part0088,——▲不能把“实体”用于羊群461莱布尼茨▲马勒伯朗士把实体当作真理418▲法国,665,1478,interp
part0088,实物（Real/reatity）和概念367〔神是二者统一〕笛卡尔，实在物（R.,367,1221,term
part0088,实物（Real/reatity）和概念367〔神是二者统一〕笛卡尔，实在物（R.,406,1252,term1
part0088,实物（Real/reatity）和概念367〔神是二者统一〕笛卡尔，实在物（R.,577,1405,term
part0088,——▲波墨把实物（Wirklichkeit/actuality）当概念301,301,1162,term
part0088,实有（die Entität/entity）：351笛卡尔,351,1209,term
part0088,实在性（Realität/reality）：信422,422,,skip
part0088,——实在就是存在（Seins/Being） 355,355,1212,term1
part0088,▲普遍的实在900斯宾诺莎，主体的实在性674，实体的实在性347，理念的实在性,900,,none
part0088,▲普遍的实在900斯宾诺莎，主体的实在性674，实体的实在性347，理念的实在性,674,1484,interp
part0088,▲普遍的实在900斯宾诺莎，主体的实在性674，实体的实在性347，理念的实在性,347,1205,interp
part0088,▲普遍的实在900斯宾诺莎，主体的实在性674，实体的实在性347，理念的实在性,577,1405,interp
part0088,▲普遍的实在900斯宾诺莎，主体的实在性674，实体的实在性347，理念的实在性,35,,none
part0088,▲普遍的实在900斯宾诺莎，主体的实在性674，实体的实在性347，理念的实在性,554,1388,interp
part0088,▲普遍的实在900斯宾诺莎，主体的实在性674，实体的实在性347，理念的实在性,406,1251,term1
part0088,▲普遍的实在900斯宾诺莎，主体的实在性674，实体的实在性347，理念的实在性,348,1206,term
part0088,▲普遍的实在900斯宾诺莎，主体的实在性674，实体的实在性347，理念的实在性,605,1428,interp
part0088,▲外界实在353，客观实在（Wirklichkeit） 354〔和主观认识对立〕,353,1210,term1
part0088,▲外界实在353，客观实在（Wirklichkeit） 354〔和主观认识对立〕,354,1210,term1
part0088,▲外界实在353，客观实在（Wirklichkeit） 354〔和主观认识对立〕,410,1255,interp
part0088,——实在的：基本环节468〔灵魂、形体〕莱布尼茨,468,1300,term
part0088,——实在和：否定性465〔二者对立〕，概念605〔二者直接统一〕，绝对本质614,465,1298,term
part0088,——实在和：否定性465〔二者对立〕，概念605〔二者直接统一〕，绝对本质614,605,1428,term
part0088,——实在和：否定性465〔二者对立〕，概念605〔二者直接统一〕，绝对本质614,614,1435,term
part0088,——实在和：否定性465〔二者对立〕，概念605〔二者直接统一〕，绝对本质614,348,1206,term
part0088,——实在和：否定性465〔二者对立〕，概念605〔二者直接统一〕，绝对本质614,615,1436,interp
part0088,——实在和：否定性465〔二者对立〕，概念605〔二者直接统一〕，绝对本质614,636,1454,term
part0088,——神的观念包含实在性（W.）900，概念加实在性就是真理354笛卡尔,900,,none
part0088,——神的观念包含实在性（W.）900，概念加实在性就是真理354笛卡尔,354,1210,term1
part0088,实在主义/论（Realismus/realism）：658，先验实在论646,658,1472,term1
part0088,实在主义/论（Realismus/realism）：658，先验实在论646,646,1463,interp
part0088,——知识学是实在论的636,636,1454,term1
part0088,——实在论的主要规定：自我思维、当前东西（das Gegenwärtige/th,270,1136,interp
part0088,实在世界（die reale Welt/the actual world）：67,677,1487,term
part0088,实行家（praktischer M.nner/practical men）：61,611,1433,term1
part0088,十字架（Kreuz）标志被设想为一切罪恶总汇和根源305,305,1166,interp
part0088,时间（Zeit/time）：434、465、496,434,1274,term
part0088,时间（Zeit/time）：434、465、496,465,1297,interp
part0088,时间（Zeit/time）：434、465、496,496,1336,term
part0088,▲时间概念433，不确定的时间403，特定的时间433,433,1273,interp
part0088,▲时间概念433，不确定的时间403，特定的时间433,403,1250,term1
part0088,▲时间概念433，不确定的时间403，特定的时间433,433,1273,term1
part0088,——时间不是事物581康德,581,1409,interp
part0088,世界观（Weltanschauung/conceptions of the wo,339,1199,term
part0088,things）642，329,642,1459,interp
part0088,things）642，329,329,1191,interp
part0088,——世界是：神的形式408斯宾诺莎，神圣本质的活动640费希特，一朵花615,408,1253,term
part0088,——世界是：神的形式408斯宾诺莎，神圣本质的活动640费希特，一朵花615,640,1457,term
part0088,——世界是：神的形式408斯宾诺莎，神圣本质的活动640费希特，一朵花615,615,1437,term1
part0088,▲世界以绝对精神为基础，向绝对精神的概念过渡484,484,1313,interp
part0088,▲具体世界267，形体世界389，现实世界（vorhandene w./pres,267,1134,interp
part0088,▲具体世界267，形体世界389，现实世界（vorhandene w./pres,389,1238,interp
part0088,▲具体世界267，形体世界389，现实世界（vorhandene w./pres,267,1134,interp
part0088,▲具体世界267，形体世界389，现实世界（vorhandene w./pres,507,1344,interp
part0088,▲具体世界267，形体世界389，现实世界（vorhandene w./pres,506,1343,interp
part0088,▲具体世界267，形体世界389，现实世界（vorhandene w./pres,582,1409,interp
part0088,▲具体世界267，形体世界389，现实世界（vorhandene w./pres,900,,none
part0088,▲具体世界267，形体世界389，现实世界（vorhandene w./pres,900,,none
part0088,▲具体世界267，形体世界389，现实世界（vorhandene w./pres,453,1289,interp
part0088,▲具体世界267，形体世界389，现实世界（vorhandene w./pres,465,1297,interp
part0088,▲具体世界267，形体世界389，现实世界（vorhandene w./pres,269,1135,term1
part0088,▲具体世界267，形体世界389，现实世界（vorhandene w./pres,597,1421,term
part0088,▲具体世界267，形体世界389，现实世界（vorhandene w./pres,678,1487,term
part0088,▲具体世界267，形体世界389，现实世界（vorhandene w./pres,598,1422,term
part0088,▲具体世界267，形体世界389，现实世界（vorhandene w./pres,276,1142,term
part0088,▲具体世界267，形体世界389，现实世界（vorhandene w./pres,470,1301,interp
part0088,▲具体世界267，形体世界389，现实世界（vorhandene w./pres,484,1313,term1
part0088,▲具体世界267，形体世界389，现实世界（vorhandene w./pres,453,1289,interp
part0088,▲具体世界267，形体世界389，现实世界（vorhandene w./pres,485,1313,interp
part0088,▲具体世界267，形体世界389，现实世界（vorhandene w./pres,453,1289,interp
part0088,▲思想世界687〔具体理念〕，思维世界（denkende W./intellig,687,1495,term1
part0088,▲思想世界687〔具体理念〕，思维世界（denkende W./intellig,389,1238,interp
part0088,▲思想世界687〔具体理念〕，思维世界（denkende W./intellig,269,1135,interp
part0088,▲思想世界687〔具体理念〕，思维世界（denkende W./intellig,276,1141,interp
part0088,▲思想世界687〔具体理念〕，思维世界（denkende W./intellig,271,1137,term
part0088,▲思想世界687〔具体理念〕，思维世界（denkende W./intellig,687,1495,term1
part0088,▲彼岸世界（Jenseitegem） 442，灵明世界，超感性世界598〔自然世,442,1280,term
part0088,▲彼岸世界（Jenseitegem） 442，灵明世界，超感性世界598〔自然世,598,1422,term
part0088,▲彼岸世界（Jenseitegem） 442，灵明世界，超感性世界598〔自然世,507,1344,interp
part0088,▲彼岸世界（Jenseitegem） 442，灵明世界，超感性世界598〔自然世,677,1487,term
part0088,▲彼岸世界（Jenseitegem） 442，灵明世界，超感性世界598〔自然世,680,1489,interp
part0088,▲彼岸世界（Jenseitegem） 442，灵明世界，超感性世界598〔自然世,683,1492,interp
part0088,▲彼岸世界（Jenseitegem） 442，灵明世界，超感性世界598〔自然世,678,1488,interp
part0088,▲世界一般（die W. überhaupt） 606、609,606,1429,term1
part0088,▲世界一般（die W. überhaupt） 606、609,609,1431,interp
part0088,——世界的：可理解性（Intellektualität/intellectual,687,1496,term
part0088,——世界的：可理解性（Intellektualität/intellectual,607,1429,term1
part0088,——世界的：可理解性（Intellektualität/intellectual,523,1356,interp
part0088,——世界的：可理解性（Intellektualität/intellectual,374,1226,term1
part0088,——世界的：可理解性（Intellektualität/intellectual,453,1289,term
part0088,——世界的：可理解性（Intellektualität/intellectual,351,1208,term
part0088,▲世界灵魂648，世界现象429，世界进程280,648,1465,term1
part0088,▲世界灵魂648，世界现象429，世界进程280,429,1271,term
part0088,▲世界灵魂648，世界现象429，世界进程280,280,1147,term
part0088,——世界和：神374,374,1226,interp
part0088,——▲沃尔夫为德国人规定意识世界479▲巴克莱对世界持平庸看法492▲笛卡尔说：,479,1309,interp
part0088,——▲沃尔夫为德国人规定意识世界479▲巴克莱对世界持平庸看法492▲笛卡尔说：,492,1333,interp
part0088,——▲沃尔夫为德国人规定意识世界479▲巴克莱对世界持平庸看法492▲笛卡尔说：,361,1216,interp
part0088,事物/东西/物（Ding/thing）：反例582〔时间、空间〕康德,582,1409,term
part0088,——事物是：知性范畴579，必然的理性理念577，独立东西413马勒伯朗士，物是,579,1406,term
part0088,——事物是：知性范畴579，必然的理性理念577，独立东西413马勒伯朗士，物是,577,1406,term1
part0088,——事物是：知性范畴579，必然的理性理念577，独立东西413马勒伯朗士，物是,413,1257,term
part0088,——事物是：知性范畴579，必然的理性理念577，独立东西413马勒伯朗士，物是,490,1331,interp
part0088,——事物是：知性范畴579，必然的理性理念577，独立东西413马勒伯朗士，物是,413,1257,term
part0088,▲事物在神中392斯宾诺莎,392,1241,interp
part0088,——事物的：差异391〔在样式〕斯宾诺莎，实在性407〔神所授予〕，自在性（da,391,1240,term
part0088,——事物的：差异391〔在样式〕斯宾诺莎，实在性407〔神所授予〕，自在性（da,407,1252,term
part0088,——事物的：差异391〔在样式〕斯宾诺莎，实在性407〔神所授予〕，自在性（da,553,1387,term
part0088,——事物的：差异391〔在样式〕斯宾诺莎，实在性407〔神所授予〕，自在性（da,438,1277,interp
part0088,——事物的：差异391〔在样式〕斯宾诺莎，实在性407〔神所授予〕，自在性（da,351,1208,interp
part0088,——事物的：差异391〔在样式〕斯宾诺莎，实在性407〔神所授予〕，自在性（da,434,1274,term
part0088,▲感性事物416〔和神、人的看、感觉〕、458、578康德，个别事物397〔互为,416,1259,term
part0088,▲感性事物416〔和神、人的看、感觉〕、458、578康德，个别事物397〔互为,458,1292,term
part0088,▲感性事物416〔和神、人的看、感觉〕、458、578康德，个别事物397〔互为,578,1406,interp
part0088,▲感性事物416〔和神、人的看、感觉〕、458、578康德，个别事物397〔互为,397,1244,term
part0088,▲感性事物416〔和神、人的看、感觉〕、458、578康德，个别事物397〔互为,367,1221,term
part0088,▲感性事物416〔和神、人的看、感觉〕、458、578康德，个别事物397〔互为,373,1225,interp
part0088,▲感性事物416〔和神、人的看、感觉〕、458、578康德，个别事物397〔互为,351,1208,interp
part0088,▲感性事物416〔和神、人的看、感觉〕、458、578康德，个别事物397〔互为,344,1203,interp
part0088,▲感性事物416〔和神、人的看、感觉〕、458、578康德，个别事物397〔互为,412,1257,interp
part0088,▲感性事物416〔和神、人的看、感觉〕、458、578康德，个别事物397〔互为,581,1409,interp
part0088,▲感性事物416〔和神、人的看、感觉〕、458、578康德，个别事物397〔互为,564,1395,interp
part0088,▲感性事物416〔和神、人的看、感觉〕、458、578康德，个别事物397〔互为,540,1375,interp
part0088,▲感性事物416〔和神、人的看、感觉〕、458、578康德，个别事物397〔互为,455,1291,interp
part0088,▲感性事物416〔和神、人的看、感觉〕、458、578康德，个别事物397〔互为,455,1291,interp
part0088,▲感性事物416〔和神、人的看、感觉〕、458、578康德，个别事物397〔互为,368,1222,interp
part0088,▲感性事物416〔和神、人的看、感觉〕、458、578康德，个别事物397〔互为,900,,none
part0088,▲感性事物416〔和神、人的看、感觉〕、458、578康德，个别事物397〔互为,320,1177,term1
part0088,——事物和：思维412〔神是二者的统一〕，马勒伯朗士,412,1256,term
part0088,——事物在神中是灵明的精神性的413，马勒伯朗士单子是万物本原466莱布尼茨,413,1257,interp
part0088,——事物在神中是灵明的精神性的413，马勒伯朗士单子是万物本原466莱布尼茨,466,1298,interp
part0088,——波墨把“事物”当作概念使用324,324,1180,interp
part0088,——事物的：生成（Werden/Becoming）和概念510〔有别于外在起源和,510,1347,term1
part0088,——事物的：生成（Werden/Becoming）和概念510〔有别于外在起源和,288,1153,term
part0088,▲广延的东西，思维的东西386〔神的属性〕，通常事物（gemeine Gewih,386,1236,term
part0088,▲广延的东西，思维的东西386〔神的属性〕，通常事物（gemeine Gewih,900,,none
part0088,▲广延的东西，思维的东西386〔神的属性〕，通常事物（gemeine Gewih,266,1133,term1
part0088,▲广延的东西，思维的东西386〔神的属性〕，通常事物（gemeine Gewih,900,,none
part0088,▲广延的东西，思维的东西386〔神的属性〕，通常事物（gemeine Gewih,437,1277,term1
part0088,▲事物本身（S. an sich） 349，一般事物（S. überhaupt）,349,1206,term
part0088,▲事物本身（S. an sich） 349，一般事物（S. überhaupt）,352,1209,term1
part0088,——神不抽象地考察事物406斯宾诺莎,406,1252,interp
part0088,事情（Sache）：实质402，理性的事情285培根,402,1249,term
part0088,事情（Sache）：实质402，理性的事情285培根,285,1150,term1
part0088,——我们不知道事情，只知道感觉573,573,1402,term
part0088,是和否（Ja und Nein/Yes and No）：320,320,1177,interp
part0088,属性（拉 Species）例：光明、猛烈310波墨,310,1170,term1
part0088,属性（Eigenschaft/property）： 309自然属性，（quali,309,1169,term
part0088,属性（Eigenschaft/property）： 309自然属性，（quali,288,1153,term
part0088,属性（Attribut/attribute）：384,384,1234,term
part0088,——属性不是自在的东西389斯宾诺莎,389,1238,term
part0088,▲思维属性389，广延属性390，精神属性546耶可比,389,1238,term
part0088,▲思维属性389，广延属性390，精神属性546耶可比,390,1239,interp
part0088,▲思维属性389，广延属性390，精神属性546耶可比,546,1381,term1
part0088,——每种属性有两个样式391,391,1240,interp
part0088,▲神的属性352，唯一实体的两种属性〔思维、广延〕389,352,1209,interp
part0088,▲神的属性352，唯一实体的两种属性〔思维、广延〕389,389,1239,term
part0088,▲思辨知识282，思辨兴趣473，思辨性质481,282,1148,interp
part0088,▲思辨知识282，思辨兴趣473，思辨性质481,473,1304,term1
part0088,▲思辨知识282，思辨兴趣473，思辨性质481,481,1311,term
part0088,▲思辨的东西481〔沃尔夫离之很远〕、640〔费希特哲学不包含〕、玄思的东西〔真,481,1310,term
part0088,▲思辨的东西481〔沃尔夫离之很远〕、640〔费希特哲学不包含〕、玄思的东西〔真,640,1458,term
part0088,▲思辨的东西481〔沃尔夫离之很远〕、640〔费希特哲学不包含〕、玄思的东西〔真,442,1280,term1
part0088,——▲贝尔、洛克缺乏玄思436,436,1276,interp
part0088,思辨的思维（spekulatives Denken/speculative th,657,1471,term
part0088,思辨的思维（spekulatives Denken/speculative th,661,1475,term
part0088,——▲笛卡尔从思维（不是思辨思维）开始332,332,1193,term
part0088,▲世界一切都受思维制约331▲思维表达绝对297▲真理、本质展现在思维中537，,297,1159,interp
part0088,▲世界一切都受思维制约331▲思维表达绝对297▲真理、本质展现在思维中537，,537,1373,interp
part0088,▲世界一切都受思维制约331▲思维表达绝对297▲真理、本质展现在思维中537，,663,1476,interp
part0088,——思维是：原则329、526〔法国人认识到〕，心灵本质428，精神性质430洛,329,1191,term
part0088,——思维是：原则329、526〔法国人认识到〕，心灵本质428，精神性质430洛,526,1359,interp
part0088,——思维是：原则329、526〔法国人认识到〕，心灵本质428，精神性质430洛,428,1269,interp
part0088,——思维是：原则329、526〔法国人认识到〕，心灵本质428，精神性质430洛,430,1271,interp
part0088,——思维是：原则329、526〔法国人认识到〕，心灵本质428，精神性质430洛,331,1193,term
part0088,——思维是：原则329、526〔法国人认识到〕，心灵本质428，精神性质430洛,343,1202,term
part0088,——思维是：原则329、526〔法国人认识到〕，心灵本质428，精神性质430洛,487,1328,interp
part0088,——思维是：原则329、526〔法国人认识到〕，心灵本质428，精神性质430洛,331,1193,term
part0088,——思维是：原则329、526〔法国人认识到〕，心灵本质428，精神性质430洛,546,1380,interp
part0088,——思维是：原则329、526〔法国人认识到〕，心灵本质428，精神性质430洛,341,1201,interp
part0088,——思维是：原则329、526〔法国人认识到〕，心灵本质428，精神性质430洛,429,1270,term1
part0088,——思维是：原则329、526〔法国人认识到〕，心灵本质428，精神性质430洛,510,1347,interp
part0088,——思维是：原则329、526〔法国人认识到〕，心灵本质428，精神性质430洛,487,1328,interp
part0088,——思维是：原则329、526〔法国人认识到〕，心灵本质428，精神性质430洛,361,1216,interp
part0088,——思维是：原则329、526〔法国人认识到〕，心灵本质428，精神性质430洛,553,1387,interp
part0088,——思维是：原则329、526〔法国人认识到〕，心灵本质428，精神性质430洛,617,1438,interp
part0088,——思维是：原则329、526〔法国人认识到〕，心灵本质428，精神性质430洛,617,1438,term
part0088,——思维是：原则329、526〔法国人认识到〕，心灵本质428，精神性质430洛,509,1346,term1
part0088,▲自我规定客体的进程就是思维637，思维不是由超出可能性以达到现实性的发展过程5,637,1455,interp
part0088,▲自我规定客体的进程就是思维637，思维不是由超出可能性以达到现实性的发展过程5,538,1374,interp
part0088,▲自我规定客体的进程就是思维637，思维不是由超出可能性以达到现实性的发展过程5,487,1328,interp
part0088,——思维的：任务483、对象449〔真理本质〕莱布尼茨、511〔绝对统一性〕，要,483,1312,term
part0088,——思维的：任务483、对象449〔真理本质〕莱布尼茨、511〔绝对统一性〕，要,449,1286,term
part0088,——思维的：任务483、对象449〔真理本质〕莱布尼茨、511〔绝对统一性〕，要,511,1348,interp
part0088,——思维的：任务483、对象449〔真理本质〕莱布尼茨、511〔绝对统一性〕，要,338,1199,term
part0088,——思维的：任务483、对象449〔真理本质〕莱布尼茨、511〔绝对统一性〕，要,538,1374,interp
part0088,——思维的：任务483、对象449〔真理本质〕莱布尼茨、511〔绝对统一性〕，要,538,1374,term
part0088,——思维的：任务483、对象449〔真理本质〕莱布尼茨、511〔绝对统一性〕，要,487,1329,term
part0088,——思维的：任务483、对象449〔真理本质〕莱布尼茨、511〔绝对统一性〕，要,270,1136,term
part0088,——思维的：任务483、对象449〔真理本质〕莱布尼茨、511〔绝对统一性〕，要,365,1219,interp
part0088,——思维的：任务483、对象449〔真理本质〕莱布尼茨、511〔绝对统一性〕，要,329,1191,interp
part0088,——思维的：任务483、对象449〔真理本质〕莱布尼茨、511〔绝对统一性〕，要,337,1198,interp
part0088,——思维的：任务483、对象449〔真理本质〕莱布尼茨、511〔绝对统一性〕，要,343,1202,interp
part0088,——思维的：任务483、对象449〔真理本质〕莱布尼茨、511〔绝对统一性〕，要,656,1471,interp
part0088,——思维的：任务483、对象449〔真理本质〕莱布尼茨、511〔绝对统一性〕，要,565,1396,term
part0088,——思维的：任务483、对象449〔真理本质〕莱布尼茨、511〔绝对统一性〕，要,482,1311,term
part0088,——思维的：任务483、对象449〔真理本质〕莱布尼茨、511〔绝对统一性〕，要,614,1436,term
part0088,——思维的：任务483、对象449〔真理本质〕莱布尼茨、511〔绝对统一性〕，要,376,1228,term1
part0088,——思维的：任务483、对象449〔真理本质〕莱布尼茨、511〔绝对统一性〕，要,534,1365,term
part0088,——思维的：任务483、对象449〔真理本质〕莱布尼茨、511〔绝对统一性〕，要,551,1385,interp
part0088,——思维的：任务483、对象449〔真理本质〕莱布尼茨、511〔绝对统一性〕，要,533,1364,term
part0088,——思维的：任务483、对象449〔真理本质〕莱布尼茨、511〔绝对统一性〕，要,538,1373,term
part0088,——思维的：任务483、对象449〔真理本质〕莱布尼茨、511〔绝对统一性〕，要,330,1192,interp
part0088,——思维的：任务483、对象449〔真理本质〕莱布尼茨、511〔绝对统一性〕，要,395,1243,term1
part0088,——思维的：任务483、对象449〔真理本质〕莱布尼茨、511〔绝对统一性〕，要,574,1403,term1
part0088,——思维的：任务483、对象449〔真理本质〕莱布尼茨、511〔绝对统一性〕，要,268,1134,term
part0088,——思维的：任务483、对象449〔真理本质〕莱布尼茨、511〔绝对统一性〕，要,329,1191,term
part0088,——思维的：任务483、对象449〔真理本质〕莱布尼茨、511〔绝对统一性〕，要,395,1243,term
part0088,——思维的：任务483、对象449〔真理本质〕莱布尼茨、511〔绝对统一性〕，要,412,1256,term
part0088,——思维的：任务483、对象449〔真理本质〕莱布尼茨、511〔绝对统一性〕，要,617,1438,term
part0088,——思维的：任务483、对象449〔真理本质〕莱布尼茨、511〔绝对统一性〕，要,389,1238,term
part0088,——思维的：任务483、对象449〔真理本质〕莱布尼茨、511〔绝对统一性〕，要,568,1398,term
part0088,▲思维给材料带来统一性573，我们认识思维先于有形体东西341，思维借有限规定进,573,1402,interp
part0088,▲思维给材料带来统一性573，我们认识思维先于有形体东西341，思维借有限规定进,341,1201,interp
part0088,▲思维给材料带来统一性573，我们认识思维先于有形体东西341，思维借有限规定进,551,1385,interp
part0088,——思维和：广延380、387〔神的属性〕、394、424、650笛卡尔、斯宾诺,380,1231,term
part0088,——思维和：广延380、387〔神的属性〕、394、424、650笛卡尔、斯宾诺,387,1237,interp
part0088,——思维和：广延380、387〔神的属性〕、394、424、650笛卡尔、斯宾诺,394,1242,interp
part0088,——思维和：广延380、387〔神的属性〕、394、424、650笛卡尔、斯宾诺,424,1267,interp
part0088,——思维和：广延380、387〔神的属性〕、394、424、650笛卡尔、斯宾诺,650,1466,interp
part0088,——思维和：广延380、387〔神的属性〕、394、424、650笛卡尔、斯宾诺,535,1371,term
part0088,——思维和：广延380、387〔神的属性〕、394、424、650笛卡尔、斯宾诺,368,1222,interp
part0088,——思维和：广延380、387〔神的属性〕、394、424、650笛卡尔、斯宾诺,388,1238,interp
part0088,——思维和：广延380、387〔神的属性〕、394、424、650笛卡尔、斯宾诺,339,1200,interp
part0088,——思维和：广延380、387〔神的属性〕、394、424、650笛卡尔、斯宾诺,267,1134,interp
part0088,——思维和：广延380、387〔神的属性〕、394、424、650笛卡尔、斯宾诺,270,1136,interp
part0088,——思维和：广延380、387〔神的属性〕、394、424、650笛卡尔、斯宾诺,269,1135,term
part0088,——思维和：广延380、387〔神的属性〕、394、424、650笛卡尔、斯宾诺,389,1238,interp
part0088,——思维和：广延380、387〔神的属性〕、394、424、650笛卡尔、斯宾诺,413,1257,interp
part0088,——思维和：广延380、387〔神的属性〕、394、424、650笛卡尔、斯宾诺,268,1135,term
part0088,——思维和：广延380、387〔神的属性〕、394、424、650笛卡尔、斯宾诺,331,1193,interp
part0088,——思维和：广延380、387〔神的属性〕、394、424、650笛卡尔、斯宾诺,275,1141,term
part0088,——思维和：广延380、387〔神的属性〕、394、424、650笛卡尔、斯宾诺,329,1191,term
part0088,——思维和：广延380、387〔神的属性〕、394、424、650笛卡尔、斯宾诺,484,1312,term
part0088,——思维和：广延380、387〔神的属性〕、394、424、650笛卡尔、斯宾诺,537,1373,interp
part0088,——思维和：广延380、387〔神的属性〕、394、424、650笛卡尔、斯宾诺,524,1357,term
part0088,——思维和：广延380、387〔神的属性〕、394、424、650笛卡尔、斯宾诺,487,1328,term
part0088,▲自在的思维（das D. an sich）657，自为的思维（das D. f,657,1471,term1
part0088,▲自在的思维（das D. an sich）657，自为的思维（das D. f,268,1135,interp
part0088,▲淳朴的思维268，有限理智的思维545，简单的思维/单纯的思维（einfach,268,1135,interp
part0088,▲淳朴的思维268，有限理智的思维545，简单的思维/单纯的思维（einfach,545,1380,term1
part0088,▲淳朴的思维268，有限理智的思维545，简单的思维/单纯的思维（einfach,554,1387,term
part0088,▲淳朴的思维268，有限理智的思维545，简单的思维/单纯的思维（einfach,568,1398,interp
part0088,▲淳朴的思维268，有限理智的思维545，简单的思维/单纯的思维（einfach,348,1206,term
part0088,▲淳朴的思维268，有限理智的思维545，简单的思维/单纯的思维（einfach,270,1136,term1
part0088,▲淳朴的思维268，有限理智的思维545，简单的思维/单纯的思维（einfach,328,1190,term
part0088,▲淳朴的思维268，有限理智的思维545，简单的思维/单纯的思维（einfach,331,1193,interp
part0088,▲淳朴的思维268，有限理智的思维545，简单的思维/单纯的思维（einfach,645,1462,interp
part0088,▲淳朴的思维268，有限理智的思维545，简单的思维/单纯的思维（einfach,376,1228,term
part0088,▲淳朴的思维268，有限理智的思维545，简单的思维/单纯的思维（einfach,681,1490,interp
part0088,▲淳朴的思维268，有限理智的思维545，简单的思维/单纯的思维（einfach,545,1380,term
part0088,▲淳朴的思维268，有限理智的思维545，简单的思维/单纯的思维（einfach,545,1380,term1
part0088,▲淳朴的思维268，有限理智的思维545，简单的思维/单纯的思维（einfach,331,1192,term1
part0088,▲淳朴的思维268，有限理智的思维545，简单的思维/单纯的思维（einfach,484,1313,term
part0088,▲淳朴的思维268，有限理智的思维545，简单的思维/单纯的思维（einfach,684,1493,interp
part0088,▲淳朴的思维268，有限理智的思维545，简单的思维/单纯的思维（einfach,657,1471,term1
part0088,▲淳朴的思维268，有限理智的思维545，简单的思维/单纯的思维（einfach,684,1493,term
part0088,▲淳朴的思维268，有限理智的思维545，简单的思维/单纯的思维（einfach,660,1473,term1
part0088,▲淳朴的思维268，有限理智的思维545，简单的思维/单纯的思维（einfach,657,1471,interp
part0088,▲淳朴的思维268，有限理智的思维545，简单的思维/单纯的思维（einfach,661,1474,interp
part0088,▲淳朴的思维268，有限理智的思维545，简单的思维/单纯的思维（einfach,577,1405,interp
part0088,▲淳朴的思维268，有限理智的思维545，简单的思维/单纯的思维（einfach,582,1409,interp
part0088,▲淳朴的思维268，有限理智的思维545，简单的思维/单纯的思维（einfach,661,1474,interp
part0088,▲淳朴的思维268，有限理智的思维545，简单的思维/单纯的思维（einfach,686,1495,interp
part0088,▲淳朴的思维268，有限理智的思维545，简单的思维/单纯的思维（einfach,557,1390,interp
part0088,▲淳朴的思维268，有限理智的思维545，简单的思维/单纯的思维（einfach,574,1403,interp
part0088,▲思维本身/作为思维的思维（das D. als D./th. as th.）2,266,1133,term1
part0088,▲思维本身/作为思维的思维（das D. als D./th. as th.）2,553,1387,term
part0088,▲思维本身/作为思维的思维（das D. als D./th. as th.）2,386,1236,term
part0088,——▲近代哲学的原则不是淳朴思维269▲唯心论认为一切在思维中272▲近代哲学以,269,1135,interp
part0088,——▲近代哲学的原则不是淳朴思维269▲唯心论认为一切在思维中272▲近代哲学以,272,1138,interp
part0088,——▲近代哲学的原则不是淳朴思维269▲唯心论认为一切在思维中272▲近代哲学以,331,1193,interp
part0088,——▲笛卡尔没感到需要从思维中发展出特定东西304▲牛顿无异说：科学，谨防思维啊,304,1165,interp
part0088,——▲笛卡尔没感到需要从思维中发展出特定东西304▲牛顿无异说：科学，谨防思维啊,447,1284,interp
part0088,——▲笛卡尔没感到需要从思维中发展出特定东西304▲牛顿无异说：科学，谨防思维啊,487,1329,term
part0088,思维规定/思维范畴（Denkbestimmung/thought-determi,558,1390,term
part0088,▲思维的理智用自己的纯粹思维范畴找各种对立联合274，哲学变换关于自然的,274,1140,interp
part0088,  思维规定673、思维范畴（die kategorien des Denken,673,1483,term
part0088,  思维规定673、思维范畴（die kategorien des Denken,653,1468,interp
part0088,——思维规定只有普遍性、统一性的规定558,558,1390,term
part0088,▲简单的思维规定506〔未得到辩证考察〕，纯粹思维范畴274，普遍思维规定566,506,1343,term1
part0088,▲简单的思维规定506〔未得到辩证考察〕，纯粹思维范畴274，普遍思维规定566,274,1140,interp
part0088,▲简单的思维规定506〔未得到辩证考察〕，纯粹思维范畴274，普遍思维规定566,566,1397,interp
part0088,▲简单的思维规定506〔未得到辩证考察〕，纯粹思维范畴274，普遍思维规定566,568,1398,interp
part0088,▲简单的思维规定506〔未得到辩证考察〕，纯粹思维范畴274，普遍思维规定566,573,1403,term1
part0088,——思维规定的：必然性627〔费希特揭示〕,627,1446,term
part0088,——▲费希特从自我构成各种思维规定618,618,1439,interp
part0088,思维的形式（die Form des Denkens/the form of t,576,1404,interp
part0088,思维的形式（die Form des Denkens/the form of t,540,1375,interp
part0088,▲实体一次以思维形式表现387、389，我们对思维形式有真正概念540斯宾诺莎,387,1237,interp
part0088,▲实体一次以思维形式表现387、389，我们对思维形式有真正概念540斯宾诺莎,389,1238,interp
part0088,▲实体一次以思维形式表现387、389，我们对思维形式有真正概念540斯宾诺莎,540,1375,interp
part0088,▲理性只有思维形式576，自在思维取得思维形式657谢林,576,1404,interp
part0088,▲理性只有思维形式576，自在思维取得思维形式657谢林,657,1471,interp
part0088,——思维形式和：自我意识487,487,1329,term
part0088,▲正例：289共相，456创造〔需进一步规定〕，673力、规律,289,1154,interp
part0088,▲正例：289共相，456创造〔需进一步规定〕，673力、规律,456,1291,interp
part0088,▲正例：289共相，456创造〔需进一步规定〕，673力、规律,673,1483,interp
part0088,▲反例：526欲望、内在直观，674神经、收缩极、阳性的,526,1359,interp
part0088,▲反例：526欲望、内在直观，674神经、收缩极、阳性的,674,1484,interp
part0088,▲思想表达统一性302、565▲思想把特殊、偶然性抛弃550▲思想扬弃主观性，表,302,1163,interp
part0088,▲思想表达统一性302、565▲思想把特殊、偶然性抛弃550▲思想扬弃主观性，表,565,1396,interp
part0088,▲思想表达统一性302、565▲思想把特殊、偶然性抛弃550▲思想扬弃主观性，表,550,1384,interp
part0088,▲思想表达统一性302、565▲思想把特殊、偶然性抛弃550▲思想扬弃主观性，表,585,1412,interp
part0088,▲思想表达统一性302、565▲思想把特殊、偶然性抛弃550▲思想扬弃主观性，表,564,1395,interp
part0088,▲思想表达统一性302、565▲思想把特殊、偶然性抛弃550▲思想扬弃主观性，表,469,1301,interp
part0088,▲思想表达统一性302、565▲思想把特殊、偶然性抛弃550▲思想扬弃主观性，表,656,1471,term1
part0088,▲哲学注重思想674,674,1484,interp
part0088,——思想是：具有自在存在而没有自为存在的东西484，本身不是内容526，自己固有,484,1313,interp
part0088,——思想是：具有自在存在而没有自为存在的东西484，本身不是内容526，自己固有,526,1359,interp
part0088,——思想是：具有自在存在而没有自为存在的东西484，本身不是内容526，自己固有,476,1306,term
part0088,——思想是：具有自在存在而没有自为存在的东西484，本身不是内容526，自己固有,389,1238,interp
part0088,▲思想〔信仰自由、良心自由〕被抬高为〔法国〕人民的旗帜526,526,1359,term1
part0088,▲感性知觉的推理不把任何东西当作一个思想去思维493，抽象思想不把思想当作主观思,493,1333,interp
part0088,▲感性知觉的推理不把任何东西当作一个思想去思维493，抽象思想不把思想当作主观思,686,1495,interp
part0088,▲感性知觉的推理不把任何东西当作一个思想去思维493，抽象思想不把思想当作主观思,653,1468,interp
part0088,▲感性知觉的推理不把任何东西当作一个思想去思维493，抽象思想不把思想当作主观思,380,1231,interp
part0088,——思想的：最初形式684〔思维的思维〕，环节476〔属于自我意识〕，类型673,684,1493,interp
part0088,——思想的：最初形式684〔思维的思维〕，环节476〔属于自我意识〕，类型673,476,1306,term
part0088,——思想的：最初形式684〔思维的思维〕，环节476〔属于自我意识〕，类型673,673,1484,term
part0088,——思想的：最初形式684〔思维的思维〕，环节476〔属于自我意识〕，类型673,297,1160,term1
part0088,——思想的：最初形式684〔思维的思维〕，环节476〔属于自我意识〕，类型673,600,1424,term
part0088,——思想的：最初形式684〔思维的思维〕，环节476〔属于自我意识〕，类型673,681,1490,term1
part0088,——思想的：最初形式684〔思维的思维〕，环节476〔属于自我意识〕，类型673,437,1276,term
part0088,——思想的：最初形式684〔思维的思维〕，环节476〔属于自我意识〕，类型673,330,1192,interp
part0088,——思想的：最初形式684〔思维的思维〕，环节476〔属于自我意识〕，类型673,585,1412,interp
part0088,——思想的：最初形式684〔思维的思维〕，环节476〔属于自我意识〕，类型673,606,1429,term
part0088,▲思想之光686，思想的步伐472，思想起源说336洛克,686,1495,term1
part0088,▲思想之光686，思想的步伐472，思想起源说336洛克,472,1303,interp
part0088,▲思想之光686，思想的步伐472，思想起源说336洛克,336,1197,interp
part0088,▲思想属性389，思想样式388，思想规定608,389,1238,term1
part0088,▲思想属性389，思想样式388，思想规定608,388,1238,term1
part0088,▲思想属性389，思想样式388，思想规定608,608,1430,interp
part0088,▲内在思想330，单纯思想481，客观的思想493康德，具体的思想653〔包含物,330,1191,term1
part0088,▲内在思想330，单纯思想481，客观的思想493康德，具体的思想653〔包含物,481,1310,term1
part0088,▲内在思想330，单纯思想481，客观的思想493康德，具体的思想653〔包含物,493,1333,term1
part0088,▲内在思想330，单纯思想481，客观的思想493康德，具体的思想653〔包含物,653,1468,term1
part0088,▲内在思想330，单纯思想481，客观的思想493康德，具体的思想653〔包含物,684,1493,term1
part0088,▲内在思想330，单纯思想481，客观的思想493康德，具体的思想653〔包含物,653,1468,term1
part0088,▲内在思想330，单纯思想481，客观的思想493康德，具体的思想653〔包含物,484,1313,term
part0088,▲内在思想330，单纯思想481，客观的思想493康德，具体的思想653〔包含物,565,1396,term1
part0088,▲内在思想330，单纯思想481，客观的思想493康德，具体的思想653〔包含物,478,1308,interp
part0088,▲内在思想330，单纯思想481，客观的思想493康德，具体的思想653〔包含物,687,1495,term1
part0088,▲内在思想330，单纯思想481，客观的思想493康德，具体的思想653〔包含物,611,1433,term
part0088,——思想和：感情等的对立525，形体388〔形体不决定思想，思想也不决定形体〕斯,525,1358,interp
part0088,——思想和：感情等的对立525，形体388〔形体不决定思想，思想也不决定形体〕斯,388,1238,term
part0088,——思想中：有确定的东西484，自我意识来到思想里484，自在真理和正义不在思想,484,1313,interp
part0088,——思想中：有确定的东西484，自我意识来到思想里484，自在真理和正义不在思想,484,1313,term1
part0088,——思想中：有确定的东西484，自我意识来到思想里484，自在真理和正义不在思想,500,1338,interp
part0088,——思想中：有确定的东西484，自我意识来到思想里484，自在真理和正义不在思想,684,1493,interp
part0088,——▲爱尔维修把思想内容归结为感觉525▲抽象形而上学从思想里取得简单思维规定的,525,1358,interp
part0088,——▲爱尔维修把思想内容归结为感觉525▲抽象形而上学从思想里取得简单思维规定的,506,1343,interp
part0088,——▲爱尔维修把思想内容归结为感觉525▲抽象形而上学从思想里取得简单思维规定的,652,1467,interp
part0088,——▲爱尔维修把思想内容归结为感觉525▲抽象形而上学从思想里取得简单思维规定的,653,1468,interp
part0088,▲正例：556可能性、现实性、上帝,556,1389,interp
part0088,▲反例：668〔主观和客观的优势式偏重〕谢林，空间、时间564,668,1480,interp
part0088,▲反例：668〔主观和客观的优势式偏重〕谢林，空间、时间564,564,1395,term
part0088,——思想规定的：客观性500〔休谟抛弃〕，普遍性和必然性556〔休谟反对〕，有限,500,1338,term
part0088,——思想规定的：客观性500〔休谟抛弃〕，普遍性和必然性556〔休谟反对〕，有限,556,1389,term
part0088,——思想规定的：客观性500〔休谟抛弃〕，普遍性和必然性556〔休谟反对〕，有限,556,1389,term
part0088,——思想规定的：客观性500〔休谟抛弃〕，普遍性和必然性556〔休谟反对〕，有限,686,1494,term1
part0088,——思想规定的：客观性500〔休谟抛弃〕，普遍性和必然性556〔休谟反对〕，有限,558,1390,term
part0088,——思想规定的：客观性500〔休谟抛弃〕，普遍性和必然性556〔休谟反对〕，有限,336,1197,term
part0088,▲固定的思想规定439〔怀疑论混淆之〕，普遍的思想范畴、有限的思想范畴〔不在通常,439,1278,interp
part0088,▲固定的思想规定439〔怀疑论混淆之〕，普遍的思想范畴、有限的思想范畴〔不在通常,656,1471,interp
part0088,▲固定的思想规定439〔怀疑论混淆之〕，普遍的思想范畴、有限的思想范畴〔不在通常,656,1471,term1
part0088,▲固定的思想规定439〔怀疑论混淆之〕，普遍的思想范畴、有限的思想范畴〔不在通常,569,1399,term1
part0088,▲固定的思想规定439〔怀疑论混淆之〕，普遍的思想范畴、有限的思想范畴〔不在通常,608,1430,interp
part0088,——▲形而上学思维使思想规定以理智规定为据556门德尔松▲波墨不用思想规定，用感,556,1389,interp
part0088,——▲形而上学思维使思想规定以理智规定为据556门德尔松▲波墨不用思想规定，用感,301,1163,interp
part0088,——▲形而上学思维使思想规定以理智规定为据556门德尔松▲波墨不用思想规定，用感,673,1483,interp
part0088,——▲形而上学思维使思想规定以理智规定为据556门德尔松▲波墨不用思想规定，用感,439,1278,interp
part0088,——▲形而上学思维使思想规定以理智规定为据556门德尔松▲波墨不用思想规定，用感,656,1471,interp
part0088,思想的形式（Gedankenform/thought-form）例：力289,289,1154,interp
part0088,▲思辨真理是用思想形式掌握的301,301,1163,interp
part0088,——思想形式和：具体内容526，思想规定301,526,1359,interp
part0088,——思想形式和：具体内容526，思想规定301,301,1163,term
part0088,▲思想形式系统的外在存在方式和意识形式673〔自然和精神〕,673,1483,interp
part0088,——▲亚历山大里亚派用思想形式充实神话268▲波墨缺乏思想形式301▲沃尔夫把内,268,1135,interp
part0088,——▲亚历山大里亚派用思想形式充实神话268▲波墨缺乏思想形式301▲沃尔夫把内,301,1163,interp
part0088,——▲亚历山大里亚派用思想形式充实神话268▲波墨缺乏思想形式301▲沃尔夫把内,479,1309,interp
part0088,——▲亚历山大里亚派用思想形式充实神话268▲波墨缺乏思想形式301▲沃尔夫把内,481,1310,interp
part0088,宿命论（Fatalismus/fatalism）：539,539,1374,term1
part0088,——他物是：对象（Objekt） 491巴克莱，现实410、客观实在性（gege,491,1331,term
part0088,——他物是：对象（Objekt） 491巴克莱，现实410、客观实在性（gege,410,1255,interp
part0088,——他物是：对象（Objekt） 491巴克莱，现实410、客观实在性（gege,614,1435,term
part0088,——他物是：对象（Objekt） 491巴克莱，现实410、客观实在性（gege,615,1436,term
part0088,——他物是：对象（Objekt） 491巴克莱，现实410、客观实在性（gege,472,1303,term
part0088,▲自我意识的对方410，意识的对方615，意识的他物614，被把握住了他的物61,410,1255,interp
part0088,▲自我意识的对方410，意识的对方615，意识的他物614，被把握住了他的物61,615,1436,interp
part0088,▲自我意识的对方410，意识的对方615，意识的他物614，被把握住了他的物61,614,1436,interp
part0088,▲自我意识的对方410，意识的对方615，意识的他物614，被把握住了他的物61,615,1436,interp
part0088,▲带被动的他物471，肉体以外的他物390,471,1302,interp
part0088,▲带被动的他物471，肉体以外的他物390,390,1239,interp
part0088,▲他物本身也是表象者491巴克莱,491,1332,term1
part0088, 精神在自然界中是自身的他物615,615,1436,interp
part0088,——他物的：原因379〔自因〕,379,1230,term
part0088,▲他物派生自然637费希特，神不为他物所决定390,637,1455,interp
part0088,▲他物派生自然637费希特，神不为他物所决定390,390,1239,interp
part0088,——他物和：单子457,457,1292,term
part0088,▲在他物内400，为他物而存在553,400,1247,term
part0088,▲在他物内400，为他物而存在553,553,1387,term
part0088,——▲巴克莱认为莱布尼茨的他物是多余的491,491,1332,interp
part0088,太一（Ein/One）：神圣太一314，永恒太一409；320,314,1172,term1
part0088,太一（Ein/One）：神圣太一314，永恒太一409；320,409,1254,term
part0088,太一（Ein/One）：神圣太一314，永恒太一409；320,320,1176,term
part0088,▲实在论从特定东西到共相、规律271,271,1137,interp
part0088,▲唯心论从理念到特定东西272,272,1138,interp
part0088,特殊的东西（Besonderes/particular）和外在理智393,393,1241,term
part0088,特殊事物（Besonderes/particular）和普遍的东西598，（Pa,598,1422,term
part0088,特殊事物（Besonderes/particular）和普遍的东西598，（Pa,283,1149,term
part0088,特殊性（Partikularität/particularity）：（Beson,609,1431,term
part0088,▲特殊性要自觉发展283，知识内容的特殊性要发挥出来282,283,1149,interp
part0088,▲特殊性要自觉发展283，知识内容的特殊性要发挥出来282,282,1148,interp
part0088,特殊者（Besonderes）：普遍者先于特殊者413马勒伯朗士；270、381,413,1257,term1
part0088,特殊者（Besonderes）：普遍者先于特殊者413马勒伯朗士；270、381,270,1136,interp
part0088,特殊者（Besonderes）：普遍者先于特殊者413马勒伯朗士；270、381,381,1232,term
part0088,特殊者（Besonderes）：普遍者先于特殊者413马勒伯朗士；270、381,463,1296,term
part0088,天赋观念（拉ideae innate ‖ angeborene Idee/inn,330,1192,term
part0088,天赋观念（拉ideae innate ‖ angeborene Idee/inn,425,1267,term
part0088,——天赋观念是：永恒真理356、366笛卡尔，普遍自在自为观念425，不好名词3,356,1212,term
part0088,——天赋观念是：永恒真理356、366笛卡尔，普遍自在自为观念425，不好名词3,366,1220,term
part0088,——天赋观念是：永恒真理356、366笛卡尔，普遍自在自为观念425，不好名词3,425,1267,term
part0088,——天赋观念是：永恒真理356、366笛卡尔，普遍自在自为观念425，不好名词3,357,1213,interp
part0088,——天赋观念是：永恒真理356、366笛卡尔，普遍自在自为观念425，不好名词3,366,1220,term
part0088,▲天赋原则425,425,1267,term
part0088,▲本性是天赋的505西塞罗▲观念不是天赋的412马勒伯朗士,505,1342,term1
part0088,▲本性是天赋的505西塞罗▲观念不是天赋的412马勒伯朗士,412,1257,interp
part0088,——▲洛克驳斥天赋观念425▲和莱布尼茨争论366▲休谟抛弃天赋观念494,425,1267,interp
part0088,——▲洛克驳斥天赋观念425▲和莱布尼茨争论366▲休谟抛弃天赋观念494,366,1220,interp
part0088,——▲洛克驳斥天赋观念425▲和莱布尼茨争论366▲休谟抛弃天赋观念494,494,1334,interp
part0088,天赋印象（angeborene Impressionen/inborn impr,427,1269,term1
part0088,天启/启示（Offenbarung/revelation）：593,593,1418,term
part0088,▲神学意义的天启和弗里斯的直接知识（天启）544,544,1379,interp
part0088,▲直接条件540，必要条件〔拉conditio sine qua non〕466,540,1375,term1
part0088,▲直接条件540，必要条件〔拉conditio sine qua non〕466,466,1298,term1
part0088,▲直接条件540，必要条件〔拉conditio sine qua non〕466,541,1375,term1
part0088,▲有条件者（Bedingten/the conditioned）541，无条件者,541,1376,term
part0088, 352、582、648,352,1209,interp
part0088, 352、582、648,582,1409,interp
part0088, 352、582、648,648,1464,interp
part0088,——恶是善的必要条件466,466,1298,interp
part0088,调和（拉 Temperamento ‖ Temperament/temperam,313,1172,term1
part0088,reconcile） 372、659,372,1225,interp
part0088,reconcile） 372、659,659,1473,interp
part0088,〔例〕▲思维、存在340、345、394，思维、自然389（神）斯宾诺莎，思维、,340,1200,interp
part0088,〔例〕▲思维、存在340、345、394，思维、自然389（神）斯宾诺莎，思维、,345,1204,interp
part0088,〔例〕▲思维、存在340、345、394，思维、自然389（神）斯宾诺莎，思维、,394,1242,interp
part0088,〔例〕▲思维、存在340、345、394，思维、自然389（神）斯宾诺莎，思维、,389,1238,interp
part0088,〔例〕▲思维、存在340、345、394，思维、自然389（神）斯宾诺莎，思维、,275,1141,interp
part0088,▲主观、客观644〔绝对者理念〕谢林,644,1461,interp
part0088,▲善恶405斯宾诺莎，善、实在607，神、自然389,405,1251,term1
part0088,▲善恶405斯宾诺莎，善、实在607，神、自然389,607,1429,interp
part0088,▲善恶405斯宾诺莎，善、实在607，神、自然389,389,1238,interp
part0088,▲同一性是具体的，既是主观性又是客观性662,662,1475,term1
part0088,——同一性是：主客观绝对无别664,664,1477,interp
part0088,▲无别就是同一性665,665,1478,interp
part0088,——同一性的：客观化660〔艺术〕谢林,660,1474,term
part0088,▲同一的东西417，绝对同一者/绝对同一660、666〔直观〕，绝对（纯粹无疵的,417,1261,interp
part0088,▲同一的东西417，绝对同一者/绝对同一660、666〔直观〕，绝对（纯粹无疵的,660,1473,term1
part0088,▲同一的东西417，绝对同一者/绝对同一660、666〔直观〕，绝对（纯粹无疵的,666,1478,interp
part0088,▲同一的东西417，绝对同一者/绝对同一660、666〔直观〕，绝对（纯粹无疵的,664,1477,term
part0088,▲同一的东西417，绝对同一者/绝对同一660、666〔直观〕，绝对（纯粹无疵的,665,1477,term
part0088,▲同一的东西417，绝对同一者/绝对同一660、666〔直观〕，绝对（纯粹无疵的,368,1222,term1
part0088,▲同一的东西417，绝对同一者/绝对同一660、666〔直观〕，绝对（纯粹无疵的,658,1472,interp
part0088,▲同一的东西417，绝对同一者/绝对同一660、666〔直观〕，绝对（纯粹无疵的,307,1167,term1
part0088,▲同一的东西417，绝对同一者/绝对同一660、666〔直观〕，绝对（纯粹无疵的,417,1261,term1
part0088,▲同一的东西417，绝对同一者/绝对同一660、666〔直观〕，绝对（纯粹无疵的,620,1440,term1
part0088,▲同一的东西417，绝对同一者/绝对同一660、666〔直观〕，绝对（纯粹无疵的,592,1417,term
part0088,▲同一的东西417，绝对同一者/绝对同一660、666〔直观〕，绝对（纯粹无疵的,620,1441,term
part0088,▲同一的东西417，绝对同一者/绝对同一660、666〔直观〕，绝对（纯粹无疵的,661,1475,term1
part0088,▲同一的东西417，绝对同一者/绝对同一660、666〔直观〕，绝对（纯粹无疵的,659,1473,term
part0088,▲原始的同一性648〔自我〕谢林，单纯的同一性（bloße I./mere i.,648,1464,term1
part0088,▲原始的同一性648〔自我〕谢林，单纯的同一性（bloße I./mere i.,394,1242,interp
part0088,▲原始的同一性648〔自我〕谢林，单纯的同一性（bloße I./mere i.,621,1441,term1
part0088,▲自己与自己的同一性591，自身同一的东西〔实体〕，自身同一（selbst gl,591,1417,interp
part0088,▲自己与自己的同一性591，自身同一的东西〔实体〕，自身同一（selbst gl,620,1440,term
part0088,▲自己与自己的同一性591，自身同一的东西〔实体〕，自身同一（selbst gl,343,1202,term1
part0088,▲自己与自己的同一性591，自身同一的东西〔实体〕，自身同一（selbst gl,553,1387,term1
part0088,▲自己与自己的同一性591，自身同一的东西〔实体〕，自身同一（selbst gl,579,1407,interp
part0088,▲自己与自己的同一性591，自身同一的东西〔实体〕，自身同一（selbst gl,663,1476,interp
part0088,同一哲学（Identitatssystem/system of identity,413,1257,term1
part0088,——▲洛克的推演〔从经验派生普遍观念〕是空洞的同语反复433▲普遍原则、公理是同,433,1273,term
part0088,——▲洛克的推演〔从经验派生普遍观念〕是空洞的同语反复433▲普遍原则、公理是同,436,1276,term
part0088,——▲洛克的推演〔从经验派生普遍观念〕是空洞的同语反复433▲普遍原则、公理是同,455,1291,term
part0088,——▲洛克的推演〔从经验派生普遍观念〕是空洞的同语反复433▲普遍原则、公理是同,463,1297,term1
part0088,痛苦（Qual/pain）：317、307波墨,317,1174,term
part0088,痛苦（Qual/pain）：317、307波墨,307,1167,term
part0088,〔例〕▲存在、广延389，自在、自为存在610康德,389,1238,term
part0088,〔例〕▲存在、广延389，自在、自为存在610康德,610,1432,term
part0088,▲思维、广延532〔神〕，事物、思维412〔神〕马勒伯朗士，概念、存在399，思,532,1363,interp
part0088,▲思维、广延532〔神〕，事物、思维412〔神〕马勒伯朗士，概念、存在399，思,412,1257,interp
part0088,▲思维、广延532〔神〕，事物、思维412〔神〕马勒伯朗士，概念、存在399，思,399,1246,interp
part0088,▲思维、广延532〔神〕，事物、思维412〔神〕马勒伯朗士，概念、存在399，思,345,1204,interp
part0088,▲思维、广延532〔神〕，事物、思维412〔神〕马勒伯朗士，概念、存在399，思,350,1208,interp
part0088,▲思维、广延532〔神〕，事物、思维412〔神〕马勒伯朗士，概念、存在399，思,533,1364,interp
part0088,▲思维、广延532〔神〕，事物、思维412〔神〕马勒伯朗士，概念、存在399，思,538,1373,term
part0088,▲思维、广延532〔神〕，事物、思维412〔神〕马勒伯朗士，概念、存在399，思,551,1384,term
part0088,▲思维、广延532〔神〕，事物、思维412〔神〕马勒伯朗士，概念、存在399，思,583,1410,term
part0088,▲思维、广延532〔神〕，事物、思维412〔神〕马勒伯朗士，概念、存在399，思,585,1412,interp
part0088,▲观念、实物367〔神〕笛卡尔，概念、实在551、605,367,1221,interp
part0088,▲观念、实物367〔神〕笛卡尔，概念、实在551、605,551,1385,interp
part0088,▲观念、实物367〔神〕笛卡尔，概念、实在551、605,605,1428,interp
part0088,▲自在物、自我意识487，形体、意识394斯宾诺莎，灵魂、形体467,487,1328,interp
part0088,▲自在物、自我意识487，形体、意识394斯宾诺莎，灵魂、形体467,394,1242,interp
part0088,▲自在物、自我意识487，形体、意识394斯宾诺莎，灵魂、形体467,467,1299,interp
part0088,▲人意志、变心〔行动〕472〔他物形式〕，思维、神学268，可能性、现实性464,472,1303,interp
part0088,▲人意志、变心〔行动〕472〔他物形式〕，思维、神学268，可能性、现实性464,268,1135,interp
part0088,▲人意志、变心〔行动〕472〔他物形式〕，思维、神学268，可能性、现实性464,464,1297,interp
part0088,▲人意志、变心〔行动〕472〔他物形式〕，思维、神学268，可能性、现实性464,665,1478,interp
part0088,▲人意志、变心〔行动〕472〔他物形式〕，思维、神学268，可能性、现实性464,664,1477,interp
part0088,▲人意志、变心〔行动〕472〔他物形式〕，思维、神学268，可能性、现实性464,610,1432,interp
part0088,▲此岸、彼岸265，神、我们理智407，神预知、自由意志352笛卡尔,265,1132,interp
part0088,▲此岸、彼岸265，神、我们理智407，神预知、自由意志352笛卡尔,407,1252,interp
part0088,▲此岸、彼岸265，神、我们理智407，神预知、自由意志352笛卡尔,352,1209,interp
part0088,▲只有思想才能表达统一302▲统一式和和解前必分裂424▲范畴、思维把统一性带给,302,1163,term1
part0088,▲只有思想才能表达统一302▲统一式和和解前必分裂424▲范畴、思维把统一性带给,424,1267,interp
part0088,▲只有思想才能表达统一302▲统一式和和解前必分裂424▲范畴、思维把统一性带给,573,1402,interp
part0088,——统一是：向外流的“是”320波墨,320,1177,interp
part0088,▲众多东西从统一里产生472斯宾诺莎，矛盾原则以无用方式把统一表达为原则463，,472,1303,interp
part0088,▲众多东西从统一里产生472斯宾诺莎，矛盾原则以无用方式把统一表达为原则463，,463,1296,interp
part0088,▲众多东西从统一里产生472斯宾诺莎，矛盾原则以无用方式把统一表达为原则463，,389,1239,term1
part0088,——统一性的：流出318波墨,318,1175,term
part0088,▲简单的统一900〔信仰〕，普遍的统一523，真实的统一635〔理性理念〕，抽象,900,,none
part0088,▲简单的统一900〔信仰〕，普遍的统一523，真实的统一635〔理性理念〕，抽象,523,1356,term1
part0088,▲简单的统一900〔信仰〕，普遍的统一523，真实的统一635〔理性理念〕，抽象,635,1453,term1
part0088,▲简单的统一900〔信仰〕，普遍的统一523，真实的统一635〔理性理念〕，抽象,345,1204,term1
part0088,▲简单的统一900〔信仰〕，普遍的统一523，真实的统一635〔理性理念〕，抽象,523,1356,interp
part0088,▲简单的统一900〔信仰〕，普遍的统一523，真实的统一635〔理性理念〕，抽象,461,1295,term
part0088,▲简单的统一900〔信仰〕，普遍的统一523，真实的统一635〔理性理念〕，抽象,462,1295,interp
part0088,▲简单的统一900〔信仰〕，普遍的统一523，真实的统一635〔理性理念〕，抽象,455,1291,interp
part0088,▲简单的统一900〔信仰〕，普遍的统一523，真实的统一635〔理性理念〕，抽象,422,,skip
part0088,▲思维的统一634，自然的统一294，人的自身统一性527，对立面的统一302，,634,1452,term
part0088,▲思维的统一634，自然的统一294，人的自身统一性527，对立面的统一302，,294,1157,term
part0088,▲思维的统一634，自然的统一294，人的自身统一性527，对立面的统一302，,527,1359,interp
part0088,▲思维的统一634，自然的统一294，人的自身统一性527，对立面的统一302，,302,1163,term
part0088,▲思维的统一634，自然的统一294，人的自身统一性527，对立面的统一302，,533,1364,term
part0088,▲思维的统一634，自然的统一294，人的自身统一性527，对立面的统一302，,472,1303,interp
part0088,▲思维的统一634，自然的统一294，人的自身统一性527，对立面的统一302，,615,1436,term1
part0088,▲思维的统一634，自然的统一294，人的自身统一性527，对立面的统一302，,598,1422,term1
part0088,▲思维的统一634，自然的统一294，人的自身统一性527，对立面的统一302，,620,1440,term
part0088,▲思维的统一634，自然的统一294，人的自身统一性527，对立面的统一302，,592,1417,interp
part0088,▲思维的统一634，自然的统一294，人的自身统一性527，对立面的统一302，,606,1428,interp
part0088,▲思维的统一634，自然的统一294，人的自身统一性527，对立面的统一302，,467,1299,term1
part0088,▲最高的统一574〔思维〕，深刻的统一368〔斯宾诺莎哲学〕，徒托空言的统一47,574,1403,term
part0088,▲最高的统一574〔思维〕，深刻的统一368〔斯宾诺莎哲学〕，徒托空言的统一47,368,1222,term1
part0088,▲最高的统一574〔思维〕，深刻的统一368〔斯宾诺莎哲学〕，徒托空言的统一47,474,1305,interp
part0088,▲最高的统一574〔思维〕，深刻的统一368〔斯宾诺莎哲学〕，徒托空言的统一47,900,,none
part0088,▲最高的统一574〔思维〕，深刻的统一368〔斯宾诺莎哲学〕，徒托空言的统一47,418,1261,interp
part0088,▲最高的统一574〔思维〕，深刻的统一368〔斯宾诺莎哲学〕，徒托空言的统一47,664,1477,term1
part0088,▲最高的统一574〔思维〕，深刻的统一368〔斯宾诺莎哲学〕，徒托空言的统一47,331,1192,term
part0088,▲最高的统一574〔思维〕，深刻的统一368〔斯宾诺莎哲学〕，徒托空言的统一47,611,1433,term
part0088,▲无思想的统一513，无概念的直接统一，602〔美〕，理解以前分立着的东西的统一,513,1349,interp
part0088,▲无思想的统一513，无概念的直接统一，602〔美〕，理解以前分立着的东西的统一,602,1425,term1
part0088,▲无思想的统一513，无概念的直接统一，602〔美〕，理解以前分立着的东西的统一,472,1303,interp
part0088,▲无思想的统一513，无概念的直接统一，602〔美〕，理解以前分立着的东西的统一,457,1292,term1
part0088,——统一性和：分离471,471,1302,term
part0088,▲统一体293、597，不自知的统一体308新柏拉图派,293,1156,term
part0088,▲统一体293、597，不自知的统一体308新柏拉图派,597,1421,term
part0088,▲统一体293、597，不自知的统一体308新柏拉图派,308,1168,term1
part0088,图式/格式（Schema）：普遍的图式610，假定的图式679，外在图式674、,610,1432,term1
part0088,图式/格式（Schema）：普遍的图式610，假定的图式679，外在图式674、,679,1488,term1
part0088,图式/格式（Schema）：普遍的图式610，假定的图式679，外在图式674、,674,1484,term1
part0088,图式/格式（Schema）：普遍的图式610，假定的图式679，外在图式674、,683,1492,term
part0088,图式/格式（Schema）：普遍的图式610，假定的图式679，外在图式674、,610,1432,term1
part0088,推动者（T.tigkeit/activity）：632,632,1450,term1
part0088,推演（Ableitung/derivation）：从经验推演观念433洛克，（d,433,1273,term
part0088,推演（Ableitung/derivation）：从经验推演观念433洛克，（d,638,1456,term
part0088,推演（Ableitung/derivation）：从经验推演观念433洛克，（d,639,1456,term
part0088,▲总体性的图象或内在意识484,484,1312,term1
part0088,▲自然是神圣理性的肖像684，神的（睿智的）肖像（Ebenbild）316、52,684,1493,interp
part0088,▲自然是神圣理性的肖像684，神的（睿智的）肖像（Ebenbild）316、52,316,1174,term
part0088,▲自然是神圣理性的肖像684，神的（睿智的）肖像（Ebenbild）316、52,521,1355,interp
part0088,▲自然是神圣理性的肖像684，神的（睿智的）肖像（Ebenbild）316、52,498,1337,interp
part0088,外在性（Äußerlichkeit/externality）：550〔在自由原则,550,1384,term
part0088,外在性（Äußerlichkeit/externality）：550〔在自由原则,652,1467,term
part0088,外在性（Äußerlichkeit/externality）：550〔在自由原则,636,1454,term
part0088,外在性（Äußerlichkeit/externality）：550〔在自由原则,266,1133,term
part0088,外在性（Äußerlichkeit/externality）：550〔在自由原则,630,1449,term
part0088,▲僵死的外在性和内在性328〔哲学原则〕，知识来源的外在性900,328,1190,interp
part0088,▲僵死的外在性和内在性328〔哲学原则〕，知识来源的外在性900,900,,none
part0088,完满性（Perfektion，Vollkommenheit/perfection,351,1208,term
part0088,完满性（Perfektion，Vollkommenheit/perfection,453,1289,term
part0088,完满的东西（vollkommenes/perfect）和不完满的东西（Unvol,351,1208,term
part0088,完满的东西（vollkommenes/perfect）和不完满的东西（Unvol,531,1362,term
part0088,微粒子（Partikeln/particles）：362,362,1216,term
part0088,唯物论（Materialismus/materialism）：507、511、5,507,1345,term
part0088,唯物论（Materialismus/materialism）：507、511、5,511,1347,term
part0088,唯物论（Materialismus/materialism）：507、511、5,523,1357,term
part0088,唯物论（Materialismus/materialism）：507、511、5,546,1380,term
part0088,唯心论（Idealismus/idealism）：270、272、454、459,270,1136,term
part0088,唯心论（Idealismus/idealism）：270、272、454、459,272,1138,term
part0088,唯心论（Idealismus/idealism）：270、272、454、459,454,1290,term
part0088,唯心论（Idealismus/idealism）：270、272、454、459,459,1293,term
part0088,唯心论（Idealismus/idealism）：270、272、454、459,485,1313,term
part0088,唯心论（Idealismus/idealism）：270、272、454、459,582,1409,interp
part0088,唯心论（Idealismus/idealism）：270、272、454、459,657,1471,interp
part0088,唯心论（Idealismus/idealism）：270、272、454、459,682,1491,interp
part0088,▲主观的唯心论488，想象的唯心论455〔莱布尼茨评斯宾诺莎〕，紊乱的唯心主义6,488,1329,interp
part0088,▲主观的唯心论488，想象的唯心论455〔莱布尼茨评斯宾诺莎〕，紊乱的唯心主义6,455,1290,term1
part0088,▲主观的唯心论488，想象的唯心论455〔莱布尼茨评斯宾诺莎〕，紊乱的唯心主义6,655,1470,term1
part0088,▲主观的唯心论488，想象的唯心论455〔莱布尼茨评斯宾诺莎〕，紊乱的唯心主义6,488,1329,interp
part0088,▲主观的唯心论488，想象的唯心论455〔莱布尼茨评斯宾诺莎〕，紊乱的唯心主义6,665,1478,term
part0088,▲主观的唯心论488，想象的唯心论455〔莱布尼茨评斯宾诺莎〕，紊乱的唯心主义6,655,1470,interp
part0088,▲英国唯心论506，康德唯心主义554,506,1343,interp
part0088,▲英国唯心论506，康德唯心主义554,554,1388,interp
part0088,——我是：我自己的对象657谢林,657,1471,term1
part0088,▲具体的我341笛卡尔，绝对的我性（absolute Selbstheit/ab,341,1201,term1
part0088,▲具体的我341笛卡尔，绝对的我性（absolute Selbstheit/ab,410,1255,interp
part0088,▲具体的我341笛卡尔，绝对的我性（absolute Selbstheit/ab,339,1200,interp
part0088,——我的：实在性508,508,1345,term
part0088,▲我性（Ichheit/self-hood） 317波墨，我在620、621,317,1174,term
part0088,▲我性（Ichheit/self-hood） 317波墨，我在620、621,620,1440,term
part0088,▲我性（Ichheit/self-hood） 317波墨，我在620、621,621,1441,interp
part0088,——我和：非我348〔二者对立〕,348,1206,term
part0088,我思故我在（拉Cogito，ergo sum）：350、367、617,350,1208,term
part0088,我思故我在（拉Cogito，ergo sum）：350、367、617,367,1220,term
part0088,我思故我在（拉Cogito，ergo sum）：350、367、617,617,1438,term
part0088,——▲康德反对把这命题看成推论339,339,1199,term
part0088,无（Nichts/Nothing）：306、348、410；不在，信422,306,1166,interp
part0088,无（Nichts/Nothing）：306、348、410；不在，信422,348,1206,interp
part0088,无（Nichts/Nothing）：306、348、410；不在，信422,410,1255,interp
part0088,无（Nichts/Nothing）：306、348、410；不在，信422,422,,skip
part0088,▲已有的事情不能化为无（ungeschehen/undone） 531，无中不能,531,1363,term1
part0088,▲已有的事情不能化为无（ungeschehen/undone） 531，无中不能,357,1213,term1
part0088,▲无物造出某物316，无物和某物317〔二者距离〕,316,1174,interp
part0088,▲无物造出某物316，无物和某物317〔二者距离〕,317,1174,interp
part0088,无别（Indifferenz）：664,664,1477,term
part0088,无穷的阻力（unendlicher Ansto./infinite repuls,634,1452,term
part0088,——非我是一个阻力625，自我必须对付无穷的阻力631，无穷的阻力应被扬弃632,625,1444,interp
part0088,——非我是一个阻力625，自我必须对付无穷的阻力631，无穷的阻力应被扬弃632,631,1450,term
part0088,——非我是一个阻力625，自我必须对付无穷的阻力631，无穷的阻力应被扬弃632,632,1450,term
part0088,▲空虚的阻力（leere A./empty repulsive force） 6,631,1449,term1
part0088,▲空虚的阻力（leere A./empty repulsive force） 6,361,1216,term
part0088,▲人在自身得到无限力量527〔法国哲学〕,527,1359,interp
part0088,无限性（Unendlichkeit/infinity）：387、395〔实体〕、,387,1237,term
part0088,无限性（Unendlichkeit/infinity）：387、395〔实体〕、,395,1243,term
part0088,无限性（Unendlichkeit/infinity）：387、395〔实体〕、,432,1273,term
part0088,无限性（Unendlichkeit/infinity）：387、395〔实体〕、,477,1307,interp
part0088,无限性（Unendlichkeit/infinity）：387、395〔实体〕、,633,1451,interp
part0088,▲自在自为地存在着的无限性615〔绝对概念〕，恶的无限性，常见的无限性382，感,615,1436,term1
part0088,▲自在自为地存在着的无限性615〔绝对概念〕，恶的无限性，常见的无限性382，感,382,1233,term1
part0088,▲自在自为地存在着的无限性615〔绝对概念〕，恶的无限性，常见的无限性382，感,399,1246,term1
part0088,▲自在自为地存在着的无限性615〔绝对概念〕，恶的无限性，常见的无限性382，感,635,1453,interp
part0088,▲自在自为地存在着的无限性615〔绝对概念〕，恶的无限性，常见的无限性382，感,399,1247,term
part0088,无限者（das Unendliche/the infinite）：270、351,270,1136,term
part0088,无限者（das Unendliche/the infinite）：270、351,351,1208,term
part0088,无限者（das Unendliche/the infinite）：270、351,368,1222,term
part0088,无限者（das Unendliche/the infinite）：270、351,542,1377,term
part0088,无限者（das Unendliche/the infinite）：270、351,574,1403,term
part0088,无神论（Atheismus/atheism）：369、374、389、408、4,369,1222,interp
part0088,无神论（Atheismus/atheism）：369、374、389、408、4,374,1226,term
part0088,无神论（Atheismus/atheism）：369、374、389、408、4,389,1239,term
part0088,无神论（Atheismus/atheism）：369、374、389、408、4,408,1253,term
part0088,无神论（Atheismus/atheism）：369、374、389、408、4,411,1256,term
part0088,无神论（Atheismus/atheism）：369、374、389、408、4,507,1345,term
part0088,无神论（Atheismus/atheism）：369、374、389、408、4,539,1374,term
part0088,无神论（Atheismus/atheism）：369、374、389、408、4,367,1221,term1
part0088,▲无神论的出现507▲有神论513,507,1344,interp
part0088,▲无神论的出现507▲有神论513,513,1349,term
part0088,无世界论/非世界论/非宇宙主义（Akosmismus/Acosmism）：斯宾诺,373,1226,term
part0088,无世界论/非世界论/非宇宙主义（Akosmismus/Acosmism）：斯宾诺,390,1239,term
part0088,无世界论/非世界论/非宇宙主义（Akosmismus/Acosmism）：斯宾诺,404,1250,term
part0088,无世界论/非世界论/非宇宙主义（Akosmismus/Acosmism）：斯宾诺,408,1253,term
part0088,▲物仅仅是被知觉的东西，属于自我意识490巴克莱,490,1331,term
part0088,▲自然物（natürliches D）301，创造物（erschaffenes ,301,1162,term
part0088,▲自然物（natürliches D）301，创造物（erschaffenes ,351,1209,term
part0088,▲复合物（Zusammengesetzt）单纯物（Einfaches）455，具,455,1291,term
part0088,▲复合物（Zusammengesetzt）单纯物（Einfaches）455，具,512,1348,term
part0088,▲复合物（Zusammengesetzt）单纯物（Einfaches）455，具,461,1295,term1
part0088,物自体（Ding an sich/thing-in-itself）：康德631,631,1449,term
part0088,▲物自体独立于我们主观思维582康德，有限精神设定某种绝对东西（物自体）634费,582,1409,interp
part0088,▲物自体独立于我们主观思维582康德，有限精神设定某种绝对东西（物自体）634费,634,1452,interp
part0088,▲外在的物自体（als Äußeres das Ding an sich/the,573,1402,term1
part0088,——物质是：广延实体356，单子的被动能力461莱布尼茨，普遍的东西508,356,1212,term
part0088,——物质是：广延实体356，单子的被动能力461莱布尼茨，普遍的东西508,461,1295,term1
part0088,——物质是：广延实体356，单子的被动能力461莱布尼茨，普遍的东西508,508,1346,term
part0088,▲物质就是我＝我317波墨，感觉和物质是唯一真实的东西524〔法国哲学〕,317,1174,interp
part0088,▲物质就是我＝我317波墨，感觉和物质是唯一真实的东西524〔法国哲学〕,524,1357,interp
part0088,——物质的：变化362，存在方式——思维509〔法国哲学〕,362,1216,term
part0088,——物质的：变化362，存在方式——思维509〔法国哲学〕,509,1346,interp
part0088,▲外在物质637，精微的物质638，坚固的物质637，物质的单子463,637,1456,term1
part0088,▲外在物质637，精微的物质638，坚固的物质637，物质的单子463,638,1456,term1
part0088,▲外在物质637，精微的物质638，坚固的物质637，物质的单子463,637,1456,term1
part0088,▲外在物质637，精微的物质638，坚固的物质637，物质的单子463,463,1296,interp
part0088,——物质和：精神491〔二者不能融合（zusammenkommen/come t,491,1331,term
part0088,——物质和：精神491〔二者不能融合（zusammenkommen/come t,507,1345,term1
part0088,——物质和：精神491〔二者不能融合（zusammenkommen/come t,670,1481,term
part0088,——▲法国人把物质当成普遍者487▲法国人把最后本质等规定成物质、自然513▲只,487,1328,interp
part0088,——▲法国人把物质当成普遍者487▲法国人把最后本质等规定成物质、自然513▲只,513,1349,interp
part0088,——▲法国人把物质当成普遍者487▲法国人把最后本质等规定成物质、自然513▲只,525,1357,term1
part0088,物体/形体（拉Corpore ‖ K.rper/Body）：324、671、46,324,1180,term
part0088,物体/形体（拉Corpore ‖ K.rper/Body）：324、671、46,671,1482,term
part0088,物体/形体（拉Corpore ‖ K.rper/Body）：324、671、46,460,1294,interp
part0088,▲有灵魂的形体462,462,1295,term1
part0088,习惯（Gewohnheit/custom，habit）：566，主观必然性499,566,1397,interp
part0088,习惯（Gewohnheit/custom，habit）：566，主观必然性499,499,1337,term
part0088,——▲休谟把普遍性看作习惯497,497,1336,term
part0088,▲思维是在先者342，空间、时间是先天的563康德,342,1202,term1
part0088,▲思维是在先者342，空间、时间是先天的563康德,563,1394,interp
part0088,——▲我们认识思想比认识有形体东西更在先341笛卡尔,341,1202,term1
part0088,先天的东西和后天的东西（Apriorisches und Aposteriori,331,1193,interp
part0088,先天的思维（Denken a priori/thought a priori）：,272,1138,term
part0088,先天的思维（Denken a priori/thought a priori）：,329,1191,term
part0088,▲上帝的显示686，圣灵的出现和显现（Manifestation/manifes,686,1494,term1
part0088,▲上帝的显示686，圣灵的出现和显现（Manifestation/manifes,315,1173,interp
part0088,▲上帝的显示686，圣灵的出现和显现（Manifestation/manifes,683,1492,term1
part0088,▲上帝的显示686，圣灵的出现和显现（Manifestation/manifes,305,1165,term1
part0088,现实和理想（Reell und Ideell/real and ideal）的绝,661,1474,interp
part0088,现实/现存性（Gegenwart/present）：635,635,1453,term1
part0088,▲内在的现实，外部的现实267，合理的现实269,267,1134,term
part0088,▲内在的现实，外部的现实267，合理的现实269,269,1136,term1
part0088,▲自我意识和现实的和解267,267,1134,interp
part0088,现实/实在（法réalité ‖ Realität/existence）：487,487,1329,term
part0088,▲外界实在353、外界现实491,353,1210,term1
part0088,▲外界实在353、外界现实491,491,1332,interp
part0088,——▲法国人在现实中发现普遍者487,487,1328,interp
part0088,现实/现实性（拉actu ‖ Wirklichkeit/actuality）：3,390,1239,term
part0088,现实/现实性（拉actu ‖ Wirklichkeit/actuality）：3,354,1211,term
part0088,现实/现实性（拉actu ‖ Wirklichkeit/actuality）：3,535,1371,term
part0088,现实/现实性（拉actu ‖ Wirklichkeit/actuality）：3,684,1493,term1
part0088,现实/现实性（拉actu ‖ Wirklichkeit/actuality）：3,302,1163,term1
part0088,——现实是：意识的对方（anderes）：410，意识的他物（Anderssei,410,1255,interp
part0088,——现实是：意识的对方（anderes）：410，意识的他物（Anderssei,615,1436,term
part0088,▲真的现实性610，固有的现实性（eigene W.）610〔自为存在〕，外在的,610,1432,term1
part0088,▲真的现实性610，固有的现实性（eigene W.）610〔自为存在〕，外在的,610,1432,term1
part0088,▲真的现实性610，固有的现实性（eigene W.）610〔自为存在〕，外在的,614,1435,term1
part0088,▲真的现实性610，固有的现实性（eigene W.）610〔自为存在〕，外在的,445,1283,interp
part0088,▲真的现实性610，固有的现实性（eigene W.）610〔自为存在〕，外在的,269,1135,interp
part0088,▲真的现实性610，固有的现实性（eigene W.）610〔自为存在〕，外在的,421,1264,interp
part0088,▲真的现实性610，固有的现实性（eigene W.）610〔自为存在〕，外在的,270,1136,interp
part0088,▲真的现实性610，固有的现实性（eigene W.）610〔自为存在〕，外在的,635,1453,term1
part0088,▲理念的现实性577，概念的现实性447波墨，自我意识的现实性（selbstbe,577,1405,interp
part0088,▲理念的现实性577，概念的现实性447波墨，自我意识的现实性（selbstbe,447,1284,interp
part0088,▲理念的现实性577，概念的现实性447波墨，自我意识的现实性（selbstbe,610,1432,interp
part0088,▲现实的概念（wirklicher Beriff/actual Notion） ,484,1313,term1
part0088,▲现实的概念（wirklicher Beriff/actual Notion） ,613,1435,term
part0088,▲现实的概念（wirklicher Beriff/actual Notion） ,507,1344,term1
part0088,▲现实的概念（wirklicher Beriff/actual Notion） ,577,1405,term1
part0088,▲现实的概念（wirklicher Beriff/actual Notion） ,667,1479,interp
part0088,——现实性和：可能性464〔神是二者的统一〕莱布尼茨，理性577，自我意识410,464,1297,term
part0088,——现实性和：可能性464〔神是二者的统一〕莱布尼茨，理性577，自我意识410,577,1405,term
part0088,——现实性和：可能性464〔神是二者的统一〕莱布尼茨，理性577，自我意识410,410,1255,term
part0088,——现实性和：可能性464〔神是二者的统一〕莱布尼茨，理性577，自我意识410,614,1435,term
part0088,——现实性和：可能性464〔神是二者的统一〕莱布尼茨，理性577，自我意识410,613,1435,term
part0088,——现实性和：可能性464〔神是二者的统一〕莱布尼茨，理性577，自我意识410,390,1239,term1
part0088,——▲唯心论把现实看成个别东西492巴克莱▲哲学最后目的是思想和现实的和解684,492,1333,interp
part0088,——▲唯心论把现实看成个别东西492巴克莱▲哲学最后目的是思想和现实的和解684,684,1493,interp
part0088,——▲唯心论把现实看成个别东西492巴克莱▲哲学最后目的是思想和现实的和解684,553,1387,interp
part0088,现实化/实现（Realisierung）的本性615〔费希特未找到〕，灵明世界的,615,1436,term
part0088,现实化/实现（Realisierung）的本性615〔费希特未找到〕，灵明世界的,484,1313,term1
part0088,现实化/实现（Realisierung）的本性615〔费希特未找到〕，灵明世界的,674,1484,term
part0088,现实化/实现（Realisierung）的本性615〔费希特未找到〕，灵明世界的,686,1495,term1
part0088,现实化/实现（Realisierung）的本性615〔费希特未找到〕，灵明世界的,606,1428,interp
part0088,——现象是：第一手东西（Erste） 282培根，有限内容579,282,1148,term
part0088,——现象是：第一手东西（Erste） 282培根，有限内容579,579,1407,term
part0088,▲自然现象280、520、651，感性现象281〔培根以之为原则〕，经验现象34,280,1147,term
part0088,▲自然现象280、520、651，感性现象281〔培根以之为原则〕，经验现象34,520,1355,term
part0088,▲自然现象280、520、651，感性现象281〔培根以之为原则〕，经验现象34,651,1467,term
part0088,▲自然现象280、520、651，感性现象281〔培根以之为原则〕，经验现象34,281,1148,term
part0088,▲自然现象280、520、651，感性现象281〔培根以之为原则〕，经验现象34,344,1203,term1
part0088,▲自然现象280、520、651，感性现象281〔培根以之为原则〕，经验现象34,502,1340,interp
part0088,▲自然现象280、520、651，感性现象281〔培根以之为原则〕，经验现象34,280,1147,term1
part0088,▲自然现象280、520、651，感性现象281〔培根以之为原则〕，经验现象34,549,1383,term1
part0088,▲现象名词表示主观形式539,539,1374,interp
part0088,——现象的：道路419〔洛克予以描述〕,419,1262,term
part0088,——现象和：自然规律589，自然外壳652,589,1415,term
part0088,——现象和：自然规律589，自然外壳652,652,1467,interp
part0088,——▲我们只能认识现象539、554康德、耶可比，洛克坚持现象429,539,1375,term1
part0088,——▲我们只能认识现象539、554康德、耶可比，洛克坚持现象429,554,1388,interp
part0088,——▲我们只能认识现象539、554康德、耶可比，洛克坚持现象429,429,1270,interp
part0088,想象（Phantasei）：信278,278,,skip
part0088,协助说（System der Assistenz/system of assis,457,1292,term1
part0088,心/心灵（拉mentem ‖ Geist/Mind；Gemüt/heart）：3,350,1208,term
part0088,心/心灵（拉mentem ‖ Geist/Mind；Gemüt/heart）：3,301,1163,interp
part0088,心/心灵（拉mentem ‖ Geist/Mind；Gemüt/heart）：3,365,1219,interp
part0088,心/心灵（拉mentem ‖ Geist/Mind；Gemüt/heart）：3,564,1395,interp
part0088,heart） 410,410,1255,interp
part0088,▲德国心灵304，心灵的宁静405,304,1165,term1
part0088,▲德国心灵304，心灵的宁静405,405,1251,term1
part0088,▲心灵具有时间空间形式条件564,564,1395,interp
part0088,——▲波墨把天上事情放在自己心灵中302,302,1163,interp
part0088,心灵学（Pneumatologie/pneumatology）：478,478,1308,term1
part0088,信仰（Glaube/Belief，faith）： 452、508、513、514,452,1288,term
part0088,信仰（Glaube/Belief，faith）： 452、508、513、514,508,1345,term
part0088,信仰（Glaube/Belief，faith）： 452、508、513、514,513,1349,term
part0088,信仰（Glaube/Belief，faith）： 452、508、513、514,514,1350,term
part0088,信仰（Glaube/Belief，faith）： 452、508、513、514,545,1379,term
part0088,信仰（Glaube/Belief，faith）： 452、508、513、514,488,1329,term
part0088,信仰（Glaube/Belief，faith）： 452、508、513、514,532,1363,term
part0088,——信仰是确信（就不确定真理而言）和同意（就或然真理而言）504柏阿蒂,504,1342,term
part0088,——▲法国哲学著作反对信仰510,510,1347,term
part0088,肖像/形象（Gestalt）：神的形象498，神的睿智的肖像（Bild/imag,498,1337,interp
part0088,肖像/形象（Gestalt）：神的形象498，神的睿智的肖像（Bild/imag,521,1355,term1
part0088,肖像/形象（Gestalt）：神的形象498，神的睿智的肖像（Bild/imag,323,1179,term
part0088,形式主义（Formalismus/formalism）：671,671,1482,term
part0088,▲外在构造的形式主义679谢林，贫困的形式主义681谢林的模仿者,679,1488,term1
part0088,▲外在构造的形式主义679谢林，贫困的形式主义681谢林的模仿者,681,1490,term1
part0088,——形式主义和：外在图式674，自然哲学683谢林,674,1484,term1
part0088,——形式主义和：外在图式674，自然哲学683谢林,683,1492,term
part0088,——▲法定宗教陷入可怕的形式主义514▲法国哲学家打倒这种形式主义515,514,1350,interp
part0088,——▲法定宗教陷入可怕的形式主义514▲法国哲学家打倒这种形式主义515,515,1351,interp
part0088,形体（拉Corpus‖ K.rper/body）：319、467，形体界467,319,1176,term
part0088,形体（拉Corpus‖ K.rper/body）：319、467，形体界467,467,1299,term
part0088,形体（拉Corpus‖ K.rper/body）：319、467，形体界467,467,1299,term1
part0088,形式（Form/form）：533、620、661、687,533,1371,term
part0088,形式（Form/form）：533、620、661、687,620,1440,term
part0088,形式（Form/form）：533、620、661、687,661,1475,term
part0088,形式（Form/form）：533、620、661、687,687,1495,term
part0088,——形式的：无限性395，王国672〔物质把自身提高到形式王国〕,395,1243,term
part0088,——形式的：无限性395，王国672〔物质把自身提高到形式王国〕,672,1483,term
part0088,▲思想形式289，思维的形式387、389，意识的形式673，经验的形式900康,289,1153,term
part0088,▲思想形式289，思维的形式387、389，意识的形式673，经验的形式900康,387,1237,term
part0088,▲思想形式289，思维的形式387、389，意识的形式673，经验的形式900康,389,1238,interp
part0088,▲思想形式289，思维的形式387、389，意识的形式673，经验的形式900康,673,1483,term
part0088,▲思想形式289，思维的形式387、389，意识的形式673，经验的形式900康,900,,none
part0088,▲思想形式289，思维的形式387、389，意识的形式673，经验的形式900康,632,1451,term
part0088,▲思想形式289，思维的形式387、389，意识的形式673，经验的形式900康,502,1340,interp
part0088,▲思想形式289，思维的形式387、389，意识的形式673，经验的形式900康,592,1417,interp
part0088,▲思想形式289，思维的形式387、389，意识的形式673，经验的形式900康,673,1483,term
part0088,▲存在的形式387，实体性形式456〔经院哲学〕，特定形式397，对象的形式35,387,1237,term
part0088,▲存在的形式387，实体性形式456〔经院哲学〕，特定形式397，对象的形式35,456,1291,interp
part0088,▲存在的形式387，实体性形式456〔经院哲学〕，特定形式397，对象的形式35,397,1244,term
part0088,▲存在的形式387，实体性形式456〔经院哲学〕，特定形式397，对象的形式35,355,1212,term1
part0088,▲存在的形式387，实体性形式456〔经院哲学〕，特定形式397，对象的形式35,665,1478,term
part0088,▲存在的形式387，实体性形式456〔经院哲学〕，特定形式397，对象的形式35,676,1486,interp
part0088,▲存在的形式387，实体性形式456〔经院哲学〕，特定形式397，对象的形式35,688,1497,interp
part0088,▲存在的形式387，实体性形式456〔经院哲学〕，特定形式397，对象的形式35,522,1356,interp
part0088,▲存在的形式387，实体性形式456〔经院哲学〕，特定形式397，对象的形式35,395,1243,interp
part0088,▲能动的形式，无限的形式650,650,1466,term1
part0088,▲唯心论形式483，宗教形式、化学形式321,483,1312,interp
part0088,▲唯心论形式483，宗教形式、化学形式321,321,1178,interp
part0088,——形式和：再现的可能性295培根,295,1158,interp
part0088,▲形式和本质相互进入过渡的形式675,675,1485,interp
part0088,——▲波墨把基督教形式当作理念的形式302,302,1163,interp
part0088,形态（Form/modes）：简单形态，混合形态432,432,1273,term1
part0088,形而上学（Metaphysik/metaphysics）：268、274、437,268,1135,term
part0088,形而上学（Metaphysik/metaphysics）：268、274、437,274,1140,term
part0088,形而上学（Metaphysik/metaphysics）：268、274、437,437,1276,term
part0088,——▲法国哲学也是一种形而上学509,509,1346,term
part0088,▲抽象形而上学506罗伊尔－柯拉尔德、512、 511〔笛卡尔哲学〕,506,1343,interp
part0088,▲抽象形而上学506罗伊尔－柯拉尔德、512、 511〔笛卡尔哲学〕,512,1348,interp
part0088,▲抽象形而上学506罗伊尔－柯拉尔德、512、 511〔笛卡尔哲学〕,511,1348,interp
part0088,▲理智形而上学477〔其独断主义〕沃尔夫，482〔只有一个方面〕，673〔谢林以,477,1307,term
part0088,▲理智形而上学477〔其独断主义〕沃尔夫，482〔只有一个方面〕，673〔谢林以,482,1311,term
part0088,▲理智形而上学477〔其独断主义〕沃尔夫，482〔只有一个方面〕，673〔谢林以,673,1483,term
part0088,▲理智形而上学477〔其独断主义〕沃尔夫，482〔只有一个方面〕，673〔谢林以,489,1330,interp
part0088,▲理智形而上学477〔其独断主义〕沃尔夫，482〔只有一个方面〕，673〔谢林以,501,1339,term
part0088,▲理智形而上学477〔其独断主义〕沃尔夫，482〔只有一个方面〕，673〔谢林以,554,1388,term
part0088,▲朴素的形而上学330〔笛卡尔天赋观念〕，先天形而上学350，彼岸的形而上学48,330,1192,interp
part0088,▲朴素的形而上学330〔笛卡尔天赋观念〕，先天形而上学350，彼岸的形而上学48,350,1208,term1
part0088,▲朴素的形而上学330〔笛卡尔天赋观念〕，先天形而上学350，彼岸的形而上学48,485,1327,term1
part0088,▲朴素的形而上学330〔笛卡尔天赋观念〕，先天形而上学350，彼岸的形而上学48,510,1347,term1
part0088,▲朴素的形而上学330〔笛卡尔天赋观念〕，先天形而上学350，彼岸的形而上学48,535,1372,term1
part0088,▲朴素的形而上学330〔笛卡尔天赋观念〕，先天形而上学350，彼岸的形而上学48,509,1346,term1
part0088,——▲莱布尼茨的形而上学从理智规定出发473▲康德使理智形而上学寿终正寝554▲,473,1304,interp
part0088,——▲莱布尼茨的形而上学从理智规定出发473▲康德使理智形而上学寿终正寝554▲,554,1388,interp
part0088,——▲莱布尼茨的形而上学从理智规定出发473▲康德使理智形而上学寿终正寝554▲,496,1335,interp
part0088,行为/行动（Tun，Handlung/deed，work）：554,554,1387,term
part0088,▲外在行为（H./d.）406奥瑞斯忒，不自觉的行为（T./w.）690，历史上,406,1252,term1
part0088,▲外在行为（H./d.）406奥瑞斯忒，不自觉的行为（T./w.）690，历史上,690,1498,interp
part0088,▲外在行为（H./d.）406奥瑞斯忒，不自觉的行为（T./w.）690，历史上,690,1498,term1
part0088,▲外在行为（H./d.）406奥瑞斯忒，不自觉的行为（T./w.）690，历史上,403,1249,term1
part0088,性质（Qualität/quality）：310波墨主要概念,310,1169,term
part0088,▲第一性质/主性质（primäre Q./primary q.）第二性质/次性质,430,1272,term
part0088,▲外在性质430，基本性质（Grundeigenschaft/fundament,430,1271,interp
part0088,▲外在性质430，基本性质（Grundeigenschaft/fundament,490,1331,term1
part0088,虚无（Nichts/Nothing）：410,410,1255,term
part0088,虚幻性（Eitelkeit）：信422,422,,skip
part0088,样式/形态（Modus/mode）例：理智、意志403斯宾诺莎；348、385,403,1249,term
part0088,样式/形态（Modus/mode）例：理智、意志403斯宾诺莎；348、385,348,1206,term
part0088,样式/形态（Modus/mode）例：理智、意志403斯宾诺莎；348、385,385,1235,term
part0088,▲绝对中无样式410，样式具有实在性347,410,1255,interp
part0088,▲绝对中无样式410，样式具有实在性347,347,1205,interp
part0088,▲实体的样式373〔自然、世界〕，思想样式388〔说明观念的形式存在〕，广延的样,373,1225,term1
part0088,▲实体的样式373〔自然、世界〕，思想样式388〔说明观念的形式存在〕，广延的样,388,1238,term
part0088,▲实体的样式373〔自然、世界〕，思想样式388〔说明观念的形式存在〕，广延的样,389,1238,term1
part0088,▲简单形态（einfache Formen〔modes〕/pure modes）,432,1273,term1
part0088,扬弃者（Aufhebende）：632费希特,632,1450,term1
part0088,扬弃（aufheben/to abrogate）：624、663、430,624,1444,term
part0088,扬弃（aufheben/to abrogate）：624、663、430,663,1476,term
part0088,扬弃（aufheben/to abrogate）：624、663、430,430,1271,term
part0088,▲自身扬弃的运动（Bewegung des Sich-Aufhebens/mov,667,1480,term
part0088,仰望/展望（Sehnen/yearning）是神圣的633费希特,633,1452,term
part0088,▲仰望式的倾向641，无限的仰望625,641,1459,term1
part0088,▲仰望式的倾向641，无限的仰望625,625,1444,term1
part0088,要求（Forderung/demand）：417、472、596,417,1261,term
part0088,要求（Forderung/demand）：417、472、596,472,1303,term
part0088,要求（Forderung/demand）：417、472、596,596,1420,term
part0088,▲绝对的要求606康德，常识的要求510，一贯理论的要求611，第一种要求（er,606,1429,term1
part0088,▲绝对的要求606康德，常识的要求510，一贯理论的要求611，第一种要求（er,510,1347,interp
part0088,▲绝对的要求606康德，常识的要求510，一贯理论的要求611，第一种要求（er,611,1433,interp
part0088,▲绝对的要求606康德，常识的要求510，一贯理论的要求611，第一种要求（er,611,1433,term1
part0088,依赖性/依存性（Abhängigkeit/dependence）：东西的依赖性5,539,1374,term1
part0088,依赖性/依存性（Abhängigkeit/dependence）：东西的依赖性5,631,1450,interp
part0088,义务（Pflicht/duty）：504，道德义务502,504,1342,term
part0088,义务（Pflicht/duty）：504，道德义务502,502,1340,term1
part0088,——义务是：自我意识所特有的501〔英国〕，人人的义务331，自我意识的一种联系,501,1339,term1
part0088,——义务是：自我意识所特有的501〔英国〕，人人的义务331，自我意识的一种联系,331,1193,term
part0088,——义务是：自我意识所特有的501〔英国〕，人人的义务331，自我意识的一种联系,508,1345,term
part0088,一和多（Eins und Vieles/one and many）：270柏拉图,270,1136,term
part0088,一和多（Eins und Vieles/one and many）：270柏拉图,477,1307,term
part0088,一和多（Eins und Vieles/one and many）：270柏拉图,619,1439,interp
part0088,一和多（Eins und Vieles/one and many）：270柏拉图,622,1442,interp
part0088,——一和多是相互排斥的理智规定477,477,1307,term
part0088,▲相反的一663,663,1476,term
part0088,——▲一不能是三531〔法国人〕▲多被结合为一就是全体567▲思维活动被理解为一,531,1363,term1
part0088,——▲一不能是三531〔法国人〕▲多被结合为一就是全体567▲思维活动被理解为一,567,1397,term1
part0088,——▲一不能是三531〔法国人〕▲多被结合为一就是全体567▲思维活动被理解为一,617,1438,interp
part0088,——▲一不能是三531〔法国人〕▲多被结合为一就是全体567▲思维活动被理解为一,567,1397,term1
part0088,一神论（Monotheismus/monotheism）：375,375,1227,term1
part0088,▲一般知识/知识一般（Wissen überhaupt） 617，一般理智（In,617,1438,term1
part0088,▲一般知识/知识一般（Wissen überhaupt） 617，一般理智（In,631,1450,interp
part0088,▲一般知识/知识一般（Wissen überhaupt） 617，一般理智（In,609,1431,interp
part0088,▲一般知识/知识一般（Wissen überhaupt） 617，一般理智（In,413,1257,term
part0088,▲一般知识/知识一般（Wissen überhaupt） 617，一般理智（In,489,1330,interp
part0088,▲一般的观念（allgemeine Vorstellungen/general ,519,1354,term
part0088,▲一般的观念（allgemeine Vorstellungen/general ,563,1394,interp
part0088,▲一般的观念（allgemeine Vorstellungen/general ,513,1349,term1
part0088,意志（拉voluntas，volitio ‖ Wille/will）：266、3,266,1133,term
part0088,意志（拉voluntas，volitio ‖ Wille/will）：266、3,373,1226,term
part0088,意志（拉voluntas，volitio ‖ Wille/will）：266、3,391,1239,term
part0088,意志（拉voluntas，volitio ‖ Wille/will）：266、3,470,1301,term
part0088,意志（拉voluntas，volitio ‖ Wille/will）：266、3,589,1415,term
part0088,——意志是：实体的样式403,403,1249,term
part0088,▲一般意志415，特殊意志593，普遍意志593，理性意志594，实践的意志55,415,1259,term1
part0088,▲一般意志415，特殊意志593，普遍意志593，理性意志594，实践的意志55,593,1418,term
part0088,▲一般意志415，特殊意志593，普遍意志593，理性意志594，实践的意志55,593,1418,term
part0088,▲一般意志415，特殊意志593，普遍意志593，理性意志594，实践的意志55,594,1419,term1
part0088,▲一般意志415，特殊意志593，普遍意志593，理性意志594，实践的意志55,553,1386,term1
part0088,▲一般意志415，特殊意志593，普遍意志593，理性意志594，实践的意志55,900,,none
part0088,▲一般意志415，特殊意志593，普遍意志593，理性意志594，实践的意志55,527,1360,term
part0088,▲一般意志415，特殊意志593，普遍意志593，理性意志594，实践的意志55,474,1305,interp
part0088,▲容许性的意志（拉voluntas permissivae‖ erlaubend,466,1298,interp
part0088,▲容许性的意志（拉voluntas permissivae‖ erlaubend,390,1239,term1
part0088,——意志的：规定403，流出过程316波墨,403,1249,term
part0088,——意志的：规定403，流出过程316波墨,316,1174,term1
part0088,意识（Bewußtsein/consciousness）：305、507、518,305,1166,interp
part0088,意识（Bewußtsein/consciousness）：305、507、518,507,1344,term
part0088,意识（Bewußtsein/consciousness）：305、507、518,518,1353,term
part0088,▲哲学考察意识626,626,1445,interp
part0088,——意识是：高级知觉：〔摄觉〕460莱布尼茨，有限的理智范畴554，自我616、,460,1294,interp
part0088,——意识是：高级知觉：〔摄觉〕460莱布尼茨，有限的理智范畴554，自我616、,554,1388,term1
part0088,——意识是：高级知觉：〔摄觉〕460莱布尼茨，有限的理智范畴554，自我616、,616,1437,term
part0088,——意识是：高级知觉：〔摄觉〕460莱布尼茨，有限的理智范畴554，自我616、,618,1439,interp
part0088,——意识是：高级知觉：〔摄觉〕460莱布尼茨，有限的理智范畴554，自我616、,418,1261,interp
part0088,▲自我与非我联系才有意识658，意识承认上帝以寻求谐和595,658,1472,interp
part0088,▲自我与非我联系才有意识658，意识承认上帝以寻求谐和595,595,1420,interp
part0088,▲通常意识437〔其具体内容：上帝、生命〕、619〔我走进其后面〕、626〔和受,437,1276,term
part0088,▲通常意识437〔其具体内容：上帝、生命〕、619〔我走进其后面〕、626〔和受,619,1439,term
part0088,▲通常意识437〔其具体内容：上帝、生命〕、619〔我走进其后面〕、626〔和受,626,1445,term
part0088,▲通常意识437〔其具体内容：上帝、生命〕、619〔我走进其后面〕、626〔和受,656,1470,term
part0088,▲通常意识437〔其具体内容：上帝、生命〕、619〔我走进其后面〕、626〔和受,585,1412,interp
part0088,▲通常意识437〔其具体内容：上帝、生命〕、619〔我走进其后面〕、626〔和受,656,1470,term
part0088,▲通常意识437〔其具体内容：上帝、生命〕、619〔我走进其后面〕、626〔和受,487,1329,term
part0088,▲通常意识437〔其具体内容：上帝、生命〕、619〔我走进其后面〕、626〔和受,510,1347,interp
part0088,▲通常意识437〔其具体内容：上帝、生命〕、619〔我走进其后面〕、626〔和受,518,1353,interp
part0088,▲通常意识437〔其具体内容：上帝、生命〕、619〔我走进其后面〕、626〔和受,507,1344,interp
part0088,▲通常意识437〔其具体内容：上帝、生命〕、619〔我走进其后面〕、626〔和受,510,1347,term1
part0088,▲通常意识437〔其具体内容：上帝、生命〕、619〔我走进其后面〕、626〔和受,656,1470,term
part0088,▲通常意识437〔其具体内容：上帝、生命〕、619〔我走进其后面〕、626〔和受,476,1306,interp
part0088,▲通常意识437〔其具体内容：上帝、生命〕、619〔我走进其后面〕、626〔和受,562,1393,interp
part0088,▲通常意识437〔其具体内容：上帝、生命〕、619〔我走进其后面〕、626〔和受,654,1469,interp
part0088,▲通常意识437〔其具体内容：上帝、生命〕、619〔我走进其后面〕、626〔和受,431,1272,term1
part0088,▲通常意识437〔其具体内容：上帝、生命〕、619〔我走进其后面〕、626〔和受,484,1312,term1
part0088,▲纯粹自由的意识506，人工的意识618〔哲学〕费希特，理论意识561〔主要形态,506,1344,term1
part0088,▲纯粹自由的意识506，人工的意识618〔哲学〕费希特，理论意识561〔主要形态,618,1439,term1
part0088,▲纯粹自由的意识506，人工的意识618〔哲学〕费希特，理论意识561〔主要形态,561,1392,term1
part0088,▲纯粹自由的意识506，人工的意识618〔哲学〕费希特，理论意识561〔主要形态,625,1444,interp
part0088,▲纯粹自由的意识506，人工的意识618〔哲学〕费希特，理论意识561〔主要形态,656,1471,term
part0088,▲纯粹自由的意识506，人工的意识618〔哲学〕费希特，理论意识561〔主要形态,270,1136,term
part0088,▲纯粹自由的意识506，人工的意识618〔哲学〕费希特，理论意识561〔主要形态,274,1140,interp
part0088,▲纯粹自由的意识506，人工的意识618〔哲学〕费希特，理论意识561〔主要形态,619,1439,interp
part0088,▲纯粹自由的意识506，人工的意识618〔哲学〕费希特，理论意识561〔主要形态,626,1445,interp
part0088,▲纯粹自由的意识506，人工的意识618〔哲学〕费希特，理论意识561〔主要形态,500,1338,interp
part0088,▲纯粹自由的意识506，人工的意识618〔哲学〕费希特，理论意识561〔主要形态,628,1447,interp
part0088,▲纯粹自由的意识506，人工的意识618〔哲学〕费希特，理论意识561〔主要形态,618,1439,term
part0088,▲纯粹自由的意识506，人工的意识618〔哲学〕费希特，理论意识561〔主要形态,655,1470,interp
part0088,▲纯粹自由的意识506，人工的意识618〔哲学〕费希特，理论意识561〔主要形态,545,1380,term1
part0088,——意识的：内容437、615、687，对象619〔存在、因果〕费希特、418〔,437,1276,term
part0088,——意识的：内容437、615、687，对象619〔存在、因果〕费希特、418〔,615,1436,interp
part0088,——意识的：内容437、615、687，对象619〔存在、因果〕费希特、418〔,687,1495,interp
part0088,——意识的：内容437、615、687，对象619〔存在、因果〕费希特、418〔,619,1439,term
part0088,——意识的：内容437、615、687，对象619〔存在、因果〕费希特、418〔,418,1261,interp
part0088,——意识的：内容437、615、687，对象619〔存在、因果〕费希特、418〔,610,1432,term
part0088,——意识的：内容437、615、687，对象619〔存在、因果〕费希特、418〔,484,1313,term
part0088,——意识的：内容437、615、687，对象619〔存在、因果〕费希特、418〔,616,1437,term
part0088,——意识的：内容437、615、687，对象619〔存在、因果〕费希特、418〔,463,1296,term
part0088,——意识的：内容437、615、687，对象619〔存在、因果〕费希特、418〔,419,1263,interp
part0088,——意识的：内容437、615、687，对象619〔存在、因果〕费希特、418〔,533,1364,interp
part0088,——意识的：内容437、615、687，对象619〔存在、因果〕费希特、418〔,637,1455,interp
part0088,——意识的：内容437、615、687，对象619〔存在、因果〕费希特、418〔,424,1266,term
part0088,——意识的：内容437、615、687，对象619〔存在、因果〕费希特、418〔,637,1455,term
part0088,——意识的：内容437、615、687，对象619〔存在、因果〕费希特、418〔,396,1244,term
part0088,▲空间、空间性东西、个别事物、类进入意识424，两种东西进入意识356笛卡尔、统,424,1267,interp
part0088,▲空间、空间性东西、个别事物、类进入意识424，两种东西进入意识356笛卡尔、统,356,1212,interp
part0088,▲空间、空间性东西、个别事物、类进入意识424，两种东西进入意识356笛卡尔、统,268,1135,interp
part0088,——意识和：灵魂397斯宾诺莎，神464，我们423，本质493巴克莱，对象49,397,1244,term
part0088,——意识和：灵魂397斯宾诺莎，神464，我们423，本质493巴克莱，对象49,464,1297,interp
part0088,——意识和：灵魂397斯宾诺莎，神464，我们423，本质493巴克莱，对象49,423,1266,term
part0088,——意识和：灵魂397斯宾诺莎，神464，我们423，本质493巴克莱，对象49,493,1333,term
part0088,——意识和：灵魂397斯宾诺莎，神464，我们423，本质493巴克莱，对象49,492,1333,term
part0088,——意识和：灵魂397斯宾诺莎，神464，我们423，本质493巴克莱，对象49,590,1416,term
part0088,——意识和：灵魂397斯宾诺莎，神464，我们423，本质493巴克莱，对象49,618,1439,term
part0088,——意识和：灵魂397斯宾诺莎，神464，我们423，本质493巴克莱，对象49,394,1242,term
part0088,——意识和：灵魂397斯宾诺莎，神464，我们423，本质493巴克莱，对象49,490,1331,interp
part0088,——意识和：灵魂397斯宾诺莎，神464，我们423，本质493巴克莱，对象49,419,1263,term
part0088,——意识和：灵魂397斯宾诺莎，神464，我们423，本质493巴克莱，对象49,417,1260,term
part0088,——意识和：灵魂397斯宾诺莎，神464，我们423，本质493巴克莱，对象49,424,1267,term
part0088,——意识和：灵魂397斯宾诺莎，神464，我们423，本质493巴克莱，对象49,437,1277,interp
part0088,——意识和：灵魂397斯宾诺莎，神464，我们423，本质493巴克莱，对象49,618,1439,interp
part0088,——意识和：灵魂397斯宾诺莎，神464，我们423，本质493巴克莱，对象49,377,1229,term
part0088,——意识和：灵魂397斯宾诺莎，神464，我们423，本质493巴克莱，对象49,346,1204,term
part0088,——意识和：灵魂397斯宾诺莎，神464，我们423，本质493巴克莱，对象49,470,1301,term
part0088,▲对于对立的意识（堕落）274,274,1140,term1
part0088,——▲笛卡尔诉诸意识341▲洛克把意识提高到统一418▲沃尔夫把通常意识当最后标,341,1201,interp
part0088,——▲笛卡尔诉诸意识341▲洛克把意识提高到统一418▲沃尔夫把通常意识当最后标,418,1261,interp
part0088,——▲笛卡尔诉诸意识341▲洛克把意识提高到统一418▲沃尔夫把通常意识当最后标,481,1310,interp
part0088,——▲笛卡尔诉诸意识341▲洛克把意识提高到统一418▲沃尔夫把通常意识当最后标,554,1388,interp
part0088,——▲笛卡尔诉诸意识341▲洛克把意识提高到统一418▲沃尔夫把通常意识当最后标,628,1447,interp
part0088,——▲笛卡尔诉诸意识341▲洛克把意识提高到统一418▲沃尔夫把通常意识当最后标,506,1343,interp
part0088,异己的东西（Fremdes）：615、628,615,1436,term
part0088,异己的东西（Fremdes）：615、628,628,1447,term
part0088,▲目的因（拉sub ratione boni， causae finales‖E,390,1239,term1
part0088,▲目的因（拉sub ratione boni， causae finales‖E,291,1155,term
part0088,▲目的因（拉sub ratione boni， causae finales‖E,464,1297,term
part0088,▲作用因/动力因（wirkende U. /efficient c．）291、2,291,1155,term1
part0088,▲作用因/动力因（wirkende U. /efficient c．）291、2,273,1139,interp
part0088,▲作用因/动力因（wirkende U. /efficient c．）291、2,464,1297,term
part0088,▲形式因（formelle U. /formal c．） 291,291,1155,term
part0088,▲质料因（materielle U. /material c．） 291〔和作用,291,1155,term
part0088,▲外因（äußerliche U．） 391〔暂时原因〕，（U. /c．）379,391,1240,term
part0088,▲外因（äußerliche U．） 391〔暂时原因〕，（U. /c．）379,379,1230,term
part0088,▲自因（拉causa sui ‖ U. seinerselbst/c. of i,400,1247,term
part0088,▲自因（拉causa sui ‖ U. seinerselbst/c. of i,383,1234,term
part0088,▲自因（拉causa sui ‖ U. seinerselbst/c. of i,379,1230,term
part0088,▲自因（拉causa sui ‖ U. seinerselbst/c. of i,399,1246,term
part0088,▲最近因（nächste U/proximate c.） 388,388,1238,term1
part0088,▲动因（Kausalität/causatity） 594〔上帝〕康德,594,1419,term1
part0088,因次（Potenz/potency）：665、677、669〔译者注〕、673谢,665,1478,term1
part0088,因次（Potenz/potency）：665、677、669〔译者注〕、673谢,677,1487,term
part0088,因次（Potenz/potency）：665、677、669〔译者注〕、673谢,669,1481,term
part0088,因次（Potenz/potency）：665、677、669〔译者注〕、673谢,673,1484,term
part0088,▲纯粹活动的隐德来希456，物体的隐德来希462，统治着的隐德来希463,456,1291,interp
part0088,▲纯粹活动的隐德来希456，物体的隐德来希462，统治着的隐德来希463,462,1295,interp
part0088,▲纯粹活动的隐德来希456，物体的隐德来希462，统治着的隐德来希463,463,1296,term1
part0088,因果关系（Kausalität）：388、463、496，因果联系（Zusamm,388,1238,interp
part0088,因果关系（Kausalität）：388、463、496，因果联系（Zusamm,463,1296,interp
part0088,因果关系（Kausalität）：388、463、496，因果联系（Zusamm,496,1335,term
part0088,因果关系（Kausalität）：388、463、496，因果联系（Zusamm,389,1238,term
part0088,因果关系（Kausalität）：388、463、496，因果联系（Zusamm,496,1335,term1
part0088,应该/应当（Soll/‘ought’）：634康德；529、609、633；应是,634,1452,term
part0088,应该/应当（Soll/‘ought’）：634康德；529、609、633；应是,529,1361,term
part0088,应该/应当（Soll/‘ought’）：634康德；529、609、633；应是,609,1431,interp
part0088,应该/应当（Soll/‘ought’）：634康德；529、609、633；应是,633,1451,term
part0088,应该/应当（Soll/‘ought’）：634康德；529、609、633；应是,422,,skip
part0088,▲事物应当是什么407〔普遍的定义〕,407,1252,term1
part0088,——▲费希特的最后东西是一个应当625▲停留在应当上635,625,1444,interp
part0088,——▲费希特的最后东西是一个应当625▲停留在应当上635,上635,1453,term1
part0088,ν‖das Sein/the Being）：470，306、376、478，68,470,1301,interp
part0088,ν‖das Sein/the Being）：470，306、376、478，68,306,1166,interp
part0088,ν‖das Sein/the Being）：470，306、376、478，68,376,1228,interp
part0088,ν‖das Sein/the Being）：470，306、376、478，68,478,1308,interp
part0088,ν‖das Sein/the Being）：470，306、376、478，68,686,1495,interp
part0088,ν‖das Sein/the Being）：470，306、376、478，68,317,1175,term1
part0088,有神论（Theismus/theism）：513〔一般信仰〕,513,1349,term
part0088,有效性（Gültigkeit/validity）：绝对有效性498，真理的有效性,498,1337,term1
part0088,有效性（Gültigkeit/validity）：绝对有效性498，真理的有效性,351,1209,term
part0088,有效性（Gültigkeit/validity）：绝对有效性498，真理的有效性,507,1344,interp
part0088,有限和无限（Endliches und Unendliches/finite a,477,1307,term
part0088,▲有限者639、368〔和神〕斯宾诺莎，有限物453、482、637，有限的东西,639,1457,term
part0088,▲有限者639、368〔和神〕斯宾诺莎，有限物453、482、637，有限的东西,368,1222,term
part0088,▲有限者639、368〔和神〕斯宾诺莎，有限物453、482、637，有限的东西,453,1289,term
part0088,▲有限者639、368〔和神〕斯宾诺莎，有限物453、482、637，有限的东西,482,1311,interp
part0088,▲有限者639、368〔和神〕斯宾诺莎，有限物453、482、637，有限的东西,637,1455,interp
part0088,▲有限者639、368〔和神〕斯宾诺莎，有限物453、482、637，有限的东西,662,1476,term
part0088,▲有限者639、368〔和神〕斯宾诺莎，有限物453、482、637，有限的东西,585,1412,interp
part0088,▲有限界（die ganze Endlichkeit/the whole fin,506,1343,term1
part0088, （Begrenztheit，Unbegrenztheit/limitation,580,1408,interp
part0088,有限性（Endlichkeit/finitude）：282、368、465、47,282,1149,term
part0088,有限性（Endlichkeit/finitude）：282、368、465、47,368,1222,interp
part0088,有限性（Endlichkeit/finitude）：282、368、465、47,465,1298,term
part0088,有限性（Endlichkeit/finitude）：282、368、465、47,472,1303,term
part0088,与件（Data/data）：453、454,453,1289,term
part0088,与件（Data/data）：453、454,454,1289,term
part0088,欲望/嗜好（拉appetitus‖Begierde，Trieb/desire，i,265,1132,term
part0088,欲望/嗜好（拉appetitus‖Begierde，Trieb/desire，i,403,1250,term
part0088,欲望/嗜好（拉appetitus‖Begierde，Trieb/desire，i,420,1263,interp
part0088,欲望/嗜好（拉appetitus‖Begierde，Trieb/desire，i,460,1294,term
part0088,  470、486、500、510、526、556、589,470,1301,term
part0088,  470、486、500、510、526、556、589,486,1327,term
part0088,  470、486、500、510、526、556、589,500,1338,term
part0088,  470、486、500、510、526、556、589,510,1346,term
part0088,  470、486、500、510、526、556、589,526,1359,term
part0088,  470、486、500、510、526、556、589,556,1389,term
part0088,  470、486、500、510、526、556、589,589,1415,term
part0088,宇宙（Universum/universe）：283、306、373、454、4,283,1149,term
part0088,宇宙（Universum/universe）：283、306、373、454、4,306,1166,term
part0088,宇宙（Universum/universe）：283、306、373、454、4,373,1226,term
part0088,宇宙（Universum/universe）：283、306、373、454、4,454,1290,term
part0088,宇宙（Universum/universe）：283、306、373、454、4,467,1299,term
part0088,宇宙（Universum/universe）：283、306、373、454、4,472,1303,term
part0088,宇宙（Universum/universe）：283、306、373、454、4,492,1332,term
part0088,宇宙（Universum/universe）：283、306、373、454、4,519,1354,term
part0088,宇宙（Universum/universe）：283、306、373、454、4,521,1355,term
part0088,643、669、678、687,643,1460,term
part0088,643、669、678、687,669,1481,term
part0088,643、669、678、687,678,1488,term
part0088,643、669、678、687,687,1495,term
part0088,——宇宙是：诸多精神的王国643,643,1460,term1
part0088,▲作为本质的宇宙不是宇宙469，绝对全体就是宇宙本身669,469,1301,interp
part0088,▲作为本质的宇宙不是宇宙469，绝对全体就是宇宙本身669,669,1481,interp
part0088,——宇宙的：发展469，开始540,469,1301,term
part0088,——宇宙的：发展469，开始540,540,1376,term
part0088,▲宇宙精气（拉spiritus mundi） 325，精神宇宙、自然宇宙684，,325,1181,term1
part0088,▲宇宙精气（拉spiritus mundi） 325，精神宇宙、自然宇宙684，,684,1493,interp
part0088,▲宇宙精气（拉spiritus mundi） 325，精神宇宙、自然宇宙684，,362,1216,term1
part0088,▲宇宙精气（拉spiritus mundi） 325，精神宇宙、自然宇宙684，,670,1481,interp
part0088,▲宇宙精气（拉spiritus mundi） 325，精神宇宙、自然宇宙684，,389,1238,interp
part0088,▲宇宙精气（拉spiritus mundi） 325，精神宇宙、自然宇宙684，,268,1134,term1
part0088,▲宇宙精气（拉spiritus mundi） 325，精神宇宙、自然宇宙684，,684,1493,interp
part0088,宇宙论（Kosmologie/Cosmology）：478,478,1308,term1
part0088,——原子是：一种限度580,580,1408,term1
part0088,▲空洞的原子455，原子群468,455,1291,term1
part0088,▲空洞的原子455，原子群468,468,1300,term1
part0088,——原子的：积聚455，反面580〔无限分割性〕，吻合一致468,455,1291,term1
part0088,——原子的：积聚455，反面580〔无限分割性〕，吻合一致468,580,1408,term
part0088,——原子的：积聚455，反面580〔无限分割性〕，吻合一致468,468,1300,term
part0088,▲反对原子的论据457,457,1292,interp
part0088,▲基本原则449，具体原则485，固定原则485，绝对原则462、613、659,449,1286,term
part0088,▲基本原则449，具体原则485，固定原则485，绝对原则462、613、659,485,1327,term
part0088,▲基本原则449，具体原则485，固定原则485，绝对原则462、613、659,485,1327,term1
part0088,▲基本原则449，具体原则485，固定原则485，绝对原则462、613、659,462,1295,interp
part0088,▲基本原则449，具体原则485，固定原则485，绝对原则462、613、659,613,1435,interp
part0088,▲基本原则449，具体原则485，固定原则485，绝对原则462、613、659,659,1473,interp
part0088,▲基本原则449，具体原则485，固定原则485，绝对原则462、613、659,450,1286,term1
part0088,▲理想原则628，自由原则407，550，最高原则615、618，伟大原则629,628,1447,term
part0088,▲理想原则628，自由原则407，550，最高原则615、618，伟大原则629,407,1252,interp
part0088,▲理想原则628，自由原则407，550，最高原则615、618，伟大原则629,550,1384,interp
part0088,▲理想原则628，自由原则407，550，最高原则615、618，伟大原则629,615,1436,term
part0088,▲理想原则628，自由原则407，550，最高原则615、618，伟大原则629,618,1439,interp
part0088,▲理想原则628，自由原则407，550，最高原则615、618，伟大原则629,629,1448,term1
part0088,▲理智原则503，习惯原则900，具体物原则512，世俗原则276，新教原则30,503,1341,term
part0088,▲理智原则503，习惯原则900，具体物原则512，世俗原则276，新教原则30,900,,none
part0088,▲理智原则503，习惯原则900，具体物原则512，世俗原则276，新教原则30,512,1348,interp
part0088,▲理智原则503，习惯原则900，具体物原则512，世俗原则276，新教原则30,276,1142,term
part0088,▲理智原则503，习惯原则900，具体物原则512，世俗原则276，新教原则30,300,1162,term1
part0088,▲理智原则503，习惯原则900，具体物原则512，世俗原则276，新教原则30,425,1267,term
part0088,▲理智原则503，习惯原则900，具体物原则512，世俗原则276，新教原则30,407,1252,interp
part0088,▲理智原则503，习惯原则900，具体物原则512，世俗原则276，新教原则30,540,1376,term
part0088,▲理智原则503，习惯原则900，具体物原则512，世俗原则276，新教原则30,628,1447,interp
part0088,▲理智原则503，习惯原则900，具体物原则512，世俗原则276，新教原则30,366,1220,interp
part0088,▲内在原则459，内在性原则328，内在和解原则266，和解原则668,459,1294,term
part0088,▲内在原则459，内在性原则328，内在和解原则266，和解原则668,328,1190,term1
part0088,▲内在原则459，内在性原则328，内在和解原则266，和解原则668,266,1133,term1
part0088,▲内在原则459，内在性原则328，内在和解原则266，和解原则668,668,1480,interp
part0088,▲充足理由原则463，矛盾原则463，个体化原则467、472，不可分割原则47,463,1296,term
part0088,▲充足理由原则463，矛盾原则463，个体化原则467、472，不可分割原则47,463,1296,term
part0088,▲充足理由原则463，矛盾原则463，个体化原则467、472，不可分割原则47,467,1299,term
part0088,▲充足理由原则463，矛盾原则463，个体化原则467、472，不可分割原则47,472,1303,interp
part0088,▲充足理由原则463，矛盾原则463，个体化原则467、472，不可分割原则47,472,1303,interp
part0088,▲充足理由原则463，矛盾原则463，个体化原则467、472，不可分割原则47,457,1292,term1
part0088,——▲从一个坚持到底的原则推出最可怕结论的东西524,524,1357,interp
part0088,原因（Ursache/causes）：291、521、632,291,1155,term
part0088,原因（Ursache/causes）：291、521、632,521,1355,term
part0088,原因（Ursache/causes）：291、521、632,632,1450,term
part0088,▲内在的原因（immanent） 391〔神〕斯宾诺莎，内部原因（innerli,391,1240,term1
part0088,▲内在的原因（immanent） 391〔神〕斯宾诺莎，内部原因（innerli,390,1240,term1
part0088,▲内在的原因（immanent） 391〔神〕斯宾诺莎，内部原因（innerli,390,1240,term1
part0088,▲内在的原因（immanent） 391〔神〕斯宾诺莎，内部原因（innerli,388,1238,term1
part0088,▲内在的原因（immanent） 391〔神〕斯宾诺莎，内部原因（innerli,539,1374,interp
part0088,▲内在的原因（immanent） 391〔神〕斯宾诺莎，内部原因（innerli,539,1374,interp
part0088,▲内在的原因（immanent）　391〔神〕斯宾诺莎，内部原因（innerli,900,,none
part0088,▲内在的原因（immanent） 391〔神〕斯宾诺莎，内部原因（innerli,391,1240,term1
part0088,▲内在的原因（immanent）　391〔神〕斯宾诺莎，内部原因（innerli,900,,none
part0088,▲内在的原因（immanent）　391〔神〕斯宾诺莎，内部原因（innerli,900,,none
part0088,▲内在的原因（immanent） 391〔神〕斯宾诺莎，内部原因（innerli,522,1356,interp
part0088,▲内在的原因（immanent） 391〔神〕斯宾诺莎，内部原因（innerli,386,1236,interp
part0088,▲自由原因390、392，必然原因390,390,1239,interp
part0088,▲自由原因390、392，必然原因390,392,1240,term1
part0088,▲自由原因390、392，必然原因390,390,1239,interp
part0088,元素（Element/element）：四大元素314、325,314,1172,term
part0088,元素（Element/element）：四大元素314、325,325,1180,term
part0088,元气（.ther/ether）：284〔和哲学的发展〕，376〔和灵魂〕斯宾诺莎,284,1150,term
part0088,元气（.ther/ether）：284〔和哲学的发展〕，376〔和灵魂〕斯宾诺莎,376,1228,term
part0088,圆圈/循环（Zirkel/circle）：519、616、634〔和自我活动〕，,519,1354,interp
part0088,圆圈/循环（Zirkel/circle）：519、616、634〔和自我活动〕，,616,1437,term
part0088,圆圈/循环（Zirkel/circle）：519、616、634〔和自我活动〕，,634,1452,interp
part0088,圆圈/循环（Zirkel/circle）：519、616、634〔和自我活动〕，,323,1179,term
part0088,▲一个不可避免的圆圈637费希特，精神不能越出的圈子900，有限精神设定的循环6,637,1455,interp
part0088,▲一个不可避免的圆圈637费希特，精神不能越出的圈子900，有限精神设定的循环6,900,,none
part0088,▲一个不可避免的圆圈637费希特，精神不能越出的圈子900，有限精神设定的循环6,634,1452,interp
part0088,源泉/来源/起源/根源（Quell/source；Ursprung/origin,504,1341,term
part0088,▲范畴的源泉（Q./s.）555〔知觉和主体〕康德、618〔自我〕康德，真理的来,555,1388,interp
part0088,▲范畴的源泉（Q./s.）555〔知觉和主体〕康德、618〔自我〕康德，真理的来,618,1438,term1
part0088,▲范畴的源泉（Q./s.）555〔知觉和主体〕康德、618〔自我〕康德，真理的来,488,1329,term
part0088,▲范畴的源泉（Q./s.）555〔知觉和主体〕康德、618〔自我〕康德，真理的来,351,1208,interp
part0088,▲范畴的源泉（Q./s.）555〔知觉和主体〕康德、618〔自我〕康德，真理的来,500,1338,interp
part0088,▲范畴的源泉（Q./s.）555〔知觉和主体〕康德、618〔自我〕康德，真理的来,280,1147,interp
part0088,▲范畴的源泉（Q./s.）555〔知觉和主体〕康德、618〔自我〕康德，真理的来,538,1374,term1
part0088,▲范畴的源泉（Q./s.）555〔知觉和主体〕康德、618〔自我〕康德，真理的来,559,1391,interp
part0088,▲范畴的源泉（Q./s.）555〔知觉和主体〕康德、618〔自我〕康德，真理的来,618,1438,term1
part0088,▲范畴的源泉（Q./s.）555〔知觉和主体〕康德、618〔自我〕康德，真理的来,518,1353,interp
part0088,▲范畴的源泉（Q./s.）555〔知觉和主体〕康德、618〔自我〕康德，真理的来,582,1409,interp
part0088,▲范畴的源泉（Q./s.）555〔知觉和主体〕康德、618〔自我〕康德，真理的来,900,,none
part0088,▲范畴的源泉（Q./s.）555〔知觉和主体〕康德、618〔自我〕康德，真理的来,273,1139,term
part0088,▲范畴的源泉（Q./s.）555〔知觉和主体〕康德、618〔自我〕康德，真理的来,323,1179,term1
part0088,——运动是：机械物理学基本概念361，广延的一个规定359笛卡尔，能力531莱辛,361,1216,term
part0088,——运动是：机械物理学基本概念361，广延的一个规定359笛卡尔，能力531莱辛,359,1215,term
part0088,——运动是：机械物理学基本概念361，广延的一个规定359笛卡尔，能力531莱辛,531,1362,term
part0088,▲物质的变化仅仅是运动362，理念本质上包含运动407,362,1216,term1
part0088,▲物质的变化仅仅是运动362，理念本质上包含运动407,407,1252,interp
part0088,——运动的：本质643〔概念〕，力量531,643,1460,term
part0088,——运动的：本质643〔概念〕，力量531,531,1362,term
part0088,——运动和：静止359、430，自我634,359,1215,term
part0088,——运动和：静止359、430，自我634,430,1271,term
part0088,——运动和：静止359、430，自我634,634,1452,term
part0088,▲绝对的运动689、643〔真理〕，自为存在的运动487，众多性的运动459，单,689,1497,interp
part0088,▲绝对的运动689、643〔真理〕，自为存在的运动487，众多性的运动459，单,643,1460,term1
part0088,▲绝对的运动689、643〔真理〕，自为存在的运动487，众多性的运动459，单,487,1329,term1
part0088,▲绝对的运动689、643〔真理〕，自为存在的运动487，众多性的运动459，单,459,1293,term1
part0088,▲绝对的运动689、643〔真理〕，自为存在的运动487，众多性的运动459，单,461,1295,term1
part0088,▲绝对的运动689、643〔真理〕，自为存在的运动487，众多性的运动459，单,468,1300,interp
part0088,▲绝对的运动689、643〔真理〕，自为存在的运动487，众多性的运动459，单,467,1299,term
part0088,▲绝对的运动689、643〔真理〕，自为存在的运动487，众多性的运动459，单,361,1216,interp
part0088,▲绝对的运动689、643〔真理〕，自为存在的运动487，众多性的运动459，单,688,1497,term1
part0088,▲绝对的运动689、643〔真理〕，自为存在的运动487，众多性的运动459，单,667,1480,term
part0088,▲绝对的运动689、643〔真理〕，自为存在的运动487，众多性的运动459，单,487,1329,term1
part0088,▲绝对的运动689、643〔真理〕，自为存在的运动487，众多性的运动459，单,507,1344,interp
part0088,▲绝对的运动689、643〔真理〕，自为存在的运动487，众多性的运动459，单,507,1344,interp
part0088,▲绝对的运动689、643〔真理〕，自为存在的运动487，众多性的运动459，单,531,1363,interp
part0088,▲无运动的东西（Unbewegte/the unmoved） 650,650,1466,term1
part0088,——▲生命、绝对本体的运动301〔神放进心灵〕波墨，漩涡式循环运动362〔天体〕,301,1162,term1
part0088,——▲生命、绝对本体的运动301〔神放进心灵〕波墨，漩涡式循环运动362〔天体〕,362,1217,term1
part0088,——▲生命、绝对本体的运动301〔神放进心灵〕波墨，漩涡式循环运动362〔天体〕,362,1217,interp
part0088,——▲生命、绝对本体的运动301〔神放进心灵〕波墨，漩涡式循环运动362〔天体〕,469,1301,term1
part0088,——▲生命、绝对本体的运动301〔神放进心灵〕波墨，漩涡式循环运动362〔天体〕,415,1259,term1
part0088,——▲生命、绝对本体的运动301〔神放进心灵〕波墨，漩涡式循环运动362〔天体〕,508,1345,interp
part0088,——▲笛卡尔把一切关系归结到静止和运动362▲给我物质和运动，我给你建造世界36,362,1217,interp
part0088,——▲笛卡尔把一切关系归结到静止和运动362▲给我物质和运动，我给你建造世界36,361,1216,interp
part0088,杂多（Verschiedenheit）：432〔普遍概念〕洛克,432,1272,term
part0088,杂多性（Vielheit/multiplicity）：675〔和统一性〕,675,1485,term
part0088,▲物质在杂多中展开、实现508,508,1345,interp
part0088,折衷主义（Eklektizimus/eclecticism）：453〔莱布尼茨哲,453,1289,term
part0088,再现（superinduzieren/superinducing）：295培根,295,1158,term1
part0088,哲学（Philosophie/philosophy）：又称世间智慧（Weltwe,271,1137,term
part0088,——哲学是：范畴的知识619，精神同世界的和解288、667，共同事业331,619,1440,term1
part0088,——哲学是：范畴的知识619，精神同世界的和解288、667，共同事业331,288,1153,term1
part0088,——哲学是：范畴的知识619，精神同世界的和解288、667，共同事业331,667,1479,term
part0088,——哲学是：范畴的知识619，精神同世界的和解288、667，共同事业331,331,1193,term
part0088,▲研究哲学，先要作斯宾诺莎主义者376，哲学不能超出时代658,376,1228,term
part0088,▲研究哲学，先要作斯宾诺莎主义者376，哲学不能超出时代658,658,1472,interp
part0088,▲精神哲学364笛卡尔、斯宾诺莎、681谢林，思辨哲学502、505、613、6,364,1218,term
part0088,▲精神哲学364笛卡尔、斯宾诺莎、681谢林，思辨哲学502、505、613、6,681,1489,term
part0088,▲精神哲学364笛卡尔、斯宾诺莎、681谢林，思辨哲学502、505、613、6,502,1341,term
part0088,▲精神哲学364笛卡尔、斯宾诺莎、681谢林，思辨哲学502、505、613、6,505,1343,interp
part0088,▲精神哲学364笛卡尔、斯宾诺莎、681谢林，思辨哲学502、505、613、6,613,1435,interp
part0088,▲精神哲学364笛卡尔、斯宾诺莎、681谢林，思辨哲学502、505、613、6,641,1458,interp
part0088,▲精神哲学364笛卡尔、斯宾诺莎、681谢林，思辨哲学502、505、613、6,665,1478,interp
part0088,▲精神哲学364笛卡尔、斯宾诺莎、681谢林，思辨哲学502、505、613、6,641,1458,interp
part0088,▲精神哲学364笛卡尔、斯宾诺莎、681谢林，思辨哲学502、505、613、6,485,1327,term1
part0088,▲精神哲学364笛卡尔、斯宾诺莎、681谢林，思辨哲学502、505、613、6,478,1308,term
part0088,▲精神哲学364笛卡尔、斯宾诺莎、681谢林，思辨哲学502、505、613、6,329,1191,interp
part0088,▲精神哲学364笛卡尔、斯宾诺莎、681谢林，思辨哲学502、505、613、6,549,1383,interp
part0088,▲通俗哲学269、438洛克、481沃尔夫、505、613〔费希特哲学一个方面〕,269,1136,term
part0088,▲通俗哲学269、438洛克、481沃尔夫、505、613〔费希特哲学一个方面〕,438,1277,interp
part0088,▲通俗哲学269、438洛克、481沃尔夫、505、613〔费希特哲学一个方面〕,481,1310,term
part0088,▲通俗哲学269、438洛克、481沃尔夫、505、613〔费希特哲学一个方面〕,505,1342,term
part0088,▲通俗哲学269、438洛克、481沃尔夫、505、613〔费希特哲学一个方面〕,613,1434,term
part0088,▲通俗哲学269、438洛克、481沃尔夫、505、613〔费希特哲学一个方面〕,438,1277,interp
part0088,▲通俗哲学269、438洛克、481沃尔夫、505、613〔费希特哲学一个方面〕,585,1412,interp
part0088,▲通俗哲学269、438洛克、481沃尔夫、505、613〔费希特哲学一个方面〕,328,1190,interp
part0088,▲通俗哲学269、438洛克、481沃尔夫、505、613〔费希特哲学一个方面〕,487,1328,term
part0088,▲经验哲学494，实践哲学438、478，道德哲学501，知性哲学610，理智哲,494,1334,term
part0088,▲经验哲学494，实践哲学438、478，道德哲学501，知性哲学610，理智哲,438,1277,interp
part0088,▲经验哲学494，实践哲学438、478，道德哲学501，知性哲学610，理智哲,478,1308,interp
part0088,▲经验哲学494，实践哲学438、478，道德哲学501，知性哲学610，理智哲,501,1339,term1
part0088,▲经验哲学494，实践哲学438、478，道德哲学501，知性哲学610，理智哲,610,1432,term1
part0088,▲经验哲学494，实践哲学438、478，道德哲学501，知性哲学610，理智哲,476,1306,term
part0088,▲经验哲学494，实践哲学438、478，道德哲学501，知性哲学610，理智哲,600,1424,interp
part0088,▲经验哲学494，实践哲学438、478，道德哲学501，知性哲学610，理智哲,587,1414,term1
part0088,▲经验哲学494，实践哲学438、478，道德哲学501，知性哲学610，理智哲,413,1257,term1
part0088,▲经验哲学494，实践哲学438、478，道德哲学501，知性哲学610，理智哲,11,,skip
part0088,▲先天哲学505，先验哲学650谢林，灵魂哲学473，实体性哲学473，经院哲学,505,1343,interp
part0088,▲先天哲学505，先验哲学650谢林，灵魂哲学473，实体性哲学473，经院哲学,650,1466,term
part0088,▲先天哲学505，先验哲学650谢林，灵魂哲学473，实体性哲学473，经院哲学,473,1304,interp
part0088,▲先天哲学505，先验哲学650谢林，灵魂哲学473，实体性哲学473，经院哲学,473,1304,interp
part0088,▲先天哲学505，先验哲学650谢林，灵魂哲学473，实体性哲学473，经院哲学,281,1148,term
part0088,▲先天哲学505，先验哲学650谢林，灵魂哲学473，实体性哲学473，经院哲学,291,1155,term
part0088,▲先天哲学505，先验哲学650谢林，灵魂哲学473，实体性哲学473，经院哲学,362,1217,interp
part0088,▲先天哲学505，先验哲学650谢林，灵魂哲学473，实体性哲学473，经院哲学,364,1218,term
part0088,▲先天哲学505，先验哲学650谢林，灵魂哲学473，实体性哲学473，经院哲学,587,1413,interp
part0088,▲先天哲学505，先验哲学650谢林，灵魂哲学473，实体性哲学473，经院哲学,648,1465,term
part0088,▲先天哲学505，先验哲学650谢林，灵魂哲学473，实体性哲学473，经院哲学,652,1467,interp
part0088,▲先天哲学505，先验哲学650谢林，灵魂哲学473，实体性哲学473，经院哲学,672,1483,interp
part0088,▲先天哲学505，先验哲学650谢林，灵魂哲学473，实体性哲学473，经院哲学,389,,skip
part0088,▲特定哲学616费希特、686，时髦哲学686，庸俗哲学456，唯一哲学686,616,1437,interp
part0088,▲特定哲学616费希特、686，时髦哲学686，庸俗哲学456，唯一哲学686,686,1495,interp
part0088,▲特定哲学616费希特、686，时髦哲学686，庸俗哲学456，唯一哲学686,686,1495,interp
part0088,▲特定哲学616费希特、686，时髦哲学686，庸俗哲学456，唯一哲学686,456,1292,term1
part0088,▲特定哲学616费希特、686，时髦哲学686，庸俗哲学456，唯一哲学686,686,1495,interp
part0088,——哲学的：目的429、437，任务535〔理解必然性最内在意义〕，616〔研究,429,1270,term
part0088,——哲学的：目的429、437，任务535〔理解必然性最内在意义〕，616〔研究,437,1277,interp
part0088,——哲学的：目的429、437，任务535〔理解必然性最内在意义〕，616〔研究,535,1371,term
part0088,——哲学的：目的429、437，任务535〔理解必然性最内在意义〕，616〔研究,616,1437,interp
part0088,——哲学的：目的429、437，任务535〔理解必然性最内在意义〕，616〔研究,575,1404,interp
part0088,——哲学的：目的429、437，任务535〔理解必然性最内在意义〕，616〔研究,275,1140,term
part0088,——哲学的：目的429、437，任务535〔理解必然性最内在意义〕，616〔研究,535,1371,interp
part0088,——哲学的：目的429、437，任务535〔理解必然性最内在意义〕，616〔研究,650,1466,interp
part0088,——哲学的：目的429、437，任务535〔理解必然性最内在意义〕，616〔研究,378,1229,interp
part0088,——哲学的：目的429、437，任务535〔理解必然性最内在意义〕，616〔研究,636,1454,interp
part0088,——哲学的：目的429、437，任务535〔理解必然性最内在意义〕，616〔研究,400,1247,term
part0088,——哲学的：目的429、437，任务535〔理解必然性最内在意义〕，616〔研究,615,1437,term
part0088,——哲学的：目的429、437，任务535〔理解必然性最内在意义〕，616〔研究,575,1404,interp
part0088,——哲学的：目的429、437，任务535〔理解必然性最内在意义〕，616〔研究,660,1473,term
part0088,——哲学的：目的429、437，任务535〔理解必然性最内在意义〕，616〔研究,437,1276,term
part0088,——哲学的：目的429、437，任务535〔理解必然性最内在意义〕，616〔研究,686,1494,term
part0088,——哲学的：目的429、437，任务535〔理解必然性最内在意义〕，616〔研究,544,1379,term
part0088,——哲学的：目的429、437，任务535〔理解必然性最内在意义〕，616〔研究,311,1170,interp
part0088,——哲学的：目的429、437，任务535〔理解必然性最内在意义〕，616〔研究,640,1458,interp
part0088,——哲学的：目的429、437，任务535〔理解必然性最内在意义〕，616〔研究,339,1200,interp
part0088,——哲学的：目的429、437，任务535〔理解必然性最内在意义〕，616〔研究,339,1199,term
part0088,——哲学的：目的429、437，任务535〔理解必然性最内在意义〕，616〔研究,343,1202,interp
part0088,——哲学的：目的429、437，任务535〔理解必然性最内在意义〕，616〔研究,523,1356,term
part0088,——哲学的：目的429、437，任务535〔理解必然性最内在意义〕，616〔研究,656,1471,term
part0088,——哲学的：目的429、437，任务535〔理解必然性最内在意义〕，616〔研究,272,1138,term
part0088,——哲学的：目的429、437，任务535〔理解必然性最内在意义〕，616〔研究,400,1247,interp
part0088,——哲学的：目的429、437，任务535〔理解必然性最内在意义〕，616〔研究,683,1492,interp
part0088,——哲学的：目的429、437，任务535〔理解必然性最内在意义〕，616〔研究,297,1159,term
part0088,——哲学的：目的429、437，任务535〔理解必然性最内在意义〕，616〔研究,270,1135,term
part0088,▲哲学要发挥绝对概念615,615,1436,interp
part0088,▲哲学体系274〔绝对合一性的表现方式〕，哲学导论610康德，哲学研究585、5,274,1140,term
part0088,▲哲学体系274〔绝对合一性的表现方式〕，哲学导论610康德，哲学研究585、5,610,1432,term1
part0088,▲哲学体系274〔绝对合一性的表现方式〕，哲学导论610康德，哲学研究585、5,585,1412,term
part0088,▲哲学体系274〔绝对合一性的表现方式〕，哲学导论610康德，哲学研究585、5,536,1372,interp
part0088,▲哲学体系274〔绝对合一性的表现方式〕，哲学导论610康德，哲学研究585、5,296,1158,term
part0088,▲哲学体系274〔绝对合一性的表现方式〕，哲学导论610康德，哲学研究585、5,330,1192,term
part0088,▲哲学体系274〔绝对合一性的表现方式〕，哲学导论610康德，哲学研究585、5,682,1491,term
part0088,——▲康德给哲学一个生机532▲沃尔夫在德国使哲学成为公共财产473,532,1363,interp
part0088,——▲康德给哲学一个生机532▲沃尔夫在德国使哲学成为公共财产473,473,1304,interp
part0088,哲人（philosophische Individuen/philosophic,276,1141,term1
part0088,哲学家（Philosoph/philosopher）：505〔亚当·斯密〕，42,505,1342,term
part0088,哲学家（Philosoph/philosopher）：505〔亚当·斯密〕，42,421,1264,term
part0088,哲学家（Philosoph/philosopher）：505〔亚当·斯密〕，42,537,1373,term
part0088,——哲学家不形成阶层276,276,1141,term
part0088,▲经院哲学家286，经验哲学家278，卓越的哲学家438〔牛顿〕，最伟大的哲学家,286,1151,term
part0088,▲经院哲学家286，经验哲学家278，卓越的哲学家438〔牛顿〕，最伟大的哲学家,278,1145,term1
part0088,▲经院哲学家286，经验哲学家278，卓越的哲学家438〔牛顿〕，最伟大的哲学家,438,1277,term1
part0088,▲经院哲学家286，经验哲学家278，卓越的哲学家438〔牛顿〕，最伟大的哲学家,537,1373,term1
part0088,▲经院哲学家286，经验哲学家278，卓越的哲学家438〔牛顿〕，最伟大的哲学家,278,,skip
part0088,——▲哲学家须否定特殊物376▲哲学家要有理智直观666谢林,376,1228,interp
part0088,——▲哲学家须否定特殊物376▲哲学家要有理智直观666谢林,666,1478,interp
part0088,真空（Vakuum/vacuum）：361,361,1216,term1
part0088,▲对立的具体统一本身是真理274、663，真理是具体的682〔客观、主观的统一〕,274,1140,interp
part0088,▲对立的具体统一本身是真理274、663，真理是具体的682〔客观、主观的统一〕,663,1476,interp
part0088,▲对立的具体统一本身是真理274、663，真理是具体的682〔客观、主观的统一〕,682,1491,term1
part0088,▲对立的具体统一本身是真理274、663，真理是具体的682〔客观、主观的统一〕,643,1460,term1
part0088,——真理是：概念加上实在性354笛卡尔，恰当的东西393斯宾诺莎,354,1211,term1
part0088,——真理是：概念加上实在性354笛卡尔，恰当的东西393斯宾诺莎,393,1241,term1
part0088,▲“否”是对真理的反击320波墨,320,1177,interp
part0088,▲自在真理499、500〔不在思想中〕，自在自为的真理384、267〔永恒东西〕,499,1338,interp
part0088,▲自在真理499、500〔不在思想中〕，自在自为的真理384、267〔永恒东西〕,500,1338,interp
part0088,▲自在真理499、500〔不在思想中〕，自在自为的真理384、267〔永恒东西〕,384,1234,term
part0088,▲自在真理499、500〔不在思想中〕，自在自为的真理384、267〔永恒东西〕,267,1134,interp
part0088,▲自在真理499、500〔不在思想中〕，自在自为的真理384、267〔永恒东西〕,419,1263,interp
part0088,▲自在真理499、500〔不在思想中〕，自在自为的真理384、267〔永恒东西〕,437,1277,interp
part0088,▲自在真理499、500〔不在思想中〕，自在自为的真理384、267〔永恒东西〕,535,1371,interp
part0088,▲自在真理499、500〔不在思想中〕，自在自为的真理384、267〔永恒东西〕,548,1382,interp
part0088,▲必然真理463，确定的真理504柏阿蒂，绝对真理372斯宾诺莎，永恒真理265,463,1296,interp
part0088,▲必然真理463，确定的真理504柏阿蒂，绝对真理372斯宾诺莎，永恒真理265,504,1342,term
part0088,▲必然真理463，确定的真理504柏阿蒂，绝对真理372斯宾诺莎，永恒真理265,372,1224,term
part0088,▲必然真理463，确定的真理504柏阿蒂，绝对真理372斯宾诺莎，永恒真理265,265,1132,interp
part0088,▲必然真理463，确定的真理504柏阿蒂，绝对真理372斯宾诺莎，永恒真理265,351,1208,interp
part0088,▲必然真理463，确定的真理504柏阿蒂，绝对真理372斯宾诺莎，永恒真理265,356,1212,term
part0088,▲必然真理463，确定的真理504柏阿蒂，绝对真理372斯宾诺莎，永恒真理265,404,1250,interp
part0088,▲必然真理463，确定的真理504柏阿蒂，绝对真理372斯宾诺莎，永恒真理265,464,1297,interp
part0088,▲必然真理463，确定的真理504柏阿蒂，绝对真理372斯宾诺莎，永恒真理265,302,1163,interp
part0088,▲必然真理463，确定的真理504柏阿蒂，绝对真理372斯宾诺莎，永恒真理265,663,1476,interp
part0088,▲必然真理463，确定的真理504柏阿蒂，绝对真理372斯宾诺莎，永恒真理265,510,1347,term1
part0088,▲必然真理463，确定的真理504柏阿蒂，绝对真理372斯宾诺莎，永恒真理265,503,1341,interp
part0088,▲必然真理463，确定的真理504柏阿蒂，绝对真理372斯宾诺莎，永恒真理265,301,1163,term1
part0088,▲必然真理463，确定的真理504柏阿蒂，绝对真理372斯宾诺莎，永恒真理265,503,1341,term1
part0088,▲必然真理463，确定的真理504柏阿蒂，绝对真理372斯宾诺莎，永恒真理265,646,1463,interp
part0088,▲必然真理463，确定的真理504柏阿蒂，绝对真理372斯宾诺莎，永恒真理265,504,1342,interp
part0088,▲必然真理463，确定的真理504柏阿蒂，绝对真理372斯宾诺莎，永恒真理265,691,1499,term1
part0088,▲表象真理367〔神〕笛卡尔，自然真理362〔由思维的思想予以规定〕，精神的真理,367,1221,interp
part0088,▲表象真理367〔神〕笛卡尔，自然真理362〔由思维的思想予以规定〕，精神的真理,362,1217,interp
part0088,▲表象真理367〔神〕笛卡尔，自然真理362〔由思维的思想予以规定〕，精神的真理,900,,none
part0088,▲表象真理367〔神〕笛卡尔，自然真理362〔由思维的思想予以规定〕，精神的真理,403,1249,interp
part0088,▲表象真理367〔神〕笛卡尔，自然真理362〔由思维的思想予以规定〕，精神的真理,534,1365,term1
part0088,▲表象真理367〔神〕笛卡尔，自然真理362〔由思维的思想予以规定〕，精神的真理,510,1347,term
part0088,▲表象真理367〔神〕笛卡尔，自然真理362〔由思维的思想予以规定〕，精神的真理,503,1341,term1
part0088,▲表象真理367〔神〕笛卡尔，自然真理362〔由思维的思想予以规定〕，精神的真理,426,1268,term1
part0088,——真理的：意义421〔观念与事物一致〕洛克，道路270〔从当前东西到共相〕，绝,421,1264,term
part0088,——真理的：意义421〔观念与事物一致〕洛克，道路270〔从当前东西到共相〕，绝,270,1137,term
part0088,——真理的：意义421〔观念与事物一致〕洛克，道路270〔从当前东西到共相〕，绝,372,1224,term1
part0088,——真理的：意义421〔观念与事物一致〕洛克，道路270〔从当前东西到共相〕，绝,417,1261,interp
part0088,——真理和：无限理念554康德，永恒真理和充足理由464，经验417,554,1388,interp
part0088,——真理和：无限理念554康德，永恒真理和充足理由464，经验417,464,1297,interp
part0088,——真理和：无限理念554康德，永恒真理和充足理由464，经验417,417,1260,term
part0088,——▲真理在心灵中589康德,589,1415,interp
part0088,——一切世间东西无真理性390，范畴本身和理性的无条件者无真理性582，具体统一,390,1239,term
part0088,——一切世间东西无真理性390，范畴本身和理性的无条件者无真理性582，具体统一,582,1410,term
part0088,——一切世间东西无真理性390，范畴本身和理性的无条件者无真理性582，具体统一,582,1410,term
part0088,▲客观的真理288，自然的真理性683,288,1153,term
part0088,▲客观的真理288，自然的真理性683,683,1492,term1
part0088,真的东西（das Wahre/the truth）：537耶可比，真相455,537,1373,term
part0088,真的东西（das Wahre/the truth）：537耶可比，真相455,455,1290,term
part0088,真实性（Wahrhaftigkeit）：352,352,1209,term
part0088,正义（Recht/right）：500,500,1338,term
part0088,正直（Gerechtigkeit/Justice）：472,472,1304,term
part0088,▲知性有思想无内容565▲理智在现世事物中滋长266,565,1396,interp
part0088,▲知性有思想无内容565▲理智在现世事物中滋长266,266,1133,interp
part0088,▲理智把具体内容二重化656▲把有限东西提高到普遍性267▲把对立面转化说成胡说,656,1471,interp
part0088,▲理智把具体内容二重化656▲把有限东西提高到普遍性267▲把对立面转化说成胡说,267,1134,interp
part0088,▲理智把具体内容二重化656▲把有限东西提高到普遍性267▲把对立面转化说成胡说,663,1476,interp
part0088,▲理智把具体内容二重化656▲把有限东西提高到普遍性267▲把对立面转化说成胡说,375,1227,interp
part0088,——知性是：思维特定方式（样式）388、391斯宾诺莎，思维的能动性563、56,388,1238,interp
part0088,——知性是：思维特定方式（样式）388、391斯宾诺莎，思维的能动性563、56,391,1240,interp
part0088,——知性是：思维特定方式（样式）388、391斯宾诺莎，思维的能动性563、56,563,1394,interp
part0088,——知性是：思维特定方式（样式）388、391斯宾诺莎，思维的能动性563、56,565,1396,interp
part0088,——知性是：思维特定方式（样式）388、391斯宾诺莎，思维的能动性563、56,546,1380,interp
part0088,——知性是：思维特定方式（样式）388、391斯宾诺莎，思维的能动性563、56,574,1403,term
part0088,——知性是：思维特定方式（样式）388、391斯宾诺莎，思维的能动性563、56,431,1272,interp
part0088,——知性是：思维特定方式（样式）388、391斯宾诺莎，思维的能动性563、56,601,1425,term1
part0088,——知性是：思维特定方式（样式）388、391斯宾诺莎，思维的能动性563、56,565,1396,interp
part0088,——知性是：思维特定方式（样式）388、391斯宾诺莎，思维的能动性563、56,420,1264,term1
part0088,▲知性先天具有概念、思想565康德，知性从具体观念得普遍观念433洛克，共相就是,565,1396,interp
part0088,▲知性先天具有概念、思想565康德，知性从具体观念得普遍观念433洛克，共相就是,433,1273,interp
part0088,▲知性先天具有概念、思想565康德，知性从具体观念得普遍观念433洛克，共相就是,600,1424,term1
part0088,▲知性先天具有概念、思想565康德，知性从具体观念得普遍观念433洛克，共相就是,596,1420,interp
part0088,▲知性先天具有概念、思想565康德，知性从具体观念得普遍观念433洛克，共相就是,上389,1238,interp
part0088,▲知性先天具有概念、思想565康德，知性从具体观念得普遍观念433洛克，共相就是,上663,1476,term1
part0088,——知性的：本质432（形式活动）洛克，思想565，能动性432，活动605，严,432,1273,term
part0088,——知性的：本质432（形式活动）洛克，思想565，能动性432，活动605，严,565,1396,term
part0088,——知性的：本质432（形式活动）洛克，思想565，能动性432，活动605，严,432,1272,term
part0088,——知性的：本质432（形式活动）洛克，思想565，能动性432，活动605，严,605,1428,term
part0088,——知性的：本质432（形式活动）洛克，思想565，能动性432，活动605，严,531,1363,term
part0088,——知性的：本质432（形式活动）洛克，思想565，能动性432，活动605，严,656,1471,term
part0088,——知性的：本质432（形式活动）洛克，思想565，能动性432，活动605，严,479,1309,term
part0088,——知性的：本质432（形式活动）洛克，思想565，能动性432，活动605，严,673,1483,term
part0088,——知性的：本质432（形式活动）洛克，思想565，能动性432，活动605，严,673,1484,term
part0088,——知性的：本质432（形式活动）洛克，思想565，能动性432，活动605，严,513,1349,term1
part0088,——知性的：本质432（形式活动）洛克，思想565，能动性432，活动605，严,632,1451,term
part0088,——知性的：本质432（形式活动）洛克，思想565，能动性432，活动605，严,550,1384,term
part0088,——知性的：本质432（形式活动）洛克，思想565，能动性432，活动605，严,639,1456,term
part0088,——知性的：本质432（形式活动）洛克，思想565，能动性432，活动605，严,632,1450,term
part0088,▲理智世界642，理智规律600，理智原则503锐德，知性知识576、586，知,642,1460,term
part0088,▲理智世界642，理智规律600，理智原则503锐德，知性知识576、586，知,600,1424,term1
part0088,▲理智世界642，理智规律600，理智原则503锐德，知性知识576、586，知,503,1341,term
part0088,▲理智世界642，理智规律600，理智原则503锐德，知性知识576、586，知,576,1404,term
part0088,▲理智世界642，理智规律600，理智原则503锐德，知性知识576、586，知,586,1413,interp
part0088,▲理智世界642，理智规律600，理智原则503锐德，知性知识576、586，知,587,1413,term1
part0088,▲理智世界642，理智规律600，理智原则503锐德，知性知识576、586，知,486,1327,term
part0088,▲理智世界642，理智规律600，理智原则503锐德，知性知识576、586，知,512,1349,term1
part0088,▲理智世界642，理智规律600，理智原则503锐德，知性知识576、586，知,592,1417,interp
part0088,▲能思的知性573，思维的理智267、274，理解的理智381，推理的理智513,573,1402,term1
part0088,▲能思的知性573，思维的理智267、274，理解的理智381，推理的理智513,267,1134,term
part0088,▲能思的知性573，思维的理智267、274，理解的理智381，推理的理智513,274,1140,interp
part0088,▲能思的知性573，思维的理智267、274，理解的理智381，推理的理智513,381,1232,term1
part0088,▲能思的知性573，思维的理智267、274，理解的理智381，推理的理智513,513,1349,term1
part0088,▲能思的知性573，思维的理智267、274，理解的理智381，推理的理智513,441,1280,term
part0088,▲能思的知性573，思维的理智267、274，理解的理智381，推理的理智513,645,1462,interp
part0088,▲能思的知性573，思维的理智267、274，理解的理智381，推理的理智513,265,1132,term
part0088,▲能思的知性573，思维的理智267、274，理解的理智381，推理的理智513,652,1467,term1
part0088,▲能思的知性573，思维的理智267、274，理解的理智381，推理的理智513,393,1241,term1
part0088,▲能思的知性573，思维的理智267、274，理解的理智381，推理的理智513,538,1374,term
part0088,▲能思的知性573，思维的理智267、274，理解的理智381，推理的理智513,539,1374,term1
part0088,▲能思的知性573，思维的理智267、274，理解的理智381，推理的理智513,604,1427,interp
part0088,▲能思的知性573，思维的理智267、274，理解的理智381，推理的理智513,652,1467,term1
part0088,▲能思的知性573，思维的理智267、274，理解的理智381，推理的理智513,485,1327,term1
part0088,▲能思的知性573，思维的理智267、274，理解的理智381，推理的理智513,268,1135,interp
part0088,▲能思的知性573，思维的理智267、274，理解的理智381，推理的理智513,598,1422,term
part0088,▲能思的知性573，思维的理智267、274，理解的理智381，推理的理智513,532,1363,term1
part0088,▲能思的知性573，思维的理智267、274，理解的理智381，推理的理智513,639,1457,term1
part0088,▲能思的知性573，思维的理智267、274，理解的理智381，推理的理智513,639,1457,term
part0088,▲能思的知性573，思维的理智267、274，理解的理智381，推理的理智513,550,1384,term1
part0088,▲能思的知性573，思维的理智267、274，理解的理智381，推理的理智513,673,1483,interp
part0088,▲能思的知性573，思维的理智267、274，理解的理智381，推理的理智513,639,1457,term1
part0088,▲能思的知性573，思维的理智267、274，理解的理智381，推理的理智513,270,1137,term1
part0088,——知性和：理性597耶可比，自然652，空间461，精神631，区别663，斯,597,1421,term
part0088,——知性和：理性597耶可比，自然652，空间461，精神631，区别663，斯,652,1467,term
part0088,——知性和：理性597耶可比，自然652，空间461，精神631，区别663，斯,461,1295,term
part0088,——知性和：理性597耶可比，自然652，空间461，精神631，区别663，斯,631,1450,term
part0088,——知性和：理性597耶可比，自然652，空间461，精神631，区别663，斯,663,1476,term
part0088,——知性和：理性597耶可比，自然652，空间461，精神631，区别663，斯,600,1424,interp
part0088,——知性和：理性597耶可比，自然652，空间461，精神631，区别663，斯,600,1424,term
part0088,——知性和：理性597耶可比，自然652，空间461，精神631，区别663，斯,600,1423,term
part0088,——知性和：理性597耶可比，自然652，空间461，精神631，区别663，斯,598,1422,term
part0088,——▲理智是对有限事物的启示545耶可比▲个人的理智与宗教虔诚对立271实在论▲,545,1379,term1
part0088,——▲理智是对有限事物的启示545耶可比▲个人的理智与宗教虔诚对立271实在论▲,271,1137,interp
part0088,——▲理智是对有限事物的启示545耶可比▲个人的理智与宗教虔诚对立271实在论▲,512,1348,interp
part0088,Kategorie des Verstand）es 610〔和效准〕康德,610,1432,interp
part0088,〔例〕一和多、简单和复合、有限和无限、因果关系477，事物、实体579〔范畴〕,477,1307,interp
part0088,〔例〕一和多、简单和复合、有限和无限、因果关系477，事物、实体579〔范畴〕,579,1406,term
part0088,——范畴是知性规定，不是自在东西572；属性或理智规定389，表象即理智范畴49,572,1401,interp
part0088,——范畴是知性规定，不是自在东西572；属性或理智规定389，表象即理智范畴49,389,1238,interp
part0088,——范畴是知性规定，不是自在东西572；属性或理智规定389，表象即理智范畴49,495,1335,interp
part0088,——范畴是知性规定，不是自在东西572；属性或理智规定389，表象即理智范畴49,596,1420,interp
part0088,▲哲学变换关于自然的知性范畴673,673,1483,interp
part0088,▲互相排斥的理智规定477，得自观察、具有理智规定的共相（开普勒定律）271，关,477,1307,term1
part0088,▲互相排斥的理智规定477，得自观察、具有理智规定的共相（开普勒定律）271，关,271,1137,interp
part0088,▲互相排斥的理智规定477，得自观察、具有理智规定的共相（开普勒定律）271，关,673,1483,interp
part0088,▲互相排斥的理智规定477，得自观察、具有理智规定的共相（开普勒定律）271，关,377,1229,term1
part0088,▲知性的诸规定，客体的诸规定（范畴），表象人诸规定都是综合的方式630,630,1449,term1
part0088,——▲门德尔松形而上学思维使思想规定以理智规定为根据556▲沃尔夫把表象转化为理,556,1389,interp
part0088,——▲门德尔松形而上学思维使思想规定以理智规定为根据556▲沃尔夫把表象转化为理,479,1309,interp
part0088,——▲门德尔松形而上学思维使思想规定以理智规定为根据556▲沃尔夫把表象转化为理,477,1307,interp
part0088,知识（Wissen/knowledge）：503、650、678,503,1341,term
part0088,知识（Wissen/knowledge）：503、650、678,650,1465,term
part0088,知识（Wissen/knowledge）：503、650、678,678,1487,term
part0088,▲直接知识544、546〔信仰〕耶可比、574，间接知识544，先天知识283，,544,1378,term
part0088,▲直接知识544、546〔信仰〕耶可比、574，间接知识544，先天知识283，,546,1381,term
part0088,▲直接知识544、546〔信仰〕耶可比、574，间接知识544，先天知识283，,574,1403,interp
part0088,▲直接知识544、546〔信仰〕耶可比、574，间接知识544，先天知识283，,544,1379,term
part0088,▲直接知识544、546〔信仰〕耶可比、574，间接知识544，先天知识283，,283,1149,term1
part0088,▲直接知识544、546〔信仰〕耶可比、574，间接知识544，先天知识283，,404,1251,term1
part0088,▲直接知识544、546〔信仰〕耶可比、574，间接知识544，先天知识283，,288,1153,term1
part0088,▲直接知识544、546〔信仰〕耶可比、574，间接知识544，先天知识283，,667,1480,term1
part0088,▲直接知识544、546〔信仰〕耶可比、574，间接知识544，先天知识283，,616,1437,term
part0088,▲直接知识544、546〔信仰〕耶可比、574，间接知识544，先天知识283，,412,1257,interp
part0088,——▲经验以外的知识不存在496休谟▲康德没有给知识（E./K.）下定义 575,496,1335,interp
part0088,——▲经验以外的知识不存在496休谟▲康德没有给知识（E./K.）下定义 575,575,1404,interp
part0088,知识学（Wissenschaftslehre）：613费希特,613,1435,term
part0088,知觉（Perzeption，Wahrnehmung/perception）：可称,458,1293,term
part0088,——知觉是：一种规定性和变化459,459,1293,term
part0088,▲知觉包罗万象495〔洛克主义〕,495,1335,interp
part0088,——▲个别知觉420，外在知觉500，具体知觉437〔和普遍观念〕洛克,420,1263,term
part0088,——▲个别知觉420，外在知觉500，具体知觉437〔和普遍观念〕洛克,500,1338,interp
part0088,——▲个别知觉420，外在知觉500，具体知觉437〔和普遍观念〕洛克,437,1277,interp
part0088,——知觉和：欲望460〔洛克主义〕，普遍性、必然性范畴555休谟，经验主义者28,460,1294,term
part0088,——知觉和：欲望460〔洛克主义〕，普遍性、必然性范畴555休谟，经验主义者28,555,1388,interp
part0088,——知觉和：欲望460〔洛克主义〕，普遍性、必然性范畴555休谟，经验主义者28,289,1153,term
part0088,——知觉和：欲望460〔洛克主义〕，普遍性、必然性范畴555休谟，经验主义者28,417,1260,term
part0088,▲能知觉的东西459，意识的知觉460〔摄觉〕莱布尼茨,459,1293,term
part0088,▲能知觉的东西459，意识的知觉460〔摄觉〕莱布尼茨,460,1294,term1
part0088,▲知觉间的关系461莱布尼茨,461,1295,interp
part0088,——▲洛克从知觉出发438▲存在就是被知觉506〔英国唯心论〕,438,1277,interp
part0088,——▲洛克从知觉出发438▲存在就是被知觉506〔英国唯心论〕,506,1343,term1
part0088,直观（Anschauung/intuition）：546〔特殊认识〕耶可比,546,1381,term
part0088,▲感性直观654、660，理智直观654、659〔矛盾的绝对统一〕谢林、680、,654,1469,interp
part0088,▲感性直观654、660，理智直观654、659〔矛盾的绝对统一〕谢林、680、,660,1474,term
part0088,▲感性直观654、660，理智直观654、659〔矛盾的绝对统一〕谢林、680、,654,1469,term
part0088,▲感性直观654、660，理智直观654、659〔矛盾的绝对统一〕谢林、680、,659,1473,interp
part0088,▲感性直观654、660，理智直观654、659〔矛盾的绝对统一〕谢林、680、,680,1489,term
part0088,▲感性直观654、660，理智直观654、659〔矛盾的绝对统一〕谢林、680、,688,1497,interp
part0088,▲感性直观654、660，理智直观654、659〔矛盾的绝对统一〕谢林、680、,666,1478,interp
part0088,▲内心直观（innere A. /inward i.） 667、内在直观527，,667,1479,term1
part0088,▲内心直观（innere A. /inward i.） 667、内在直观527，,527,1359,term1
part0088,▲内心直观（innere A. /inward i.） 667、内在直观527，,660,1473,interp
part0088,▲内心直观（innere A. /inward i.） 667、内在直观527，,338,1198,interp
part0088,▲灵魂的直观667柏拉图，神圣直观300,667,1479,term1
part0088,▲灵魂的直观667柏拉图，神圣直观300,300,1162,term1
part0088,549〔二者的对立〕、550,549,1383,interp
part0088,549〔二者的对立〕、550,550,1384,interp
part0088,▲具有存在意义的直接性546，内在直接性417，单纯的直接性343,546,1380,term1
part0088,▲具有存在意义的直接性546，内在直接性417，单纯的直接性343,417,1261,term1
part0088,▲具有存在意义的直接性546，内在直接性417，单纯的直接性343,343,1202,term1
part0088,——直接性是一个片面的规定343,343,1202,term1
part0088,智慧（Weisheit/wisdom）：391，（Gescheit）596,391,1240,term
part0088,智慧（Weisheit/wisdom）：391，（Gescheit）596,596,1420,term
part0088,——智慧是：决定目的、设定限制的391斯宾诺莎,391,1240,term
part0088,▲神的智慧466，世间智慧（Welt w./worldly w.） 271〔哲学,466,1298,term
part0088,▲神的智慧466，世间智慧（Welt w./worldly w.） 271〔哲学,271,1137,term1
part0088,▲神的智慧466，世间智慧（Welt w./worldly w.） 271〔哲学,679,1488,interp
part0088,▲神的智慧466，世间智慧（Welt w./worldly w.） 271〔哲学,309,1169,interp
part0088,——智慧和：神（绝对力量）391〔二者对立〕,391,1240,interp
part0088,——关于智慧的最后观点596,596,1420,interp
part0088,秩序（Ordnung/order）：471,471,1302,term
part0088,——秩序是：事物的普遍规定357,357,1213,term
part0088,▲自然界的秩序389，自然事物的秩序388，道德的世界秩序（Weltordnun,389,1238,term
part0088,▲自然界的秩序389，自然事物的秩序388，道德的世界秩序（Weltordnun,388,1237,term1
part0088,▲自然界的秩序389，自然事物的秩序388，道德的世界秩序（Weltordnun,416,1260,interp
part0088,▲自然界的秩序389，自然事物的秩序388，道德的世界秩序（Weltordnun,388,1238,term1
part0088,▲自然界的秩序389，自然事物的秩序388，道德的世界秩序（Weltordnun,586,1413,interp
part0088,▲秩序规律900,900,,none
part0088,——秩序和：间接性549〔二者对立〕,549,1383,term
part0088,质（Qualität/quality）：540,540,1375,interp
part0088,质料（Materie/material）：678〔和形式〕，世界的质料351波墨,678,1487,term
part0088,质料（Materie/material）：678〔和形式〕，世界的质料351波墨,351,1208,term1
part0088,质料（Materie/material）：678〔和形式〕，世界的质料351波墨,600,1424,term1
part0088,中和者（Neutral/neutral）：抽象的中和者316〔神〕波墨,316,1174,term1
part0088,▲思维与存在的中介340笛卡尔，理智的可能性和非理智的中介者（Mittler） ,340,1200,term1
part0088,▲思维与存在的中介340笛卡尔，理智的可能性和非理智的中介者（Mittler） ,679,1488,interp
part0088,——中介的：扬弃343,343,1202,term
part0088,——中介和：规定630费希特，神的真实性900笛卡尔,630,1449,term
part0088,——中介和：规定630费希特，神的真实性900笛卡尔,900,,none
part0088,▲中介物（Mittelding/mediator）367笛卡尔、马勒伯朗士,367,1221,term
part0088,——▲康德、耶可比关于上帝的观点缺乏中介性（Vermittlung）　900,900,,none
part0088,主观（的）和客观（的）（Subjektiv und Objektiv/Subje,661,1474,term
part0088,主观（的）和客观（的）（Subjektiv und Objektiv/Subje,662,1475,term
part0088,主观性、客观性（Subjektivität，Objektivität）：662，,662,1475,term1
part0088,主观性、客观性（Subjektivität，Objektivität）：662，,375,1227,interp
part0088,主观性、客观性（Subjektivität，Objektivität）：662，,572,1401,interp
part0088,主观性、客观性（Subjektivität，Objektivität）：662，,589,1415,interp
part0088,主观性、客观性（Subjektivität，Objektivität）：662，,642,1459,interp
part0088,▲东方的主观性686，单纯主观性550，抽象主观性900笛卡尔,686,1495,term1
part0088,▲东方的主观性686，单纯主观性550，抽象主观性900笛卡尔,550,1384,interp
part0088,▲东方的主观性686，单纯主观性550，抽象主观性900笛卡尔,900,,none
part0088,——主观性不承认权威269,269,1135,interp
part0088,主体（Subjekt/Subject）：419、420、498〔和经验〕、660,419,1262,term
part0088,主体（Subjekt/Subject）：419、420、498〔和经验〕、660,420,1263,term
part0088,主体（Subjekt/Subject）：419、420、498〔和经验〕、660,498,1337,term
part0088,主体（Subjekt/Subject）：419、420、498〔和经验〕、660,660,1474,term
part0088,▲思维的主体577，先验的主体578,577,1405,term
part0088,▲思维的主体577，先验的主体578,578,1405,term
part0088,众多性（Vielheit/multiplicity）：399、461,399,1246,term
part0088,众多性（Vielheit/multiplicity）：399、461,461,1294,term
part0088,▲无限的众多性471，绝对的众多性435、455〔莱布尼茨哲学的基础〕、473,471,1302,term1
part0088,▲无限的众多性471，绝对的众多性435、455〔莱布尼茨哲学的基础〕、473,435,1275,interp
part0088,▲无限的众多性471，绝对的众多性435、455〔莱布尼茨哲学的基础〕、473,455,1291,interp
part0088,▲无限的众多性471，绝对的众多性435、455〔莱布尼茨哲学的基础〕、473,473,1304,interp
part0088,——众多性和：单纯性459,459,1293,term
part0088,▲自然状态444，动物状态443，应然的状态（rechtlicher Z. /c,444,1282,term
part0088,▲自然状态444，动物状态443，应然的状态（rechtlicher Z. /c,443,1281,term1
part0088,▲自然状态444，动物状态443，应然的状态（rechtlicher Z. /c,444,1282,term1
part0088,▲自然状态444，动物状态443，应然的状态（rechtlicher Z. /c,511,1348,term1
part0088,——思维促成对立面的转化，理智否认转化663,663,1476,term
part0088,▲主观的东西向客观转化662,662,1475,interp
part0088,▲自然是精神不自觉行动的产物690,690,1498,interp
part0088,——自然是：有限世界267，精神的一个领域269，思想形式系统的外在存在方式67,267,1134,interp
part0088,——自然是：有限世界267，精神的一个领域269，思想形式系统的外在存在方式67,269,1135,interp
part0088,——自然是：有限世界267，精神的一个领域269，思想形式系统的外在存在方式67,673,1483,interp
part0088,——自然是：有限世界267，精神的一个领域269，思想形式系统的外在存在方式67,373,1226,term
part0088,——自然是：有限世界267，精神的一个领域269，思想形式系统的外在存在方式67,679,1488,interp
part0088,——自然是：有限世界267，精神的一个领域269，思想形式系统的外在存在方式67,519,1354,term
part0088,——自然是：有限世界267，精神的一个领域269，思想形式系统的外在存在方式67,487,1328,term
part0088,——自然是：有限世界267，精神的一个领域269，思想形式系统的外在存在方式67,651,1467,interp
part0088,——自然是：有限世界267，精神的一个领域269，思想形式系统的外在存在方式67,673,1483,interp
part0088,——自然是：有限世界267，精神的一个领域269，思想形式系统的外在存在方式67,520,1355,term
part0088,——自然是：有限世界267，精神的一个领域269，思想形式系统的外在存在方式67,523,1356,term
part0088,▲感性自然266、497〔和习惯〕，经验的自然283〔人认识的对象〕，〔物理的自,266,1133,term
part0088,▲感性自然266、497〔和习惯〕，经验的自然283〔人认识的对象〕，〔物理的自,497,1337,term
part0088,▲感性自然266、497〔和习惯〕，经验的自然283〔人认识的对象〕，〔物理的自,283,1149,term1
part0088,▲感性自然266、497〔和习惯〕，经验的自然283〔人认识的对象〕，〔物理的自,659,1473,term1
part0088,▲感性自然266、497〔和习惯〕，经验的自然283〔人认识的对象〕，〔物理的自,270,1137,term1
part0088,▲感性自然266、497〔和习惯〕，经验的自然283〔人认识的对象〕，〔物理的自,659,1473,interp
part0088,▲感性自然266、497〔和习惯〕，经验的自然283〔人认识的对象〕，〔物理的自,652,1467,term1
part0088,▲感性自然266、497〔和习惯〕，经验的自然283〔人认识的对象〕，〔物理的自,683,1492,term1
part0088,▲感性自然266、497〔和习惯〕，经验的自然283〔人认识的对象〕，〔物理的自,511,1348,term1
part0088,——自然的：自在本性436，外壳652，丰富性523，理智性格652，知识509,436,1275,term
part0088,——自然的：自在本性436，外壳652，丰富性523，理智性格652，知识509,652,1467,term1
part0088,——自然的：自在本性436，外壳652，丰富性523，理智性格652，知识509,523,1356,term1
part0088,——自然的：自在本性436，外壳652，丰富性523，理智性格652，知识509,652,1468,term1
part0088,——自然的：自在本性436，外壳652，丰富性523，理智性格652，知识509,509,1346,term
part0088,——自然的：自在本性436，外壳652，丰富性523，理智性格652，知识509,436,1275,term
part0088,▲自然事物652，自然理论652，自然的存在324，自然之光325，自然存在54,652,1468,term
part0088,▲自然事物652，自然理论652，自然的存在324，自然之光325，自然存在54,652,1467,term1
part0088,▲自然事物652，自然理论652，自然的存在324，自然之光325，自然存在54,324,1180,term1
part0088,▲自然事物652，自然理论652，自然的存在324，自然之光325，自然存在54,325,1181,term1
part0088,▲自然事物652，自然理论652，自然的存在324，自然之光325，自然存在54,542,1376,term
part0088,▲自然事物652，自然理论652，自然的存在324，自然之光325，自然存在54,510,1347,term
part0088,▲自然事物652，自然理论652，自然的存在324，自然之光325，自然存在54,375,1227,term
part0088,▲自然事物652，自然理论652，自然的存在324，自然之光325，自然存在54,683,1492,interp
part0088,▲自然事物652，自然理论652，自然的存在324，自然之光325，自然存在54,466,1298,interp
part0088,▲自然事物652，自然理论652，自然的存在324，自然之光325，自然存在54,396,1244,interp
part0088,——自然和：人650，精神651〔二者向对方过渡〕谢林，理性281〔二者和谐〕,650,1466,interp
part0088,——自然和：人650，精神651〔二者向对方过渡〕谢林，理性281〔二者和谐〕,651,1467,term
part0088,——自然和：人650，精神651〔二者向对方过渡〕谢林，理性281〔二者和谐〕,281,1148,term
part0088,▲自然中没有飞跃478〔抽象形而上学命题〕,478,1308,term1
part0088,——▲斯宾诺莎不讨论自然370▲罗比耐在自然之上设定了不知道的神523▲谢林把概,370,1223,interp
part0088,——▲斯宾诺莎不讨论自然370▲罗比耐在自然之上设定了不知道的神523▲谢林把概,523,1356,interp
part0088,——▲斯宾诺莎不讨论自然370▲罗比耐在自然之上设定了不知道的神523▲谢林把概,673,1483,interp
part0088,——▲斯宾诺莎不讨论自然370▲罗比耐在自然之上设定了不知道的神523▲谢林把概,639,1457,term1
part0088,自然界（Natur，Physisch/nature）：278、502,278,1145,term
part0088,自然界（Natur，Physisch/nature）：278、502,502,1340,term
part0088,▲有限的自然界278，物理自然界270，外在自然界278,278,1145,term1
part0088,▲有限的自然界278，物理自然界270，外在自然界278,270,1137,term1
part0088,▲有限的自然界278，物理自然界270，外在自然界278,278,1145,term1
part0088,自然物（natürliches Ding/natural thing）：323〔,323,1179,term
part0088,▲英国人把自我意识当作自然物（physical t.） 506，有限的自然物（N,506,1343,interp
part0088,▲英国人把自我意识当作自然物（physical t.） 506，有限的自然物（N,373,1226,term1
part0088,▲本体具有自然物的形式510,510,1347,interp
part0088,自然律/自然的规律（Gesetze der Natur）：466、526,466,1298,term
part0088,自然律/自然的规律（Gesetze der Natur）：466、526,526,1359,term1
part0088,自然法（Naturrecht/Rights of Nature）：436洛克，4,436,1276,term
part0088,自然法（Naturrecht/Rights of Nature）：436洛克，4,478,1308,term
part0088,自然法（Naturrecht/Rights of Nature）：436洛克，4,639,1456,term
part0088,自然主义（Naturalismus/naturalism）：唯物论或自然主义51,511,1347,term
part0088,自然主义（Naturalismus/naturalism）：唯物论或自然主义51,523,1357,term
part0088,自然主义（Naturalismus/naturalism）：唯物论或自然主义51,330,1192,term
part0088,自然观（Naturanschauung/theory of Nature）：67,673,1484,term
part0088,自然观（Naturanschauung/theory of Nature）：67,588,1414,term1
part0088,——自我是：理念和范畴的源泉618，绝对的一个环节634，能把捉者566,618,1438,term1
part0088,——自我是：理念和范畴的源泉618，绝对的一个环节634，能把捉者566,634,1452,term
part0088,——自我是：理念和范畴的源泉618，绝对的一个环节634，能把捉者566,566,1397,term1
part0088,▲自觉的自我641，绝对的自我632，理智的自我632，枯燥的自我619，空虚的,641,1458,term1
part0088,▲自觉的自我641，绝对的自我632，理智的自我632，枯燥的自我619，空虚的,632,1451,term
part0088,▲自觉的自我641，绝对的自我632，理智的自我632，枯燥的自我619，空虚的,632,1451,term1
part0088,▲自觉的自我641，绝对的自我632，理智的自我632，枯燥的自我619，空虚的,619,1440,term1
part0088,▲自觉的自我641，绝对的自我632，理智的自我632，枯燥的自我619，空虚的,641,1458,term1
part0088,——自我的：两种倾向659〔向内、向外倾向〕，对方658〔非我〕，活动625,659,1473,interp
part0088,——自我的：两种倾向659〔向内、向外倾向〕，对方658〔非我〕，活动625,658,1472,term
part0088,——自我的：两种倾向659〔向内、向外倾向〕，对方658〔非我〕，活动625,625,1444,term
part0088,自决性（Selbstdetermination/self-determinati,470,1301,term1
part0088,自我性（Selbheit/the self）：326、533,326,1181,term
part0088,自我性（Selbheit/the self）：326、533,533,1365,term
part0088,自我区别（Sich-Unterscheiden/self-distinction,614,1436,interp
part0088,316,316,1174,interp
part0088,自发性（Spontaneität/spontaneity）：单子的自发性460〔,460,1294,term1
part0088,——自由就是自发性470,470,1301,term1
part0088,——自由是：自发性470,470,1301,term
part0088,▲普遍自由639，主观自由（l.） 525，意志自由900,639,1457,term1
part0088,▲普遍自由639，主观自由（l.） 525，意志自由900,525,1358,term
part0088,▲普遍自由639，主观自由（l.） 525，意志自由900,900,,none
part0088,▲表象者的自由491，自在的自由391,491,1332,term1
part0088,▲表象者的自由491，自在的自由391,391,1240,interp
part0088,——自由的：原则550、529,550,1384,term
part0088,——自由的：原则550、529,529,1361,interp
part0088,——自由和：必然390斯宾诺莎，434,390,1239,term
part0088,——自由和：必然390斯宾诺莎，434,434,1274,term
part0088,宗教（Religion/religion）：642〔最高的虚幻性〕，276、63,642,1460,term
part0088,宗教（Religion/religion）：642〔最高的虚幻性〕，276、63,276,1142,term
part0088,宗教（Religion/religion）：642〔最高的虚幻性〕，276、63,639,1457,term
part0088,宗教（Religion/religion）：642〔最高的虚幻性〕，276、63,684,1492,term
part0088,——宗教也可超出二元论373,373,1226,term
part0088,▲天启宗教（geoffenbarte R. /revealed r．） 503、,503,1341,interp
part0088,▲天启宗教（geoffenbarte R. /revealed r．） 503、,611,1433,term1
part0088,▲天启宗教（geoffenbarte R. /revealed r．） 503、,268,1135,term1
part0088,▲天启宗教（geoffenbarte R. /revealed r．） 503、,512,1348,interp
part0088,▲天启宗教（geoffenbarte R. /revealed r．） 503、,514,1350,interp
part0088,▲天启宗教（geoffenbarte R. /revealed r．） 503、,441,1279,interp
part0088,▲新教512〔德国人反对〕，天主教266,512,1349,term
part0088,▲新教512〔德国人反对〕，天主教266,266,1133,term
part0088,▲宗教虔诚（Frömmigkeit/piety）271，宗教情感（religiö,271,1137,term1
part0088,▲宗教虔诚（Frömmigkeit/piety）271，宗教情感（religiö,625,1444,term1
part0088,▲宗教虔诚（Frömmigkeit/piety）271，宗教情感（religiö,321,1178,term1
part0088,▲僵化了的宗教514,514,1350,term1
part0088,——▲笛卡尔抛弃宗教所假定的东西338▲法国人反对的不是我们所说的宗教515,338,1198,interp
part0088,——▲笛卡尔抛弃宗教所假定的东西338▲法国人反对的不是我们所说的宗教515,515,1350,term1
part0088,总体（Totalität/totality）：484〔和图象〕,484,1312,term
part0088,——灵魂肉体各为一总体366，思维自成一总体359,366,1220,term
part0088,——灵魂肉体各为一总体366，思维自成一总体359,359,1214,term
part0088,▲自在的总体359，独立的总体380，在自身内发展的总体389,359,1214,term1
part0088,▲自在的总体359，独立的总体380，在自身内发展的总体389,380,1231,term1
part0088,▲自在的总体359，独立的总体380，在自身内发展的总体389,389,1238,term1
part0088,▲整个绝对的神圣总体389，两个总体389,389,1238,term1
part0088,▲整个绝对的神圣总体389，两个总体389,389,1238,term1
part0088,——▲莱布尼茨把世界看成一总和331,331,1193,interp
part0088,作用、反作用（Wirken，Reaktion/act，reaction）：223,223,,none
part0088,作用、反作用（Wirken，Reaktion/act，reaction）：223,426,1268,interp
part0088,错误（Irrtum/error）：354笛卡尔，400马勒伯朗士，416,354,1210,term
part0088,错误（Irrtum/error）：354笛卡尔，400马勒伯朗士，416,400,1247,term
part0088,错误（Irrtum/error）：354笛卡尔，400马勒伯朗士，416,416,1260,term
part0088,综合（Synthesis/Synthesis）：473、509、579、636,473,1304,term
part0088,综合（Synthesis/Synthesis）：473、509、579、636,509,1346,interp
part0088,综合（Synthesis/Synthesis）：473、509、579、636,579,1407,term
part0088,综合（Synthesis/Synthesis）：473、509、579、636,636,1454,interp
part0088,——综合就是结合900,900,,none
part0088,A＝A：463、654、663,463,1296,term
part0088,A＝A：463、654、663,654,1469,term
part0088,A＝A：463、654、663,663,1476,term
part0088,神等于X：508,508,1345,term1
part0088,5＋7＝12：564,5,,none
part0088,5＋7＝12：564,7,,none
part0088,5＋7＝12：564,12,,none
part0088,5＋7＝12：564,564,1395,interp
part0089,阿尔韦斯勒本 （Alversleben）聪明绅士457,457,1292,interp
part0089,阿贝尔（Jakob Friedrich von Abel， 1751—1826）,14,,skip
part0089,阿亨霍斯（Johann Wilhelm von Archenholz， 1748,6,,skip
part0089,埃斯奈/蔡斯奈（Christian Gottlieb Eissner， 1786,531,,skip
part0089,埃申迈尔（Adam Karl August Esehenmayer， 1768—,643,1461,term
part0089,埃申迈尔（Adam Karl August Esehenmayer， 1768—,649,1465,term
part0089,埃申迈尔（Adam Karl August Esehenmayer， 1768—,655,1470,interp
part0089,埃申迈尔（Adam Karl August Esehenmayer， 1768—,682,1491,term
part0089,埃贝哈德/艾伯哈特/亚伯哈 （Johann August Eberhard，东德,530,1362,interp
part0089,埃贝哈德/艾伯哈特/亚伯哈 （Johann August Eberhard，东德,14,,skip
part0089,艾里尔/爱丽尔 （Ariel）304,304,1165,interp
part0089,第二代（罗伯特·德弗罗·）艾塞克斯/厄色克斯伯爵（Graf Essex，英Rob,278,1145,interp
part0089,爱尔维修/霭尔维修斯 （Claude Adrien Helvétius；巴黎17,525,1358,term
part0089,安瑟伦/安瑟勒姆/恩斯伦/安斯兰 （Anselm von Canterbury；,347,1205,interp
part0089,安瑟伦/安瑟勒姆/恩斯伦/安斯兰 （Anselm von Canterbury；,583,1410,term1
part0089,奥尔登堡 （Heinrich Oldenbury，西德北部不来梅1615？—16,450,1287,term1
part0089,奥尔斯纳 （Konrad Engelbert Oelsner，1764—1828,6,,skip
part0089,约翰·凡·奥登巴恩维尔德（Jan van Olden Barneveldt，乌特,439,1278,interp
part0089,奥古斯丁（Augustin，拉Aurelius Augustinus，塔加斯特〔,412,1257,term
part0089,奥古斯丁（Augustin，拉Aurelius Augustinus，塔加斯特〔,415,1259,term
part0089,奥肯（Lorenz Oken，本名Ockenfuss，博尔斯巴赫1779—185,674,1484,term
part0089,奥肯（Lorenz Oken，本名Ockenfuss，博尔斯巴赫1779—185,389,,skip
part0089,奥列斯特/俄瑞斯忒斯 （Orest，拉Orestes，希Ὀρέστης）406,406,1252,interp
part0089,奥斯瓦德（James Oswald，约1793年死）504,504,1342,term
part0089,奥斯瓦尔德（August Oswald，1790—1839）信531,531,,skip
part0089,巴门尼德/帕门尼底斯 （Parmenides of Elea，希Παρμενίδ,686,1495,term1
part0089,巴伐利亚选帝侯（Kurfürst von Bayern/the Elector ,475,1305,term1
part0089,巴德尔/弗兰茨·巴德尔/巴德尔的弗兰茨（Benedikt Franz Xaver,278,,skip
part0089,巴德尔/弗兰茨·巴德尔/巴德尔的弗兰茨（Benedikt Franz Xaver,513,1349,interp
part0089,包坡（Ernst Friedrich Poppo，　1749—1866）信318,318,,skip
part0089,第一代白金汉/伯根汉公爵 （Ist Duke of Buckingham，本名G,279,1146,interp
part0089,鲍姆加滕（敦）/庞伽尔丹 （Alexandero Gottlieb Baumga,482,1311,term1
part0089,保卢（路）斯/帕乌卢斯 （Heinrich Eberhard Gottlieb ,336,1197,interp
part0089,保卢（路）斯/帕乌卢斯 （Heinrich Eberhard Gottlieb ,371,1224,term1
part0089,保卢（路）斯/帕乌卢斯 （Heinrich Eberhard Gottlieb ,6,,skip
part0089,保卢（路）斯/帕乌卢斯 （Heinrich Eberhard Gottlieb ,318,1175,interp
part0089,保罗（Paulus，英Paul，希Παῦλος，原名Σαοῦλος，扫罗，生于小,466,1298,interp
part0089,保罗（Paulus，英Paul，希Παῦλος，原名Σαοῦλος，扫罗，生于小,608,1430,term1
part0089,贝尔/培尔/贝勒（Pierre Bayle，法国南部富瓦的卡拉1647—1706,393,1241,term
part0089,贝尔/培尔/贝勒（Pierre Bayle，法国南部富瓦的卡拉1647—1706,436,1276,term
part0089,贝尔/培尔/贝勒（Pierre Bayle，法国南部富瓦的卡拉1647—1706,452,1288,term
part0089,贝克尔（Balthasar Bekker， 1634—1698）370,370,1223,term1
part0089,彼得一世/大帝 （Peter Ⅰ，俄Детр Алексей，莫斯科1672—1,475,1305,term1
part0089,毕泰戈拉/毕达哥拉斯 （Pythagoras von Samos，希Πυθαγό,455,1290,term
part0089,雅各·波墨/柏麦/伯麦 （Jacob Boehme/B.hme，上卢萨底亚的阿尔,297—329,1159,range
part0089,雅各·波墨/柏麦/伯麦 （Jacob Boehme/B.hme，上卢萨底亚的阿尔,351,1208,interp
part0089,雅各·波墨/柏麦/伯麦 （Jacob Boehme/B.hme，上卢萨底亚的阿尔,377,1229,interp
part0089,雅各·波墨/柏麦/伯麦 （Jacob Boehme/B.hme，上卢萨底亚的阿尔,410,1255,interp
part0089,雅各·波墨/柏麦/伯麦 （Jacob Boehme/B.hme，上卢萨底亚的阿尔,449,1286,interp
part0089,雅各·波墨/柏麦/伯麦 （Jacob Boehme/B.hme，上卢萨底亚的阿尔,474,1305,interp
part0089,雅各·波墨/柏麦/伯麦 （Jacob Boehme/B.hme，上卢萨底亚的阿尔,192,,skip
part0089,柏拉图（Platon，英Plato，希Πλáτων；雅典，前428？—？348雅,338,1198,term
part0089,柏拉图（Platon，英Plato，希Πλáτων；雅典，前428？—？348雅,424,1266,term
part0089,柏拉图（Platon，英Plato，希Πλáτων；雅典，前428？—？348雅,483,1312,term
part0089,柏拉图（Platon，英Plato，希Πλáτων；雅典，前428？—？348雅,537,1373,term
part0089,柏拉图（Platon，英Plato，希Πλáτων；雅典，前428？—？348雅,667,1479,term
part0089,柏拉图（Platon，英Plato，希Πλáτων；雅典，前428？—？348雅,687,1495,term
part0089,柏拉图（Platon，英Plato，希Πλáτων；雅典，前428？—？348雅,318,,skip
part0089,柏拉图（Platon，英Plato，希Πλáτων；雅典，前428？—？348雅,389,,skip
part0089,詹姆士·柏阿蒂（James Beattie，苏格兰的劳伦塞额克1735—1803,503—504,1341—1342,range
part0089,不伦瑞克－吕南博格公爵 （Herzog von Braunschweig-Lün,451,1287,term1
part0089,伯里克利（Perikles，英Pericles，希Περικλῆς；雅典，前49,637,1455,interp
part0089,伯里克利（Perikles，英Pericles，希Περικλῆς；雅典，前49,318,,skip
part0089,波涅/波尼特 （Charles Bonnet，日内瓦1720—1793根特贺）耶,536,1372,term1
part0089,波提格（Karl August B.ttiger， 1760—1835）信531,531,,skip
part0089,布卢姆（Karl Ludwig Blum， 1796—1869）信519,519,,skip
part0089,布勒（Buhle）396，453,396,1244,term
part0089,布勒（Buhle）396，453,453,1289,term
part0089,布（勃）鲁诺（Giordano Bruno，意大利那不勒斯的诺拉1548—160,265,1132,interp
part0089,布（勃）鲁诺（Giordano Bruno，意大利那不勒斯的诺拉1548—160,302,1163,interp
part0089,布（勃）鲁诺（Giordano Bruno，意大利那不勒斯的诺拉1548—160,339,1200,interp
part0089,布（勃）鲁诺（Giordano Bruno，意大利那不勒斯的诺拉1548—160,408,1253,interp
part0089,布朗（John Brown，英国贝里克郡·邦克里1735—1788伦敦）信278,278,,skip
part0089,布特尔威克（Friedrich Bouterweck，西德哈尔茨地区的戈斯拉尔1,612,1434,term
part0089,布特尔威克（Friedrich Bouterweck，西德哈尔茨地区的戈斯拉尔1,628,1447,term
part0089,布特尔威克（Friedrich Bouterweck，西德哈尔茨地区的戈斯拉尔1,645—646,1461—1463,range
part0089,博因堡男爵（Baron John Christian von Boineburg,450,1287,term
part0089,查理一世（Karls Ⅰ，英Charles Ⅰ，1600—1649， 1625—,279,1146,term1
part0089,博德（Johann Elert Bode， 1747—1826）信215,215,,skip
part0089,大卫/达未/大味/得维德 （David，前10、11世纪之际）历史271，故事4,271,1137,term
part0089,大卫/达未/大味/得维德 （David，前10、11世纪之际）历史271，故事4,442,1280,term
part0089,达朗贝/达兰贝尔/达朗伯 （Jean le Rond d’Alembert，巴黎,514,1350,term
part0089,达朗贝/达兰贝尔/达朗伯 （Jean le Rond d’Alembert，巴黎,519,1354,term
part0089,岱梅索（Pierre Des-Maiseaux，18世纪）编辑出版莱布尼茨著作4,455,1291,interp
part0089,道布（Karl Daub， 1765—1836）信389， 519， 531,389,,skip
part0089,道布（Karl Daub， 1765—1836）信389， 519， 531,519,1354,interp
part0089,道布（Karl Daub， 1765—1836）信389， 519， 531,531,1363,interp
part0089,杜包克（Edouard Kasimir Benjamin Duboc，法国178,422,,skip
part0089,多德林（Johann Christoph D.derlein， 1746—179,318,,skip
part0089,邓尼曼（Tenneman）536,536,1372,interp
part0089,笛卡尔/笛卡儿 （René Descartes，都兰省·拉爱伊1596—1650,274,1140,term
part0089,笛卡尔/笛卡儿 （René Descartes，都兰省·拉爱伊1596—1650,330,1192,term
part0089,笛卡尔/笛卡儿 （René Descartes，都兰省·拉爱伊1596—1650,331—67,1192—1221,range
part0089,笛卡尔/笛卡儿 （René Descartes，都兰省·拉爱伊1596—1650,379,1231,term
part0089,笛卡尔/笛卡儿 （René Descartes，都兰省·拉爱伊1596—1650,532,1363,term
part0089,笛卡尔/笛卡儿 （René Descartes，都兰省·拉爱伊1596—1650,583,1410,term
part0089,笛卡尔/笛卡儿 （René Descartes，都兰省·拉爱伊1596—1650,402,1249,term
part0089,笛卡尔/笛卡儿 （René Descartes，都兰省·拉爱伊1596—1650,411,1255,term
part0089,笛卡尔/笛卡儿 （René Descartes，都兰省·拉爱伊1596—1650,479,1308,term
part0089,笛卡尔/笛卡儿 （René Descartes，都兰省·拉爱伊1596—1650,511,1348,term
part0089,笛卡尔/笛卡儿 （René Descartes，都兰省·拉爱伊1596—1650,650,1466,term
part0089,笛卡尔/笛卡儿 （René Descartes，都兰省·拉爱伊1596—1650,687,1496,term
part0089,笛卡尔/笛卡儿 （René Descartes，都兰省·拉爱伊1596—1650,484,1313,term
part0089,笛卡尔/笛卡儿 （René Descartes，都兰省·拉爱伊1596—1650,508,,skip
part0089,狄（第）德罗/蒂特胡 （Denis Diderot，法国东北的朗格勒1713—1,514,1350,interp
part0089,狄（第）德罗/蒂特胡 （Denis Diderot，法国东北的朗格勒1713—1,536,1372,interp
part0089,菲洛诺斯/斐洛诺斯/菲伦诺/费罗诺司（Philonous，希Φιλειν爱+νο,489,1330,term1
part0089,费尔斯特博士 （Friedrich Christoph F.rster， 179,383,,skip
part0089,费希特/菲希脱/菲希特/斐希德 （Johann Gottlieb Fichte，,274,1140,term
part0089,费希特/菲希脱/菲希特/斐希德 （Johann Gottlieb Fichte，,339,1199,term
part0089,费希特/菲希脱/菲希特/斐希德 （Johann Gottlieb Fichte，,340,1200,term
part0089,费希特/菲希脱/菲希特/斐希德 （Johann Gottlieb Fichte，,363,1217,term
part0089,费希特/菲希脱/菲希特/斐希德 （Johann Gottlieb Fichte，,535,1365,term
part0089,费希特/菲希脱/菲希特/斐希德 （Johann Gottlieb Fichte，,654,1469,term
part0089,费希特/菲希脱/菲希特/斐希德 （Johann Gottlieb Fichte，,612—41,1434—1459,range
part0089,费希特/菲希脱/菲希特/斐希德 （Johann Gottlieb Fichte，,659,1473,interp
part0089,费希特/菲希脱/菲希特/斐希德 （Johann Gottlieb Fichte，,674,1485,term
part0089,费希特/菲希脱/菲希特/斐希德 （Johann Gottlieb Fichte，,688,1496,term
part0089,费希特/菲希脱/菲希特/斐希德 （Johann Gottlieb Fichte，,6,,skip
part0089,费希特/菲希脱/菲希特/斐希德 （Johann Gottlieb Fichte，,8,,none
part0089,费希特/菲希脱/菲希特/斐希德 （Johann Gottlieb Fichte，,11,,none
part0089,费希特/菲希脱/菲希特/斐希德 （Johann Gottlieb Fichte，,14,,none
part0089,留奇略·梵尼尼/留契里奥·瓦尼尼 （Lucilio Vanini，意大利陶里萨诺,265,1132,interp
part0089,腓特烈1五世 （Friedrich Ⅴ， 1596—1632）失去波希米亚王位3,1,,none
part0089,腓特烈1五世 （Friedrich Ⅴ， 1596—1632）失去波希米亚王位3,333,1195,term
part0089,腓特烈2·威廉一世/弗里德里希 （Friedrich Wilhelm I，英Fr,2,,none
part0089,腓特烈2·威廉一世/弗里德里希 （Friedrich Wilhelm I，英Fr,474,1305,term
part0089,腓特烈3一世（Friedrich I，　1657—1713，1701—1713在,3,,none
part0089,腓特烈3一世（Friedrich I， 1657—1713，1701—1713在,451,1288,term
part0089,"腓特烈4二世（Friedrich II., der Grosse大帝，英Fred",4,,none
part0089,"腓特烈4二世（Friedrich II., der Grosse大帝，英Fred",474,1305,term
part0089,"腓特烈4二世（Friedrich II., der Grosse大帝，英Fred",517,1352,term
part0089,弗兰克（August Hermann Francke，西德·吕贝克/卢卑克〔汉堡,474,1305,term1
part0089,弗格森/胡古生/福开森 （Adam Ferguson， 1723—1816）50,504,1342,term1
part0089,福锐斯/弗里斯 （Jakob Friedrich Fries，萨克森的巴比177,544,1379,interp
part0089,福锐斯/弗里斯 （Jakob Friedrich Fries，萨克森的巴比177,556,1389,interp
part0089,福锐斯/弗里斯 （Jakob Friedrich Fries，萨克森的巴比177,612,1434,term
part0089,福锐斯/弗里斯 （Jakob Friedrich Fries，萨克森的巴比177,628,1447,term
part0089,福锐斯/弗里斯 （Jakob Friedrich Fries，萨克森的巴比177,645,1462,term
part0089,福斯1 （Johann Heinrich Voss，东德·梅克伦堡·萨默斯多夫1,1,,none
part0089,福斯1 （Johann Heinrich Voss，东德·梅克伦堡·萨默斯多夫1,648,1464,interp
part0089,福斯1 （Johann Heinrich Voss，东德·梅克伦堡·萨默斯多夫1,389,,skip
part0089,福斯2 （Heinrich Voss，1779—1822）648,2,,none
part0089,福斯2 （Heinrich Voss，1779—1822）648,648,1464,interp
part0089,伏爱特（Gisbert Voet，拉Gysbertus Voetius，霍伊施登,370,1223,term1
part0089,伏尔泰（Voltaire，真名François-Marie Arouet，巴黎1,465,1298,term
part0089,伏尔泰（Voltaire，真名François-Marie Arouet，巴黎1,514,1350,term
part0089,伏尔泰（Voltaire，真名François-Marie Arouet，巴黎1,525,1358,term
part0089,西蒙·封·伏里士/福利士 （Simon von Vries，荷Simon de ,369,1222,interp
part0089,芬奈（C. W. H. Fenner）信389,389,,skip
part0089,甘斯/干斯 （Eduard Gans，柏林1798—1839）信500，513,500,,skip
part0089,甘斯/干斯 （Eduard Gans，柏林1798—1839）信500，513,513,1349,interp
part0089,葛尔特（Peter Gabriel van Ghert，1782—1852）信1,192,,skip
part0089,葛尔特（Peter Gabriel van Ghert，1782—1852）信1,215,,none
part0089,高斯（Wilhelm Gauss，1813—1889）信600,600,,skip
part0089,哥白尼（Kopernikus，波Mikotaj Kopernik，拉Nicola,441,1279,term1
part0089,哥德（Johann Wolfgang von Goethe，美因河畔法兰克福17,612,1434,interp
part0089,格雷斯/哥尔勒斯 （Joseph von G.rres，1776—1848）辉煌,672,1483,term1
part0089,格勒特（Christian Fürchtegott Gellert，萨克森的海尼,309,1169,interp
part0089,格勒特（Christian Fürchtegott Gellert，萨克森的海尼,516,1351,interp
part0089,胡果·格老秀斯/格劳修斯/修戈·格罗特斯（拉Hugo Groiius，德Hugo,439—40,1278—1279,range
part0089,胡果·格老秀斯/格劳修斯/修戈·格罗特斯（拉Hugo Groiius，德Hugo,445,1283,term
part0089,维克多·古桑/古赞/库逊/库辛 （Victor Cousin，巴黎1792—18,322,1178,interp
part0089,维克多·古桑/古赞/库逊/库辛 （Victor Cousin，巴黎1792—18,363,1217,interp
part0089,维克多·古桑/古赞/库逊/库辛 （Victor Cousin，巴黎1792—18,508,,skip
part0089,哈奇森/哈契逊/胡契生/赫契逊（Francis Hutcheson，爱尔兰的德鲁,504,1342,term1
part0089,哈维（William Harvey，英国福克斯通1578—1657伦敦）441,441,1279,term1
part0089,哈曼（Johann Georg Hamann，哥尼斯堡1730—1788）信51,513,,skip
part0089,海因里希斯/亨利希斯/辛利克斯（Hermann Friedrich Wilhel,383,,skip
part0089,海因里希斯/亨利希斯/辛利克斯（Hermann Friedrich Wilhel,389,1238,interp
part0089,海拉斯/希勒斯/西拉/海拉司（Hylas，希ὕλη，木、物质）489,489,1330,term1
part0089,汉姆雷特/哈姆莱特（Hamlet）685,685,1494,term1
part0089,亨宁/恒宁格（Leopold Dorotheus von Henning，179,500,,skip
part0089,亨克（Hermann Wilhelm Eduard Henke，1783—186,318,,skip
part0089,第一代彻伯里的赫伯特勋爵（Ist. Baron Herbert of Cherb,427,1269,interp
part0089,赫德尔/海德/海德尔/赫得 （Johann Gottfried von Herd,648,1465,term1
part0089,赫拉克利特/赫拉颉（克）利图 （Heraklitos aus Ephesos，希,688,1497,term1
part0089,惠更斯（Christiaan Huygens，海牙1629—1695海牙）450,450,1287,term
part0089,霍尔巴赫男爵（Baron d’Holbach，全名Paul Henri Diet,513,1349,interp
part0089,霍尔巴赫男爵（Baron d’Holbach，全名Paul Henri Diet,519—20,1354—1355,range
part0089,霍布斯（士）（Thomas Hobbes，英国南部玛姆兹伯利1588—1679英,439,1278,term
part0089,霍布斯（士）（Thomas Hobbes，英国南部玛姆兹伯利1588—1679英,440—45,1278—1283,range
part0089,霍托/何佗 （Heinrich Gustuv Hotho，柏林1802—1873,500,,skip
part0089,霍托/何佗 （Heinrich Gustuv Hotho，柏林1802—1873,513,1349,interp
part0089,霍卜尔（Karl Friedrich Hauber，1775—1851）信11,11,,skip
part0089,霍尔德林（Friedrich H.lderlin， 1770—1843）信8， ,8,,skip
part0089,霍尔德林（Friedrich H.lderlin， 1770—1843）信8， ,11,,none
part0089,霍尔德林（Friedrich H.lderlin， 1770—1843）信8， ,14,,none
part0089,洪堡/洪波尔特/洪堡尔特 （Karl Wilhelm Humboldt，Frei,513,,skip
part0089,基督（Christus，英Christ，希Χριστός，涂有神圣油膏者、救世主,305,1166,term
part0089,基督（Christus，英Christ，希Χριστός，涂有神圣油膏者、救世主,316,1174,term
part0089,基督（Christus，英Christ，希Χριστός，涂有神圣油膏者、救世主,466,1298,term
part0089,伽利略（Galileo Galilei，比萨1564—1642佛罗伦萨）441,441,1279,term1
part0089,伽桑地（狄）（Petrus Gassendi，法Pierre Gassend，下,341,1201,interp
part0089,加尔韦（Christian Garve， 1742—1798）翻译苏格兰哲学家著,502,1340,interp
part0089,加尔韦（Christian Garve， 1742—1798）翻译苏格兰哲学家著,505,1342,term1
part0089,基尔迈尔（Karl Friedrich Kielmeyer， 1765—1844,649,1465,term1
part0089,卡尔（Karls）信95,95,,skip
part0089,卡利厄（Jean Baptiste Carrier， 1756—1794）信6,6,,skip
part0089,卡普（Christian Kapp， 1798—1874）信6,6,,skip
part0089,开普勒/刻卜勒（Johannes Keples，德国符腾堡的魏尔1571—163,271,1137,term
part0089,康德（Immanuel Kant，德国·东普鲁士·哥尼斯堡〔今苏联加里宁格勒〕1,274,1140,term
part0089,康德（Immanuel Kant，德国·东普鲁士·哥尼斯堡〔今苏联加里宁格勒〕1,420,1264,term
part0089,康德（Immanuel Kant，德国·东普鲁士·哥尼斯堡〔今苏联加里宁格勒〕1,499,1337,term
part0089,康德（Immanuel Kant，德国·东普鲁士·哥尼斯堡〔今苏联加里宁格勒〕1,532,1363,term
part0089,康德（Immanuel Kant，德国·东普鲁士·哥尼斯堡〔今苏联加里宁格勒〕1,551—611,1384—1434,range
part0089,康德（Immanuel Kant，德国·东普鲁士·哥尼斯堡〔今苏联加里宁格勒〕1,628,1448,term
part0089,康德（Immanuel Kant，德国·东普鲁士·哥尼斯堡〔今苏联加里宁格勒〕1,657,1471,term
part0089,康德（Immanuel Kant，德国·东普鲁士·哥尼斯堡〔今苏联加里宁格勒〕1,672,1483,term
part0089,康德（Immanuel Kant，德国·东普鲁士·哥尼斯堡〔今苏联加里宁格勒〕1,688,1496,term
part0089,康德（Immanuel Kant，德国·东普鲁士·哥尼斯堡〔今苏联加里宁格勒〕1,6,,skip
part0089,康德（Immanuel Kant，德国·东普鲁士·哥尼斯堡〔今苏联加里宁格勒〕1,8,,none
part0089,康德（Immanuel Kant，德国·东普鲁士·哥尼斯堡〔今苏联加里宁格勒〕1,11,,none
part0089,克拉克（Samuel Clarke，英国东端的诺里季〔属诺福克郡〕1675—17,501,1339,term
part0089,克罗采尔（Georg Friedrich Creuzer， 1771—1858）,318,,skip
part0089,克罗采尔（Georg Friedrich Creuzer， 1771—1858）,389,1238,interp
part0089,克罗采尔（Georg Friedrich Creuzer， 1771—1858）,519,1354,interp
part0089,克罗采尔（Georg Friedrich Creuzer， 1771—1858）,531,1363,interp
part0089,克利斯丁娜/克丽斯婷娜 （Alexandra Christina，斯德哥尔摩16,334,1195,term1
part0089,克利斯丁娜/克丽斯婷娜 （Alexandra Christina，斯德哥尔摩16,439,1278,interp
part0089,克卢秀斯/克鲁西乌斯/克勒修 （Christian August Crusius,482,1311,term1
part0089,克鲁克（Wilhelm Traugott Krug，德国普鲁士的拉迪斯1770—,613,1435,interp
part0089,克鲁克（Wilhelm Traugott Krug，德国普鲁士的拉迪斯1770—,628,1447,interp
part0089,克鲁克（Wilhelm Traugott Krug，德国普鲁士的拉迪斯1770—,645,1462,interp
part0089,科采布/柯哲布/柯慈普/科策部 （August Friedrich Ferdin,640,1457,term1
part0089,柯勒鲁斯（John Colerus；德Johann K.hler，德国杜塞尔多夫,371,1224,term1
part0089,克塞诺封/色诺芬 （Xenophon，希Ξενοφῶν，前430？—？355/3,328,1190,interp
part0089,克塞诺芬尼/色诺芬尼 （Xenopbanes，希Ξενοφάνης；科洛封，前5,520,1355,term1
part0089,安东尼·阿什利·库珀 （Anthony Ashley Cooper，英国的温邦圣,422,1265,interp
part0089,拉·梅特里/拉美脱理/麦特里 （Julien Offroy de La Mett,524,1357,term1
part0089,彼得·拉梅/比得·拉姆斯/彼特·拉摩斯/腊穆斯/拉美斯 （拉Petrus Ram,265,1132,interp
part0089,拉斯普 （R. E. Raspe，18世纪）460,460,1294,interp
part0089,赖因霍尔德/莱因哈特德 （Karl Leonhard Reinhold，维也纳1,612,1434,term1
part0089,赖因霍尔德/莱因哈特德 （Karl Leonhard Reinhold，维也纳1,6,,skip
part0089,赖因霍尔德/莱因哈特德 （Karl Leonhard Reinhold，维也纳1,8,,none
part0089,赖因霍尔德/莱因哈特德 （Karl Leonhard Reinhold，维也纳1,422,1265,interp
part0089,赖因哈特（Karl Friedrich Reinhardt/Reinhard， ,6,,skip
part0089,里特尔（Johann Wilhelm Ritter， 1776—1810）信95,95,,skip
part0089,李顿哈尔（Johann Georg Philipp Lichtenthaler）,513,,skip
part0089,莱布尼茨（兹）/莱博尼茨 （Gottfried Wilhelm Leibniz，,274,1140,term
part0089,莱布尼茨（兹）/莱博尼茨 （Gottfried Wilhelm Leibniz，,331,1193,term
part0089,莱布尼茨（兹）/莱博尼茨 （Gottfried Wilhelm Leibniz，,378,1229,term
part0089,莱布尼茨（兹）/莱博尼茨 （Gottfried Wilhelm Leibniz，,410,1255,term
part0089,莱布尼茨（兹）/莱博尼茨 （Gottfried Wilhelm Leibniz，,449—73,1285—1304,range
part0089,莱布尼茨（兹）/莱博尼茨 （Gottfried Wilhelm Leibniz，,491,1331,term
part0089,莱布尼茨（兹）/莱博尼茨 （Gottfried Wilhelm Leibniz，,532,1363,term
part0089,莱布尼茨（兹）/莱博尼茨 （Gottfried Wilhelm Leibniz，,688,1496,term
part0089,莱辛（Gotthold Ephraim Lessing，东德的卡门茨1729—1,536,1372,term
part0089,朗格/朗盖（Joachim J. Lange， 1670—1744）474,474,1305,term
part0089,伦茨（Karl Christian Renz， 1770—1829）信6，8，1,6,,skip
part0089,伦茨（Karl Christian Renz， 1770—1829）信6，8，1,8,,none
part0089,伦茨（Karl Christian Renz， 1770—1829）信6，8，1,11,,none
part0089,伦茨（Karl Christian Renz， 1770—1829）信6，8，1,14,,none
part0089,洛特（Karl Johann Friedrich Roth， 1780—1852,513,,skip
part0089,洛克（John Locke，英国西南的布里斯托尔附近的灵顿1632—1704英国,274,1140,term
part0089,洛克（John Locke，英国西南的布里斯托尔附近的灵顿1632—1704英国,296,1159,term
part0089,洛克（John Locke，英国西南的布里斯托尔附近的灵顿1632—1704英国,417—39,1260—1278,range
part0089,洛克（John Locke，英国西南的布里斯托尔附近的灵顿1632—1704英国,488,1329,term
part0089,洛克（John Locke，英国西南的布里斯托尔附近的灵顿1632—1704英国,510,1347,term
part0089,洛克（John Locke，英国西南的布里斯托尔附近的灵顿1632—1704英国,557,1390,term
part0089,洛克（John Locke，英国西南的布里斯托尔附近的灵顿1632—1704英国,681,1490,term
part0089,洛克（John Locke，英国西南的布里斯托尔附近的灵顿1632—1704英国,215,,skip
part0089,马丁·路德（Martin Luther；东德·艾斯勒本〔哈勒之西〕1483—15,266,1133,interp
part0089,马丁·路德（Martin Luther；东德·艾斯勒本〔哈勒之西〕1483—15,511,1348,interp
part0089,马丁·路德（Martin Luther；东德·艾斯勒本〔哈勒之西〕1483—15,515,1351,interp
part0089,马丁·路德（Martin Luther；东德·艾斯勒本〔哈勒之西〕1483—15,526,1359,interp
part0089,卡尔·路德维希（Karl Ludwig，英Carl Ludwig，17世纪下半叶,370,1223,term1
part0089,雷蒙·鲁路斯/拉伊芒德·卢利/卢里的赖蒙德/瑞蒙·卢禄/雷蒙德·拉尔 （Raim,408,1253,interp
part0089,罗伯斯庇尔（Maximilien de Robespierre， 法国北部阿腊斯,6,,skip
part0089,罗比耐（Jean Baptiste Robinet， 1735—1820）521,521,1355,term
part0089,比埃尔·保尔·罗伊尔－柯拉尔德/鲁瓦埃－科拉尔 （Pierre Paul Roy,505,1343,interp
part0089,卢西发/魔王〔撒旦〕 （Luzifer，英Lucifer，希Φωσφόρος发光,317,1174,interp
part0089,卢西发/魔王〔撒旦〕 （Luzifer，英Lucifer，希Φωσφόρος发光,319,1176,term1
part0089,卢梭/卢骚 （Jean-Jacques Rousseau， 日内瓦1712—17,494,1334,term
part0089,卢梭/卢骚 （Jean-Jacques Rousseau， 日内瓦1712—17,513,1349,term
part0089,卢梭/卢骚 （Jean-Jacques Rousseau， 日内瓦1712—17,532,1363,term
part0089,卢梭/卢骚 （Jean-Jacques Rousseau， 日内瓦1712—17,526—39,1358,range
part0089,卢梭/卢骚 （Jean-Jacques Rousseau， 日内瓦1712—17,588,1415,term
part0089,劳默尔（Friedrich Ludwig Georg von Raumer， 1,287,,skip
part0089,马勒伯朗士/麦尔伯兰基 （Nicolas/Nicole Malebranche，,274,1140,term
part0089,马勒伯朗士/麦尔伯兰基 （Nicolas/Nicole Malebranche，,354,1211,term
part0089,马勒伯朗士/麦尔伯兰基 （Nicolas/Nicole Malebranche，,411—17,1255—1261,range
part0089,马勒伯朗士/麦尔伯兰基 （Nicolas/Nicole Malebranche，,489,1330,term
part0089,马勒伯朗士/麦尔伯兰基 （Nicolas/Nicole Malebranche，,524,1357,term
part0089,马海奈克/马尔海奈凯 （Philipp Konrad Marheineke， 1,519,,skip
part0089,马海奈克/马尔海奈凯 （Philipp Konrad Marheineke， 1,531,1363,interp
part0089,美因茨选帝侯（Kurfürsten von Mainz，英Elector-Arc,450,1287,term
part0089,路德维希·迈尔/麦也尔 （Ludwig Mayer，荷Lodewijk Meye,370,1223,interp
part0089,门德尔松/孟德尔逊/孟得尔生/缅达尔桑/门德尔桑 （Moses Mendelss,482,1311,term
part0089,门德尔松/孟德尔逊/孟得尔生/缅达尔桑/门德尔桑 （Moses Mendelss,530,1362,term
part0089,门德尔松/孟德尔逊/孟得尔生/缅达尔桑/门德尔桑 （Moses Mendelss,536,1372,term
part0089,孟德斯鸠（Charles de Secondat Montesquieu， Ba,514,1350,term
part0089,孟德斯鸠（Charles de Secondat Montesquieu， Ba,519,1354,term
part0089,孟德斯鸠（Charles de Secondat Montesquieu， Ba,524,1357,term
part0089,孟德斯鸠（Charles de Secondat Montesquieu， Ba,532,1363,interp
part0089,密涅瓦（Minerva）信6,6,,skip
part0089,米希勒（Karl Ludwig Michelet，法国1801—1893）信50,500,,skip
part0089,米拉波（Mirabaud，法Mirabeau，？—1760巴黎）513,513,1350,term1
part0089,摩西1/梅瑟/穆萨 （Mosais，英Moses，希Μωυσῆς）教皇敕令的根据,1,,none
part0089,摩西1/梅瑟/穆萨 （Mosais，英Moses，希Μωυσῆς）教皇敕令的根据,271,1137,term
part0089,摩西1/梅瑟/穆萨 （Mosais，英Moses，希Μωυσῆς）教皇敕令的根据,325,1181,interp
part0089,摩西1/梅瑟/穆萨 （Mosais，英Moses，希Μωυσῆς）教皇敕令的根据,369,1222,term
part0089,摩西2先生 （Herr Moses）530。,2,,none
part0089,摩西2先生 （Herr Moses）530。,530,1362,term
part0089,"莫格灵（Friedrich Heinrich Wolfgang M.gling,",6,,skip
part0089,毛卡（Immanuel David Mauchardt， 1764—1826）信,6,,skip
part0089,拿破仑·波拿巴 （Napoleon，法Napoléon Bonaparte，意大,536,1372,interp
part0089,尼特哈默尔/尼塔麦/尼特加美尔 （Friedrich Immanuel Niet,11,,skip
part0089,尼特哈默尔/尼塔麦/尼特加美尔 （Friedrich Immanuel Niet,14,,none
part0089,尼特哈默尔/尼塔麦/尼特加美尔 （Friedrich Immanuel Niet,95,,none
part0089,尼特哈默尔/尼塔麦/尼特加美尔 （Friedrich Immanuel Niet,513,1349,interp
part0089,尼希（Karl Immanuel Nitzsch，1787—1868）信531,531,,skip
part0089,尼禄/尼罗 （拉Nero Claudius Caesar Augustus Ge,406,1252,term
part0089,尼古拉/尼考莱 （Christoph Friedrich Nicolai，柏林1,530,1362,interp
part0089,尼古拉/尼考莱 （Christoph Friedrich Nicolai，柏林1,537,1373,term1
part0089,艾萨克/依萨克·牛顿（Isaac Newton，林肯郡伍尔斯村1642—1727,438,1277,interp
part0089,艾萨克/依萨克·牛顿（Isaac Newton，林肯郡伍尔斯村1642—1727,438,1277,interp
part0089,艾萨克/依萨克·牛顿（Isaac Newton，林肯郡伍尔斯村1642—1727,448,1285,interp
part0089,诺瓦利斯（Novalis，本名Freiherr Friedrich von Ha,644,1461,term
part0089,欧几里得（Euklides，英Euclid，希Εὐκλείδης；埃及亚历山大城,378,1229,interp
part0089,欧根亲王（Prinzen Eugen von Savoyen，法François,453,1289,interp
part0089,帕拉策尔萨斯/帕拉塞耳萨斯/巴拉塞尔士 （Theophrastus Parace,300,1162,interp
part0089,帕尔齐（Gustav Friedrich Konstantin Parthey，,389,,skip
part0089,弗兰西斯·培根1 （Francis Bacon， Baron Verulam味鲁,1,,none
part0089,弗兰西斯·培根1 （Francis Bacon， Baron Verulam味鲁,274,1140,interp
part0089,弗兰西斯·培根1 （Francis Bacon， Baron Verulam味鲁,278—296,1145—1159,range
part0089,弗兰西斯·培根1 （Francis Bacon， Baron Verulam味鲁,494,1334,interp
part0089,尼古拉斯·培根2 （Sir Nicholas Bacon，英国奇泽尔赫斯特150,2,,none
part0089,尼古拉斯·培根2 （Sir Nicholas Bacon，英国奇泽尔赫斯特150,278,1145,interp
part0089,普法夫（Pfaff）责问莱布尼茨452,452,1288,term1
part0089,普罗斯珀罗/普洛士丕罗 （Prospero）304,304,1165,interp
part0089,普罗克洛/普洛克鲁斯·狄亚多赫〔继承者〕 （Proklos Diadochos；,307,1167,term1
part0089,普罗克洛/普洛克鲁斯·狄亚多赫〔继承者〕 （Proklos Diadochos；,389,,skip
part0089,普罗克洛/普洛克鲁斯·狄亚多赫〔继承者〕 （Proklos Diadochos；,508,1345,interp
part0089,普芬多夫（Samuel von Pufendorf，萨克森的克姆尼茨〔东德南部卡,445—47,1282—1285,range
part0089,普芬多夫（Samuel von Pufendorf，萨克森的克姆尼茨〔东德南部卡,525,1357,term
part0089,契尔恩豪森/冯·齐恩豪森/爱·齐恩豪森/契思豪的窝尔忒伯爵 （Ehrenfrid,475,1306,term
part0089,齐默尔曼（Johann Christoph Gottlieb Zimmerman,531,,skip
part0089,锐德/里德/黎德 （Thomas Reid，苏格兰·金卡丁郡·斯特罗恩〔阿伯丁西,503,1341,term
part0089,锐克斯纳/利克思纳 （Thaddeus Anselm Rixner， 1766—,314,1172,interp
part0089,锐克斯纳/利克思纳 （Thaddeus Anselm Rixner， 1766—,536,1372,interp
part0089,若古尔爵士 （Chevalier de Jaucourt）451,451,1287,interp
part0089,萨伏依副主教/萨瓦牧师 （Vikars von Savoyard，法vicair,513,1349,interp
part0089,汉斯·萨克斯（Hans Sachs，纽伦堡1494—1576）302,302,1163,term1
part0089,塞奇（Edward Search〔意义：寻求〕，伦敦1705—1774）504,504,1342,term1
part0089,第一代沙夫茨伯里/舍夫次别利伯爵 （Ist Earl of Shaftesbur,422,1265,interp
part0089,莎士比亚（William Shakespeare，英国艾冯河畔斯瑞弗1564—1,304,1165,term
part0089,莎士比亚（William Shakespeare，英国艾冯河畔斯瑞弗1564—1,685,1494,term
part0089,撒母耳（Samuel）271,271,1137,term1
part0089,圣母玛丽亚 （Mutter Gottes，英the Mother of God）,333,1194,interp
part0089,斯塔尔（Gofflob Christian Storr，1746—1805）信6,6,,skip
part0089,杜格尔德·斯图尔特/斯徒瓦尔特/斯提华 （Dugald Stewart，苏格兰·,504,1342,term
part0089,斯宾诺莎（Baruch ds Spinoza，拉Benedictus de Sp,274,1140,term
part0089,斯宾诺莎（Baruch ds Spinoza，拉Benedictus de Sp,277,1143,term
part0089,斯宾诺莎（Baruch ds Spinoza，拉Benedictus de Sp,348,1206,term
part0089,斯宾诺莎（Baruch ds Spinoza，拉Benedictus de Sp,368—411,1221—1256,range
part0089,斯宾诺莎（Baruch ds Spinoza，拉Benedictus de Sp,215,,skip
part0089,亚当·斯密（Adam Smith，苏格兰·法夫郡·柯卡尔迪1723—1790爱丁,505,1342,term
part0089,托玛斯·斯丹雷/斯坦利 （Thomas Stanley，赫特福德郡的坎伯洛〔伦敦,329,1191,interp
part0089,苏格拉底（Sokrates，希Σωκράτης；雅典，前470/469？—399,282,1148,term
part0089,苏兹默（Hermann Sulthmeyer）信215,215,,skip
part0089,所罗门/索罗门/撒罗满/苏里曼 （Soloman，？—前932，前971—932,285,1151,term1
part0089,扫罗/撒乌耳 （Saul，公元前11世纪）271， 442,271,1137,term
part0089,扫罗/撒乌耳 （Saul，公元前11世纪）271， 442,442,1280,term
part0089,舒尔茨（兹）/书勒最 （Gottlob Ernst Schulze，又名.nes,628,1447,term
part0089,泰勒斯/赛理斯 （Thales von Milet，希Θαλῆς，前640/62,685,1493,term1
part0089,塔克（Abraham Tucker，伦敦1705—1774）504,504,1342,interp
part0089,托玛秀斯/托马修 （Christian Thomasius，来比锡1655—17,476,1306,interp
part0089,托玛斯（Antoine-Léonard Thomas）334,334,1195,interp
part0089,特滕斯（Johann Nicolas Tetens， 1736—1807）530,530,1362,interp
part0089,梯黎/悌理 （Johann Tserclaes von Tilly， 1559—,333,1194,term1
part0089,梯包特（Anton Friedrich Justus Thibaut， 1772,519,,skip
part0089,魏瑟（Felix Weisse，萨克森·茨文考·安纳贝格〔东德〕1726—180,530,1362,term1
part0089,沃尔夫/乌尔夫/武尔夫/华尔富 （Christian Wolf/Wolff，德国,274,1140,term
part0089,沃尔夫/乌尔夫/武尔夫/华尔富 （Christian Wolf/Wolff，德国,331,1192,term
part0089,沃尔夫/乌尔夫/武尔夫/华尔富 （Christian Wolf/Wolff，德国,532,1363,term
part0089,沃尔夫/乌尔夫/武尔夫/华尔富 （Christian Wolf/Wolff，德国,437,1277,term
part0089,沃尔夫/乌尔夫/武尔夫/华尔富 （Christian Wolf/Wolff，德国,472—81,1303—1311,range
part0089,沃尔夫/乌尔夫/武尔夫/华尔富 （Christian Wolf/Wolff，德国,537,1373,term
part0089,沃尔夫/乌尔夫/武尔夫/华尔富 （Christian Wolf/Wolff，德国,583,1410,term
part0089,沃尔夫/乌尔夫/武尔夫/华尔富 （Christian Wolf/Wolff，德国,531,1363,term
part0089,沃拉斯顿/瓦兰斯登 （William Wollaston，1659—1724）5,501,1339,term1
part0089,奥林奇/奥伦治〔家族〕的威廉三世（Wilhelm von Oranien，英Wi,422,1265,term1
part0089,维格尔（Erhard Wiegel，1625—1699）449,449,1286,term1
part0089,伍斯特主教（Bischof von Worcester，英the Bishop ,431,1272,interp
part0089,温德（Wendt）536,536,1372,interp
part0089,西塞罗/西瑟洛 （Marcus Tullius Cicero〔简称Tully〕；,282,1148,term
part0089,西塞罗/西瑟洛 （Marcus Tullius Cicero〔简称Tully〕；,502,1340,term
part0089,希佩尔（Theoder Gottlieb Hippel，1741—1796）信1,11,,skip
part0089,索菲亚·夏洛特/莎非·夏绿蒂 （Sophie Charlotte，1668—17,451,1287,interp
part0089,休谟（David Hume，爱丁堡1711—1776爱丁堡）全盘否定普遍的东西4,487,1328,term
part0089,休谟（David Hume，爱丁堡1711—1776爱丁堡）全盘否定普遍的东西4,493—500,1333—1339,range
part0089,休谟（David Hume，爱丁堡1711—1776爱丁堡）全盘否定普遍的东西4,506,1344,term
part0089,休谟（David Hume，爱丁堡1711—1776爱丁堡）全盘否定普遍的东西4,532,1363,term
part0089,休谟（David Hume，爱丁堡1711—1776爱丁堡）全盘否定普遍的东西4,537,1373,interp
part0089,弗里德里希·封·希（史）雷格尔（Friedrich von Schlegel， ,536,1372,interp
part0089,弗里德里希·封·希（史）雷格尔（Friedrich von Schlegel， ,642—44,1459—1461,range
part0089,弗里德里希·封·希（史）雷格尔（Friedrich von Schlegel， ,278,,skip
part0089,席勒（Johann Christoph Friedrich von Schill,429,1270,term1
part0089,席勒（Johann Christoph Friedrich von Schill,14,,skip
part0089,谢林（Friedrich Wilhelm Joseph von Schillin,274,1140,term
part0089,谢林（Friedrich Wilhelm Joseph von Schillin,646—83,1462—1492,range
part0089,谢林（Friedrich Wilhelm Joseph von Schillin,11,,skip
part0089,修昔的底斯（德）（Thukydides，英Thucydides；希Θουκυδί,637,1455,interp
part0089,修昔的底斯（德）（Thukydides，英Thucydides；希Θουκυδί,318,,skip
part0089,施莱艾尔马赫（Friedrich Ernst Daniel Schleierma,643,1460,term1
part0089,"许斯肯（Johann Gottlob Suskind, 1773—1838）信6",6,,skip
part0089,"许斯肯（Johann Gottlob Suskind, 1773—1838）信6",11,,none
part0089,亚哈/阿哈布/亚哈卜 （Ahab，？—前854，前876—854在位）285,285,1151,term1
part0089,亚里士多德（Aristoteles，希Ἀριστοτέλης，英Aristotl,267,1133,term
part0089,亚里士多德（Aristoteles，希Ἀριστοτέλης，英Aristotl,292,1156,term
part0089,亚里士多德（Aristoteles，希Ἀριστοτέλης，英Aristotl,288,1153,term
part0089,亚里士多德（Aristoteles，希Ἀριστοτέλης，英Aristotl,384,1234,term
part0089,亚里士多德（Aristoteles，希Ἀριστοτέλης，英Aristotl,483,1312,term
part0089,亚里士多德（Aristoteles，希Ἀριστοτέλης，英Aristotl,500,1338,interp
part0089,亚里士多德（Aristoteles，希Ἀριστοτέλης，英Aristotl,318,,skip
part0089,耶柯布（Ludwig Heinrich von Jakob， 1759—1827,14,,skip
part0089,耶可比/雅可比/雅科比/耶柯比/雅科俾（Friedrich Heinrich J,274,1140,term
part0089,耶可比/雅可比/雅科比/耶柯比/雅科俾（Friedrich Heinrich J,374,1226,term
part0089,耶可比/雅可比/雅科比/耶柯比/雅科俾（Friedrich Heinrich J,643,1461,term
part0089,伊璧鸠鲁 （Epikur，英Epicurus，希Ἐπίκουρος；萨摩斯岛，前,455,1291,interp
part0089,伊丽莎白女王（K.nigin Elisabeth I，格林威治1533—1603,278,1146,term1
part0089,约佛罗伊（Thēodore Simon Jouffroy，法国杜省·蓬德特〔贝藏,505,1343,term1
part0089,耶洗别/依则贝耳 （Jesabel）291,291,1155,term1
part0089,以斯帖/艾斯德尔 （Esther）291,291,1155,term1
part0089,尤迪特 （Judith）291,291,1155,term1
part0089,詹（杰）姆士1一世〔英格兰〕六世〔苏格兰〕 （Jakob I，英James I ,1,,none
part0089,詹（杰）姆士1一世〔英格兰〕六世〔苏格兰〕 （Jakob I，英James I ,279,1146,interp
part0089,詹姆士2二世（Jakob II，英James II， 1633—1701法国·圣,2,,none
part0089,詹姆士2二世（Jakob II，英James II， 1633—1701法国·圣,422,1265,interp
part0089,祖尔策/左利策 （Johann Georg Sulzer，瑞士·温特图尔〔苏黎世,530,1362,interp
